+----------------------------------------------------------------------+
|  OpenHands SDK v1.45.0                                               |
|                                                                      |
|  Report a bug: github.com/OpenHands/software-agent-sdk/issues        |
|  Get help: openhands.dev/joinslack                                   |
|  Scale up: openhands.dev/product/sdk                                 |
|                                                                      |
|  Set OPENHANDS_SUPPRESS_BANNER=1 to hide this message                |
+----------------------------------------------------------------------+

[92m10:29:40 - openhands:INFO[0m: server_config.py:50 - Using config class server.config.SaaSServerConfig
{"message": "Tavily API key not configured, skipping Tavily MCP proxy", "severity": "INFO", "module": "mcp_router", "funcName": "init_tavily_proxy", "lineno": 59, "ts": "2026-09-10T14:29:41.508704+00:00"}
Can't instantiate abstract class UserAuthorizerInjector without an implementation for abstract method 'inject'
{"message": "Using default UserAuthorizer", "severity": "INFO", "module": "user_authorizer", "funcName": "depends_user_authorizer", "lineno": 43, "ts": "2026-09-10T14:29:41.618280+00:00"}
{"message": "Started server process [22113]", "severity": "INFO", "module": "server", "funcName": "_serve", "lineno": 92, "color_message": "Started server process [\u001b[36m%d\u001b[0m]", "ts": "2026-09-10T14:29:42.227358+00:00"}
{"message": "Waiting for application startup.", "severity": "INFO", "module": "on", "funcName": "startup", "lineno": 48, "ts": "2026-09-10T14:29:42.227439+00:00"}
{"message": "StreamableHTTP session manager started", "severity": "INFO", "module": "streamable_http_manager", "funcName": "run", "lineno": 128, "ts": "2026-09-10T14:29:42.238139+00:00"}
{"message": "ApiKey.org setup primary join org.id = api_keys.org_id", "severity": "INFO", "module": "relationships", "funcName": "_log_joins", "lineno": 2339, "ts": "2026-09-10T14:29:42.269564+00:00"}
{"message": "ApiKey.org setup secondary join None", "severity": "INFO", "module": "relationships", "funcName": "_log_joins", "lineno": 2340, "ts": "2026-09-10T14:29:42.269669+00:00"}
{"message": "ApiKey.org synchronize pairs [(org.id => api_keys.org_id)]", "severity": "INFO", "module": "relationships", "funcName": "_log_joins", "lineno": 2341, "ts": "2026-09-10T14:29:42.269696+00:00"}
{"message": "ApiKey.org secondary synchronize pairs []", "severity": "INFO", "module": "relationships", "funcName": "_log_joins", "lineno": 2348, "ts": "2026-09-10T14:29:42.269711+00:00"}
{"message": "ApiKey.org local/remote pairs [(api_keys.org_id / org.id)]", "severity": "INFO", "module": "relationships", "funcName": "_log_joins", "lineno": 2356, "ts": "2026-09-10T14:29:42.269724+00:00"}
{"message": "ApiKey.org remote columns [org.id]", "severity": "INFO", "module": "relationships", "funcName": "_log_joins", "lineno": 2363, "ts": "2026-09-10T14:29:42.269744+00:00"}
{"message": "ApiKey.org local columns [api_keys.org_id]", "severity": "INFO", "module": "relationships", "funcName": "_log_joins", "lineno": 2368, "ts": "2026-09-10T14:29:42.269759+00:00"}
{"message": "ApiKey.org relationship direction RelationshipDirection.MANYTOONE", "severity": "INFO", "module": "relationships", "funcName": "_log_joins", "lineno": 2373, "ts": "2026-09-10T14:29:42.269769+00:00"}
{"message": "ApiKey.org lazy loading clause org.id = :param_1", "severity": "INFO", "module": "strategies", "funcName": "__init__", "lineno": 738, "ts": "2026-09-10T14:29:42.269854+00:00"}
{"message": "ApiKey.org will use Session.get() to optimize instance loads", "severity": "INFO", "module": "strategies", "funcName": "__init__", "lineno": 764, "ts": "2026-09-10T14:29:42.269955+00:00"}
{"message": "BillingSession.org setup primary join org.id = billing_sessions.org_id", "severity": "INFO", "module": "relationships", "funcName": "_log_joins", "lineno": 2339, "ts": "2026-09-10T14:29:42.270924+00:00"}
{"message": "BillingSession.org setup secondary join None", "severity": "INFO", "module": "relationships", "funcName": "_log_joins", "lineno": 2340, "ts": "2026-09-10T14:29:42.270969+00:00"}
{"message": "BillingSession.org synchronize pairs [(org.id => billing_sessions.org_id)]", "severity": "INFO", "module": "relationships", "funcName": "_log_joins", "lineno": 2341, "ts": "2026-09-10T14:29:42.270991+00:00"}
{"message": "BillingSession.org secondary synchronize pairs []", "severity": "INFO", "module": "relationships", "funcName": "_log_joins", "lineno": 2348, "ts": "2026-09-10T14:29:42.271002+00:00"}
{"message": "BillingSession.org local/remote pairs [(billing_sessions.org_id / org.id)]", "severity": "INFO", "module": "relationships", "funcName": "_log_joins", "lineno": 2356, "ts": "2026-09-10T14:29:42.271015+00:00"}
{"message": "BillingSession.org remote columns [org.id]", "severity": "INFO", "module": "relationships", "funcName": "_log_joins", "lineno": 2363, "ts": "2026-09-10T14:29:42.271034+00:00"}
{"message": "BillingSession.org local columns [billing_sessions.org_id]", "severity": "INFO", "module": "relationships", "funcName": "_log_joins", "lineno": 2368, "ts": "2026-09-10T14:29:42.271049+00:00"}
{"message": "BillingSession.org relationship direction RelationshipDirection.MANYTOONE", "severity": "INFO", "module": "relationships", "funcName": "_log_joins", "lineno": 2373, "ts": "2026-09-10T14:29:42.271059+00:00"}
{"message": "BillingSession.org lazy loading clause org.id = :param_1", "severity": "INFO", "module": "strategies", "funcName": "__init__", "lineno": 738, "ts": "2026-09-10T14:29:42.271120+00:00"}
{"message": "BillingSession.org will use Session.get() to optimize instance loads", "severity": "INFO", "module": "strategies", "funcName": "__init__", "lineno": 764, "ts": "2026-09-10T14:29:42.271182+00:00"}
{"message": "Org.org_members setup primary join org.id = org_member.org_id", "severity": "INFO", "module": "relationships", "funcName": "_log_joins", "lineno": 2339, "ts": "2026-09-10T14:29:42.274288+00:00"}
{"message": "Org.org_members setup secondary join None", "severity": "INFO", "module": "relationships", "funcName": "_log_joins", "lineno": 2340, "ts": "2026-09-10T14:29:42.274332+00:00"}
{"message": "Org.org_members synchronize pairs [(org.id => org_member.org_id)]", "severity": "INFO", "module": "relationships", "funcName": "_log_joins", "lineno": 2341, "ts": "2026-09-10T14:29:42.274346+00:00"}
{"message": "Org.org_members secondary synchronize pairs []", "severity": "INFO", "module": "relationships", "funcName": "_log_joins", "lineno": 2348, "ts": "2026-09-10T14:29:42.274357+00:00"}
{"message": "Org.org_members local/remote pairs [(org.id / org_member.org_id)]", "severity": "INFO", "module": "relationships", "funcName": "_log_joins", "lineno": 2356, "ts": "2026-09-10T14:29:42.274368+00:00"}
{"message": "Org.org_members remote columns [org_member.org_id]", "severity": "INFO", "module": "relationships", "funcName": "_log_joins", "lineno": 2363, "ts": "2026-09-10T14:29:42.274384+00:00"}
{"message": "Org.org_members local columns [org.id]", "severity": "INFO", "module": "relationships", "funcName": "_log_joins", "lineno": 2368, "ts": "2026-09-10T14:29:42.274396+00:00"}
{"message": "Org.org_members relationship direction RelationshipDirection.ONETOMANY", "severity": "INFO", "module": "relationships", "funcName": "_log_joins", "lineno": 2373, "ts": "2026-09-10T14:29:42.274405+00:00"}
{"message": "Org.org_members lazy loading clause :param_1 = org_member.org_id", "severity": "INFO", "module": "strategies", "funcName": "__init__", "lineno": 738, "ts": "2026-09-10T14:29:42.274449+00:00"}
{"message": "Org.current_users setup primary join org.id = \"user\".current_org_id", "severity": "INFO", "module": "relationships", "funcName": "_log_joins", "lineno": 2339, "ts": "2026-09-10T14:29:42.274640+00:00"}
{"message": "Org.current_users setup secondary join None", "severity": "INFO", "module": "relationships", "funcName": "_log_joins", "lineno": 2340, "ts": "2026-09-10T14:29:42.274672+00:00"}
{"message": "Org.current_users synchronize pairs [(org.id => user.current_org_id)]", "severity": "INFO", "module": "relationships", "funcName": "_log_joins", "lineno": 2341, "ts": "2026-09-10T14:29:42.274685+00:00"}
{"message": "Org.current_users secondary synchronize pairs []", "severity": "INFO", "module": "relationships", "funcName": "_log_joins", "lineno": 2348, "ts": "2026-09-10T14:29:42.274699+00:00"}
{"message": "Org.current_users local/remote pairs [(org.id / user.current_org_id)]", "severity": "INFO", "module": "relationships", "funcName": "_log_joins", "lineno": 2356, "ts": "2026-09-10T14:29:42.274710+00:00"}
{"message": "Org.current_users remote columns [user.current_org_id]", "severity": "INFO", "module": "relationships", "funcName": "_log_joins", "lineno": 2363, "ts": "2026-09-10T14:29:42.274723+00:00"}
{"message": "Org.current_users local columns [org.id]", "severity": "INFO", "module": "relationships", "funcName": "_log_joins", "lineno": 2368, "ts": "2026-09-10T14:29:42.274735+00:00"}
{"message": "Org.current_users relationship direction RelationshipDirection.ONETOMANY", "severity": "INFO", "module": "relationships", "funcName": "_log_joins", "lineno": 2373, "ts": "2026-09-10T14:29:42.274743+00:00"}
{"message": "Org.current_users lazy loading clause :param_1 = \"user\".current_org_id", "severity": "INFO", "module": "strategies", "funcName": "__init__", "lineno": 738, "ts": "2026-09-10T14:29:42.274781+00:00"}
{"message": "Org.invitations setup primary join org.id = org_invitation.org_id", "severity": "INFO", "module": "relationships", "funcName": "_log_joins", "lineno": 2339, "ts": "2026-09-10T14:29:42.274992+00:00"}
{"message": "Org.invitations setup secondary join None", "severity": "INFO", "module": "relationships", "funcName": "_log_joins", "lineno": 2340, "ts": "2026-09-10T14:29:42.275028+00:00"}
{"message": "Org.invitations synchronize pairs [(org.id => org_invitation.org_id)]", "severity": "INFO", "module": "relationships", "funcName": "_log_joins", "lineno": 2341, "ts": "2026-09-10T14:29:42.275043+00:00"}
{"message": "Org.invitations secondary synchronize pairs []", "severity": "INFO", "module": "relationships", "funcName": "_log_joins", "lineno": 2348, "ts": "2026-09-10T14:29:42.275055+00:00"}
{"message": "Org.invitations local/remote pairs [(org.id / org_invitation.org_id)]", "severity": "INFO", "module": "relationships", "funcName": "_log_joins", "lineno": 2356, "ts": "2026-09-10T14:29:42.275065+00:00"}
{"message": "Org.invitations remote columns [org_invitation.org_id]", "severity": "INFO", "module": "relationships", "funcName": "_log_joins", "lineno": 2363, "ts": "2026-09-10T14:29:42.275078+00:00"}
{"message": "Org.invitations local columns [org.id]", "severity": "INFO", "module": "relationships", "funcName": "_log_joins", "lineno": 2368, "ts": "2026-09-10T14:29:42.275092+00:00"}
{"message": "Org.invitations relationship direction RelationshipDirection.ONETOMANY", "severity": "INFO", "module": "relationships", "funcName": "_log_joins", "lineno": 2373, "ts": "2026-09-10T14:29:42.275104+00:00"}
{"message": "Org.invitations lazy loading clause :param_1 = org_invitation.org_id", "severity": "INFO", "module": "strategies", "funcName": "__init__", "lineno": 738, "ts": "2026-09-10T14:29:42.275152+00:00"}
{"message": "Org.billing_sessions setup primary join org.id = billing_sessions.org_id", "severity": "INFO", "module": "relationships", "funcName": "_log_joins", "lineno": 2339, "ts": "2026-09-10T14:29:42.275324+00:00"}
{"message": "Org.billing_sessions setup secondary join None", "severity": "INFO", "module": "relationships", "funcName": "_log_joins", "lineno": 2340, "ts": "2026-09-10T14:29:42.275353+00:00"}
{"message": "Org.billing_sessions synchronize pairs [(org.id => billing_sessions.org_id)]", "severity": "INFO", "module": "relationships", "funcName": "_log_joins", "lineno": 2341, "ts": "2026-09-10T14:29:42.275365+00:00"}
{"message": "Org.billing_sessions secondary synchronize pairs []", "severity": "INFO", "module": "relationships", "funcName": "_log_joins", "lineno": 2348, "ts": "2026-09-10T14:29:42.275376+00:00"}
{"message": "Org.billing_sessions local/remote pairs [(org.id / billing_sessions.org_id)]", "severity": "INFO", "module": "relationships", "funcName": "_log_joins", "lineno": 2356, "ts": "2026-09-10T14:29:42.275386+00:00"}
{"message": "Org.billing_sessions remote columns [billing_sessions.org_id]", "severity": "INFO", "module": "relationships", "funcName": "_log_joins", "lineno": 2363, "ts": "2026-09-10T14:29:42.275401+00:00"}
{"message": "Org.billing_sessions local columns [org.id]", "severity": "INFO", "module": "relationships", "funcName": "_log_joins", "lineno": 2368, "ts": "2026-09-10T14:29:42.275413+00:00"}
{"message": "Org.billing_sessions relationship direction RelationshipDirection.ONETOMANY", "severity": "INFO", "module": "relationships", "funcName": "_log_joins", "lineno": 2373, "ts": "2026-09-10T14:29:42.275421+00:00"}
{"message": "Org.billing_sessions lazy loading clause :param_1 = billing_sessions.org_id", "severity": "INFO", "module": "strategies", "funcName": "__init__", "lineno": 738, "ts": "2026-09-10T14:29:42.275467+00:00"}
{"message": "Org.stored_conversation_metadata_saas setup primary join org.id = conversation_metadata_saas.org_id", "severity": "INFO", "module": "relationships", "funcName": "_log_joins", "lineno": 2339, "ts": "2026-09-10T14:29:42.275632+00:00"}
{"message": "Org.stored_conversation_metadata_saas setup secondary join None", "severity": "INFO", "module": "relationships", "funcName": "_log_joins", "lineno": 2340, "ts": "2026-09-10T14:29:42.275660+00:00"}
{"message": "Org.stored_conversation_metadata_saas synchronize pairs [(org.id => conversation_metadata_saas.org_id)]", "severity": "INFO", "module": "relationships", "funcName": "_log_joins", "lineno": 2341, "ts": "2026-09-10T14:29:42.275672+00:00"}
{"message": "Org.stored_conversation_metadata_saas secondary synchronize pairs []", "severity": "INFO", "module": "relationships", "funcName": "_log_joins", "lineno": 2348, "ts": "2026-09-10T14:29:42.275682+00:00"}
{"message": "Org.stored_conversation_metadata_saas local/remote pairs [(org.id / conversation_metadata_saas.org_id)]", "severity": "INFO", "module": "relationships", "funcName": "_log_joins", "lineno": 2356, "ts": "2026-09-10T14:29:42.275691+00:00"}
{"message": "Org.stored_conversation_metadata_saas remote columns [conversation_metadata_saas.org_id]", "severity": "INFO", "module": "relationships", "funcName": "_log_joins", "lineno": 2363, "ts": "2026-09-10T14:29:42.275703+00:00"}
{"message": "Org.stored_conversation_metadata_saas local columns [org.id]", "severity": "INFO", "module": "relationships", "funcName": "_log_joins", "lineno": 2368, "ts": "2026-09-10T14:29:42.275715+00:00"}
{"message": "Org.stored_conversation_metadata_saas relationship direction RelationshipDirection.ONETOMANY", "severity": "INFO", "module": "relationships", "funcName": "_log_joins", "lineno": 2373, "ts": "2026-09-10T14:29:42.275724+00:00"}
{"message": "Org.stored_conversation_metadata_saas lazy loading clause :param_1 = conversation_metadata_saas.org_id", "severity": "INFO", "module": "strategies", "funcName": "__init__", "lineno": 738, "ts": "2026-09-10T14:29:42.275758+00:00"}
{"message": "Org.user_secrets setup primary join org.id = custom_secrets.org_id", "severity": "INFO", "module": "relationships", "funcName": "_log_joins", "lineno": 2339, "ts": "2026-09-10T14:29:42.275917+00:00"}
{"message": "Org.user_secrets setup secondary join None", "severity": "INFO", "module": "relationships", "funcName": "_log_joins", "lineno": 2340, "ts": "2026-09-10T14:29:42.275944+00:00"}
{"message": "Org.user_secrets synchronize pairs [(org.id => custom_secrets.org_id)]", "severity": "INFO", "module": "relationships", "funcName": "_log_joins", "lineno": 2341, "ts": "2026-09-10T14:29:42.275956+00:00"}
{"message": "Org.user_secrets secondary synchronize pairs []", "severity": "INFO", "module": "relationships", "funcName": "_log_joins", "lineno": 2348, "ts": "2026-09-10T14:29:42.275966+00:00"}
{"message": "Org.user_secrets local/remote pairs [(org.id / custom_secrets.org_id)]", "severity": "INFO", "module": "relationships", "funcName": "_log_joins", "lineno": 2356, "ts": "2026-09-10T14:29:42.275974+00:00"}
{"message": "Org.user_secrets remote columns [custom_secrets.org_id]", "severity": "INFO", "module": "relationships", "funcName": "_log_joins", "lineno": 2363, "ts": "2026-09-10T14:29:42.275991+00:00"}
{"message": "Org.user_secrets local columns [org.id]", "severity": "INFO", "module": "relationships", "funcName": "_log_joins", "lineno": 2368, "ts": "2026-09-10T14:29:42.276002+00:00"}
{"message": "Org.user_secrets relationship direction RelationshipDirection.ONETOMANY", "severity": "INFO", "module": "relationships", "funcName": "_log_joins", "lineno": 2373, "ts": "2026-09-10T14:29:42.276010+00:00"}
{"message": "Org.user_secrets lazy loading clause :param_1 = custom_secrets.org_id", "severity": "INFO", "module": "strategies", "funcName": "__init__", "lineno": 738, "ts": "2026-09-10T14:29:42.276043+00:00"}
{"message": "Org.api_keys setup primary join org.id = api_keys.org_id", "severity": "INFO", "module": "relationships", "funcName": "_log_joins", "lineno": 2339, "ts": "2026-09-10T14:29:42.276198+00:00"}
{"message": "Org.api_keys setup secondary join None", "severity": "INFO", "module": "relationships", "funcName": "_log_joins", "lineno": 2340, "ts": "2026-09-10T14:29:42.276223+00:00"}
{"message": "Org.api_keys synchronize pairs [(org.id => api_keys.org_id)]", "severity": "INFO", "module": "relationships", "funcName": "_log_joins", "lineno": 2341, "ts": "2026-09-10T14:29:42.276235+00:00"}
{"message": "Org.api_keys secondary synchronize pairs []", "severity": "INFO", "module": "relationships", "funcName": "_log_joins", "lineno": 2348, "ts": "2026-09-10T14:29:42.276244+00:00"}
{"message": "Org.api_keys local/remote pairs [(org.id / api_keys.org_id)]", "severity": "INFO", "module": "relationships", "funcName": "_log_joins", "lineno": 2356, "ts": "2026-09-10T14:29:42.276253+00:00"}
{"message": "Org.api_keys remote columns [api_keys.org_id]", "severity": "INFO", "module": "relationships", "funcName": "_log_joins", "lineno": 2363, "ts": "2026-09-10T14:29:42.276265+00:00"}
{"message": "Org.api_keys local columns [org.id]", "severity": "INFO", "module": "relationships", "funcName": "_log_joins", "lineno": 2368, "ts": "2026-09-10T14:29:42.276276+00:00"}
{"message": "Org.api_keys relationship direction RelationshipDirection.ONETOMANY", "severity": "INFO", "module": "relationships", "funcName": "_log_joins", "lineno": 2373, "ts": "2026-09-10T14:29:42.276284+00:00"}
{"message": "Org.api_keys lazy loading clause :param_1 = api_keys.org_id", "severity": "INFO", "module": "strategies", "funcName": "__init__", "lineno": 738, "ts": "2026-09-10T14:29:42.276326+00:00"}
{"message": "Org.slack_conversations setup primary join org.id = slack_conversation.org_id", "severity": "INFO", "module": "relationships", "funcName": "_log_joins", "lineno": 2339, "ts": "2026-09-10T14:29:42.276482+00:00"}
{"message": "Org.slack_conversations setup secondary join None", "severity": "INFO", "module": "relationships", "funcName": "_log_joins", "lineno": 2340, "ts": "2026-09-10T14:29:42.276510+00:00"}
{"message": "Org.slack_conversations synchronize pairs [(org.id => slack_conversation.org_id)]", "severity": "INFO", "module": "relationships", "funcName": "_log_joins", "lineno": 2341, "ts": "2026-09-10T14:29:42.276522+00:00"}
{"message": "Org.slack_conversations secondary synchronize pairs []", "severity": "INFO", "module": "relationships", "funcName": "_log_joins", "lineno": 2348, "ts": "2026-09-10T14:29:42.276531+00:00"}
{"message": "Org.slack_conversations local/remote pairs [(org.id / slack_conversation.org_id)]", "severity": "INFO", "module": "relationships", "funcName": "_log_joins", "lineno": 2356, "ts": "2026-09-10T14:29:42.276540+00:00"}
{"message": "Org.slack_conversations remote columns [slack_conversation.org_id]", "severity": "INFO", "module": "relationships", "funcName": "_log_joins", "lineno": 2363, "ts": "2026-09-10T14:29:42.276553+00:00"}
{"message": "Org.slack_conversations local columns [org.id]", "severity": "INFO", "module": "relationships", "funcName": "_log_joins", "lineno": 2368, "ts": "2026-09-10T14:29:42.276564+00:00"}
{"message": "Org.slack_conversations relationship direction RelationshipDirection.ONETOMANY", "severity": "INFO", "module": "relationships", "funcName": "_log_joins", "lineno": 2373, "ts": "2026-09-10T14:29:42.276571+00:00"}
{"message": "Org.slack_conversations lazy loading clause :param_1 = slack_conversation.org_id", "severity": "INFO", "module": "strategies", "funcName": "__init__", "lineno": 738, "ts": "2026-09-10T14:29:42.276610+00:00"}
{"message": "Org.slack_users setup primary join org.id = slack_users.org_id", "severity": "INFO", "module": "relationships", "funcName": "_log_joins", "lineno": 2339, "ts": "2026-09-10T14:29:42.276775+00:00"}
{"message": "Org.slack_users setup secondary join None", "severity": "INFO", "module": "relationships", "funcName": "_log_joins", "lineno": 2340, "ts": "2026-09-10T14:29:42.276806+00:00"}
{"message": "Org.slack_users synchronize pairs [(org.id => slack_users.org_id)]", "severity": "INFO", "module": "relationships", "funcName": "_log_joins", "lineno": 2341, "ts": "2026-09-10T14:29:42.276817+00:00"}
{"message": "Org.slack_users secondary synchronize pairs []", "severity": "INFO", "module": "relationships", "funcName": "_log_joins", "lineno": 2348, "ts": "2026-09-10T14:29:42.276827+00:00"}
{"message": "Org.slack_users local/remote pairs [(org.id / slack_users.org_id)]", "severity": "INFO", "module": "relationships", "funcName": "_log_joins", "lineno": 2356, "ts": "2026-09-10T14:29:42.276836+00:00"}
{"message": "Org.slack_users remote columns [slack_users.org_id]", "severity": "INFO", "module": "relationships", "funcName": "_log_joins", "lineno": 2363, "ts": "2026-09-10T14:29:42.276848+00:00"}
{"message": "Org.slack_users local columns [org.id]", "severity": "INFO", "module": "relationships", "funcName": "_log_joins", "lineno": 2368, "ts": "2026-09-10T14:29:42.276860+00:00"}
{"message": "Org.slack_users relationship direction RelationshipDirection.ONETOMANY", "severity": "INFO", "module": "relationships", "funcName": "_log_joins", "lineno": 2373, "ts": "2026-09-10T14:29:42.276870+00:00"}
{"message": "Org.slack_users lazy loading clause :param_1 = slack_users.org_id", "severity": "INFO", "module": "strategies", "funcName": "__init__", "lineno": 738, "ts": "2026-09-10T14:29:42.276904+00:00"}
{"message": "Org.stripe_customers setup primary join org.id = stripe_customers.org_id", "severity": "INFO", "module": "relationships", "funcName": "_log_joins", "lineno": 2339, "ts": "2026-09-10T14:29:42.277060+00:00"}
{"message": "Org.stripe_customers setup secondary join None", "severity": "INFO", "module": "relationships", "funcName": "_log_joins", "lineno": 2340, "ts": "2026-09-10T14:29:42.277086+00:00"}
{"message": "Org.stripe_customers synchronize pairs [(org.id => stripe_customers.org_id)]", "severity": "INFO", "module": "relationships", "funcName": "_log_joins", "lineno": 2341, "ts": "2026-09-10T14:29:42.277098+00:00"}
{"message": "Org.stripe_customers secondary synchronize pairs []", "severity": "INFO", "module": "relationships", "funcName": "_log_joins", "lineno": 2348, "ts": "2026-09-10T14:29:42.277107+00:00"}
{"message": "Org.stripe_customers local/remote pairs [(org.id / stripe_customers.org_id)]", "severity": "INFO", "module": "relationships", "funcName": "_log_joins", "lineno": 2356, "ts": "2026-09-10T14:29:42.277116+00:00"}
{"message": "Org.stripe_customers remote columns [stripe_customers.org_id]", "severity": "INFO", "module": "relationships", "funcName": "_log_joins", "lineno": 2363, "ts": "2026-09-10T14:29:42.277128+00:00"}
{"message": "Org.stripe_customers local columns [org.id]", "severity": "INFO", "module": "relationships", "funcName": "_log_joins", "lineno": 2368, "ts": "2026-09-10T14:29:42.277139+00:00"}
{"message": "Org.stripe_customers relationship direction RelationshipDirection.ONETOMANY", "severity": "INFO", "module": "relationships", "funcName": "_log_joins", "lineno": 2373, "ts": "2026-09-10T14:29:42.277147+00:00"}
{"message": "Org.stripe_customers lazy loading clause :param_1 = stripe_customers.org_id", "severity": "INFO", "module": "strategies", "funcName": "__init__", "lineno": 738, "ts": "2026-09-10T14:29:42.277180+00:00"}
{"message": "Org.git_claims setup primary join org.id = org_git_claim.org_id", "severity": "INFO", "module": "relationships", "funcName": "_log_joins", "lineno": 2339, "ts": "2026-09-10T14:29:42.277341+00:00"}
{"message": "Org.git_claims setup secondary join None", "severity": "INFO", "module": "relationships", "funcName": "_log_joins", "lineno": 2340, "ts": "2026-09-10T14:29:42.277368+00:00"}
{"message": "Org.git_claims synchronize pairs [(org.id => org_git_claim.org_id)]", "severity": "INFO", "module": "relationships", "funcName": "_log_joins", "lineno": 2341, "ts": "2026-09-10T14:29:42.277382+00:00"}
{"message": "Org.git_claims secondary synchronize pairs []", "severity": "INFO", "module": "relationships", "funcName": "_log_joins", "lineno": 2348, "ts": "2026-09-10T14:29:42.277394+00:00"}
{"message": "Org.git_claims local/remote pairs [(org.id / org_git_claim.org_id)]", "severity": "INFO", "module": "relationships", "funcName": "_log_joins", "lineno": 2356, "ts": "2026-09-10T14:29:42.277406+00:00"}
{"message": "Org.git_claims remote columns [org_git_claim.org_id]", "severity": "INFO", "module": "relationships", "funcName": "_log_joins", "lineno": 2363, "ts": "2026-09-10T14:29:42.277419+00:00"}
{"message": "Org.git_claims local columns [org.id]", "severity": "INFO", "module": "relationships", "funcName": "_log_joins", "lineno": 2368, "ts": "2026-09-10T14:29:42.277430+00:00"}
{"message": "Org.git_claims relationship direction RelationshipDirection.ONETOMANY", "severity": "INFO", "module": "relationships", "funcName": "_log_joins", "lineno": 2373, "ts": "2026-09-10T14:29:42.277438+00:00"}
{"message": "Org.git_claims lazy loading clause :param_1 = org_git_claim.org_id", "severity": "INFO", "module": "strategies", "funcName": "__init__", "lineno": 738, "ts": "2026-09-10T14:29:42.277562+00:00"}
{"message": "OrgGitClaim.org setup primary join org.id = org_git_claim.org_id", "severity": "INFO", "module": "relationships", "funcName": "_log_joins", "lineno": 2339, "ts": "2026-09-10T14:29:42.278340+00:00"}
{"message": "OrgGitClaim.org setup secondary join None", "severity": "INFO", "module": "relationships", "funcName": "_log_joins", "lineno": 2340, "ts": "2026-09-10T14:29:42.278368+00:00"}
{"message": "OrgGitClaim.org synchronize pairs [(org.id => org_git_claim.org_id)]", "severity": "INFO", "module": "relationships", "funcName": "_log_joins", "lineno": 2341, "ts": "2026-09-10T14:29:42.278381+00:00"}
{"message": "OrgGitClaim.org secondary synchronize pairs []", "severity": "INFO", "module": "relationships", "funcName": "_log_joins", "lineno": 2348, "ts": "2026-09-10T14:29:42.278390+00:00"}
{"message": "OrgGitClaim.org local/remote pairs [(org_git_claim.org_id / org.id)]", "severity": "INFO", "module": "relationships", "funcName": "_log_joins", "lineno": 2356, "ts": "2026-09-10T14:29:42.278399+00:00"}
{"message": "OrgGitClaim.org remote columns [org.id]", "severity": "INFO", "module": "relationships", "funcName": "_log_joins", "lineno": 2363, "ts": "2026-09-10T14:29:42.278412+00:00"}
{"message": "OrgGitClaim.org local columns [org_git_claim.org_id]", "severity": "INFO", "module": "relationships", "funcName": "_log_joins", "lineno": 2368, "ts": "2026-09-10T14:29:42.278423+00:00"}
{"message": "OrgGitClaim.org relationship direction RelationshipDirection.MANYTOONE", "severity": "INFO", "module": "relationships", "funcName": "_log_joins", "lineno": 2373, "ts": "2026-09-10T14:29:42.278431+00:00"}
{"message": "OrgGitClaim.org lazy loading clause org.id = :param_1", "severity": "INFO", "module": "strategies", "funcName": "__init__", "lineno": 738, "ts": "2026-09-10T14:29:42.278481+00:00"}
{"message": "OrgGitClaim.org will use Session.get() to optimize instance loads", "severity": "INFO", "module": "strategies", "funcName": "__init__", "lineno": 764, "ts": "2026-09-10T14:29:42.278546+00:00"}
{"message": "OrgInvitation.org setup primary join org.id = org_invitation.org_id", "severity": "INFO", "module": "relationships", "funcName": "_log_joins", "lineno": 2339, "ts": "2026-09-10T14:29:42.278837+00:00"}
{"message": "OrgInvitation.org setup secondary join None", "severity": "INFO", "module": "relationships", "funcName": "_log_joins", "lineno": 2340, "ts": "2026-09-10T14:29:42.278894+00:00"}
{"message": "OrgInvitation.org synchronize pairs [(org.id => org_invitation.org_id)]", "severity": "INFO", "module": "relationships", "funcName": "_log_joins", "lineno": 2341, "ts": "2026-09-10T14:29:42.278914+00:00"}
{"message": "OrgInvitation.org secondary synchronize pairs []", "severity": "INFO", "module": "relationships", "funcName": "_log_joins", "lineno": 2348, "ts": "2026-09-10T14:29:42.278928+00:00"}
{"message": "OrgInvitation.org local/remote pairs [(org_invitation.org_id / org.id)]", "severity": "INFO", "module": "relationships", "funcName": "_log_joins", "lineno": 2356, "ts": "2026-09-10T14:29:42.278939+00:00"}
{"message": "OrgInvitation.org remote columns [org.id]", "severity": "INFO", "module": "relationships", "funcName": "_log_joins", "lineno": 2363, "ts": "2026-09-10T14:29:42.278954+00:00"}
{"message": "OrgInvitation.org local columns [org_invitation.org_id]", "severity": "INFO", "module": "relationships", "funcName": "_log_joins", "lineno": 2368, "ts": "2026-09-10T14:29:42.278968+00:00"}
{"message": "OrgInvitation.org relationship direction RelationshipDirection.MANYTOONE", "severity": "INFO", "module": "relationships", "funcName": "_log_joins", "lineno": 2373, "ts": "2026-09-10T14:29:42.278977+00:00"}
{"message": "OrgInvitation.org lazy loading clause org.id = :param_1", "severity": "INFO", "module": "strategies", "funcName": "__init__", "lineno": 738, "ts": "2026-09-10T14:29:42.279037+00:00"}
{"message": "OrgInvitation.org will use Session.get() to optimize instance loads", "severity": "INFO", "module": "strategies", "funcName": "__init__", "lineno": 764, "ts": "2026-09-10T14:29:42.279102+00:00"}
{"message": "OrgInvitation.role setup primary join role.id = org_invitation.role_id", "severity": "INFO", "module": "relationships", "funcName": "_log_joins", "lineno": 2339, "ts": "2026-09-10T14:29:42.279291+00:00"}
{"message": "OrgInvitation.role setup secondary join None", "severity": "INFO", "module": "relationships", "funcName": "_log_joins", "lineno": 2340, "ts": "2026-09-10T14:29:42.279327+00:00"}
{"message": "OrgInvitation.role synchronize pairs [(role.id => org_invitation.role_id)]", "severity": "INFO", "module": "relationships", "funcName": "_log_joins", "lineno": 2341, "ts": "2026-09-10T14:29:42.279341+00:00"}
{"message": "OrgInvitation.role secondary synchronize pairs []", "severity": "INFO", "module": "relationships", "funcName": "_log_joins", "lineno": 2348, "ts": "2026-09-10T14:29:42.279350+00:00"}
{"message": "OrgInvitation.role local/remote pairs [(org_invitation.role_id / role.id)]", "severity": "INFO", "module": "relationships", "funcName": "_log_joins", "lineno": 2356, "ts": "2026-09-10T14:29:42.279360+00:00"}
{"message": "OrgInvitation.role remote columns [role.id]", "severity": "INFO", "module": "relationships", "funcName": "_log_joins", "lineno": 2363, "ts": "2026-09-10T14:29:42.279372+00:00"}
{"message": "OrgInvitation.role local columns [org_invitation.role_id]", "severity": "INFO", "module": "relationships", "funcName": "_log_joins", "lineno": 2368, "ts": "2026-09-10T14:29:42.279385+00:00"}
{"message": "OrgInvitation.role relationship direction RelationshipDirection.MANYTOONE", "severity": "INFO", "module": "relationships", "funcName": "_log_joins", "lineno": 2373, "ts": "2026-09-10T14:29:42.279393+00:00"}
{"message": "OrgInvitation.role lazy loading clause role.id = :param_1", "severity": "INFO", "module": "strategies", "funcName": "__init__", "lineno": 738, "ts": "2026-09-10T14:29:42.279429+00:00"}
{"message": "OrgInvitation.role will use Session.get() to optimize instance loads", "severity": "INFO", "module": "strategies", "funcName": "__init__", "lineno": 764, "ts": "2026-09-10T14:29:42.279493+00:00"}
{"message": "OrgInvitation.inviter setup primary join \"user\".id = org_invitation.inviter_id", "severity": "INFO", "module": "relationships", "funcName": "_log_joins", "lineno": 2339, "ts": "2026-09-10T14:29:42.279651+00:00"}
{"message": "OrgInvitation.inviter setup secondary join None", "severity": "INFO", "module": "relationships", "funcName": "_log_joins", "lineno": 2340, "ts": "2026-09-10T14:29:42.279691+00:00"}
{"message": "OrgInvitation.inviter synchronize pairs [(user.id => org_invitation.inviter_id)]", "severity": "INFO", "module": "relationships", "funcName": "_log_joins", "lineno": 2341, "ts": "2026-09-10T14:29:42.279704+00:00"}
{"message": "OrgInvitation.inviter secondary synchronize pairs []", "severity": "INFO", "module": "relationships", "funcName": "_log_joins", "lineno": 2348, "ts": "2026-09-10T14:29:42.279714+00:00"}
{"message": "OrgInvitation.inviter local/remote pairs [(org_invitation.inviter_id / user.id)]", "severity": "INFO", "module": "relationships", "funcName": "_log_joins", "lineno": 2356, "ts": "2026-09-10T14:29:42.279724+00:00"}
{"message": "OrgInvitation.inviter remote columns [user.id]", "severity": "INFO", "module": "relationships", "funcName": "_log_joins", "lineno": 2363, "ts": "2026-09-10T14:29:42.279736+00:00"}
{"message": "OrgInvitation.inviter local columns [org_invitation.inviter_id]", "severity": "INFO", "module": "relationships", "funcName": "_log_joins", "lineno": 2368, "ts": "2026-09-10T14:29:42.279748+00:00"}
{"message": "OrgInvitation.inviter relationship direction RelationshipDirection.MANYTOONE", "severity": "INFO", "module": "relationships", "funcName": "_log_joins", "lineno": 2373, "ts": "2026-09-10T14:29:42.279756+00:00"}
{"message": "OrgInvitation.inviter lazy loading clause \"user\".id = :param_1", "severity": "INFO", "module": "strategies", "funcName": "__init__", "lineno": 738, "ts": "2026-09-10T14:29:42.279789+00:00"}
{"message": "OrgInvitation.inviter will use Session.get() to optimize instance loads", "severity": "INFO", "module": "strategies", "funcName": "__init__", "lineno": 764, "ts": "2026-09-10T14:29:42.279846+00:00"}
{"message": "OrgInvitation.accepted_by_user setup primary join \"user\".id = org_invitation.accepted_by_user_id", "severity": "INFO", "module": "relationships", "funcName": "_log_joins", "lineno": 2339, "ts": "2026-09-10T14:29:42.279980+00:00"}
{"message": "OrgInvitation.accepted_by_user setup secondary join None", "severity": "INFO", "module": "relationships", "funcName": "_log_joins", "lineno": 2340, "ts": "2026-09-10T14:29:42.280008+00:00"}
{"message": "OrgInvitation.accepted_by_user synchronize pairs [(user.id => org_invitation.accepted_by_user_id)]", "severity": "INFO", "module": "relationships", "funcName": "_log_joins", "lineno": 2341, "ts": "2026-09-10T14:29:42.280020+00:00"}
{"message": "OrgInvitation.accepted_by_user secondary synchronize pairs []", "severity": "INFO", "module": "relationships", "funcName": "_log_joins", "lineno": 2348, "ts": "2026-09-10T14:29:42.280030+00:00"}
{"message": "OrgInvitation.accepted_by_user local/remote pairs [(org_invitation.accepted_by_user_id / user.id)]", "severity": "INFO", "module": "relationships", "funcName": "_log_joins", "lineno": 2356, "ts": "2026-09-10T14:29:42.280039+00:00"}
{"message": "OrgInvitation.accepted_by_user remote columns [user.id]", "severity": "INFO", "module": "relationships", "funcName": "_log_joins", "lineno": 2363, "ts": "2026-09-10T14:29:42.280052+00:00"}
{"message": "OrgInvitation.accepted_by_user local columns [org_invitation.accepted_by_user_id]", "severity": "INFO", "module": "relationships", "funcName": "_log_joins", "lineno": 2368, "ts": "2026-09-10T14:29:42.280064+00:00"}
{"message": "OrgInvitation.accepted_by_user relationship direction RelationshipDirection.MANYTOONE", "severity": "INFO", "module": "relationships", "funcName": "_log_joins", "lineno": 2373, "ts": "2026-09-10T14:29:42.280072+00:00"}
{"message": "OrgInvitation.accepted_by_user lazy loading clause \"user\".id = :param_1", "severity": "INFO", "module": "strategies", "funcName": "__init__", "lineno": 738, "ts": "2026-09-10T14:29:42.280104+00:00"}
{"message": "OrgInvitation.accepted_by_user will use Session.get() to optimize instance loads", "severity": "INFO", "module": "strategies", "funcName": "__init__", "lineno": 764, "ts": "2026-09-10T14:29:42.280148+00:00"}
{"message": "OrgMember.org setup primary join org.id = org_member.org_id", "severity": "INFO", "module": "relationships", "funcName": "_log_joins", "lineno": 2339, "ts": "2026-09-10T14:29:42.280529+00:00"}
{"message": "OrgMember.org setup secondary join None", "severity": "INFO", "module": "relationships", "funcName": "_log_joins", "lineno": 2340, "ts": "2026-09-10T14:29:42.280559+00:00"}
{"message": "OrgMember.org synchronize pairs [(org.id => org_member.org_id)]", "severity": "INFO", "module": "relationships", "funcName": "_log_joins", "lineno": 2341, "ts": "2026-09-10T14:29:42.280572+00:00"}
{"message": "OrgMember.org secondary synchronize pairs []", "severity": "INFO", "module": "relationships", "funcName": "_log_joins", "lineno": 2348, "ts": "2026-09-10T14:29:42.280582+00:00"}
{"message": "OrgMember.org local/remote pairs [(org_member.org_id / org.id)]", "severity": "INFO", "module": "relationships", "funcName": "_log_joins", "lineno": 2356, "ts": "2026-09-10T14:29:42.280591+00:00"}
{"message": "OrgMember.org remote columns [org.id]", "severity": "INFO", "module": "relationships", "funcName": "_log_joins", "lineno": 2363, "ts": "2026-09-10T14:29:42.280603+00:00"}
{"message": "OrgMember.org local columns [org_member.org_id]", "severity": "INFO", "module": "relationships", "funcName": "_log_joins", "lineno": 2368, "ts": "2026-09-10T14:29:42.280615+00:00"}
{"message": "OrgMember.org relationship direction RelationshipDirection.MANYTOONE", "severity": "INFO", "module": "relationships", "funcName": "_log_joins", "lineno": 2373, "ts": "2026-09-10T14:29:42.280623+00:00"}
{"message": "OrgMember.org lazy loading clause org.id = :param_1", "severity": "INFO", "module": "strategies", "funcName": "__init__", "lineno": 738, "ts": "2026-09-10T14:29:42.280670+00:00"}
{"message": "OrgMember.org will use Session.get() to optimize instance loads", "severity": "INFO", "module": "strategies", "funcName": "__init__", "lineno": 764, "ts": "2026-09-10T14:29:42.280727+00:00"}
{"message": "OrgMember.user setup primary join \"user\".id = org_member.user_id", "severity": "INFO", "module": "relationships", "funcName": "_log_joins", "lineno": 2339, "ts": "2026-09-10T14:29:42.280915+00:00"}
{"message": "OrgMember.user setup secondary join None", "severity": "INFO", "module": "relationships", "funcName": "_log_joins", "lineno": 2340, "ts": "2026-09-10T14:29:42.280942+00:00"}
{"message": "OrgMember.user synchronize pairs [(user.id => org_member.user_id)]", "severity": "INFO", "module": "relationships", "funcName": "_log_joins", "lineno": 2341, "ts": "2026-09-10T14:29:42.280955+00:00"}
{"message": "OrgMember.user secondary synchronize pairs []", "severity": "INFO", "module": "relationships", "funcName": "_log_joins", "lineno": 2348, "ts": "2026-09-10T14:29:42.280964+00:00"}
{"message": "OrgMember.user local/remote pairs [(org_member.user_id / user.id)]", "severity": "INFO", "module": "relationships", "funcName": "_log_joins", "lineno": 2356, "ts": "2026-09-10T14:29:42.280973+00:00"}
{"message": "OrgMember.user remote columns [user.id]", "severity": "INFO", "module": "relationships", "funcName": "_log_joins", "lineno": 2363, "ts": "2026-09-10T14:29:42.280985+00:00"}
{"message": "OrgMember.user local columns [org_member.user_id]", "severity": "INFO", "module": "relationships", "funcName": "_log_joins", "lineno": 2368, "ts": "2026-09-10T14:29:42.280997+00:00"}
{"message": "OrgMember.user relationship direction RelationshipDirection.MANYTOONE", "severity": "INFO", "module": "relationships", "funcName": "_log_joins", "lineno": 2373, "ts": "2026-09-10T14:29:42.281005+00:00"}
{"message": "OrgMember.user lazy loading clause \"user\".id = :param_1", "severity": "INFO", "module": "strategies", "funcName": "__init__", "lineno": 738, "ts": "2026-09-10T14:29:42.281044+00:00"}
{"message": "OrgMember.user will use Session.get() to optimize instance loads", "severity": "INFO", "module": "strategies", "funcName": "__init__", "lineno": 764, "ts": "2026-09-10T14:29:42.281087+00:00"}
{"message": "OrgMember.role setup primary join role.id = org_member.role_id", "severity": "INFO", "module": "relationships", "funcName": "_log_joins", "lineno": 2339, "ts": "2026-09-10T14:29:42.281228+00:00"}
{"message": "OrgMember.role setup secondary join None", "severity": "INFO", "module": "relationships", "funcName": "_log_joins", "lineno": 2340, "ts": "2026-09-10T14:29:42.281254+00:00"}
{"message": "OrgMember.role synchronize pairs [(role.id => org_member.role_id)]", "severity": "INFO", "module": "relationships", "funcName": "_log_joins", "lineno": 2341, "ts": "2026-09-10T14:29:42.281265+00:00"}
{"message": "OrgMember.role secondary synchronize pairs []", "severity": "INFO", "module": "relationships", "funcName": "_log_joins", "lineno": 2348, "ts": "2026-09-10T14:29:42.281275+00:00"}
{"message": "OrgMember.role local/remote pairs [(org_member.role_id / role.id)]", "severity": "INFO", "module": "relationships", "funcName": "_log_joins", "lineno": 2356, "ts": "2026-09-10T14:29:42.281283+00:00"}
{"message": "OrgMember.role remote columns [role.id]", "severity": "INFO", "module": "relationships", "funcName": "_log_joins", "lineno": 2363, "ts": "2026-09-10T14:29:42.281295+00:00"}
{"message": "OrgMember.role local columns [org_member.role_id]", "severity": "INFO", "module": "relationships", "funcName": "_log_joins", "lineno": 2368, "ts": "2026-09-10T14:29:42.281306+00:00"}
{"message": "OrgMember.role relationship direction RelationshipDirection.MANYTOONE", "severity": "INFO", "module": "relationships", "funcName": "_log_joins", "lineno": 2373, "ts": "2026-09-10T14:29:42.281313+00:00"}
{"message": "OrgMember.role lazy loading clause role.id = :param_1", "severity": "INFO", "module": "strategies", "funcName": "__init__", "lineno": 738, "ts": "2026-09-10T14:29:42.281349+00:00"}
{"message": "OrgMember.role will use Session.get() to optimize instance loads", "severity": "INFO", "module": "strategies", "funcName": "__init__", "lineno": 764, "ts": "2026-09-10T14:29:42.281392+00:00"}
{"message": "QuotaIncreaseRequest.user setup primary join \"user\".id = quota_increase_request.user_id", "severity": "INFO", "module": "relationships", "funcName": "_log_joins", "lineno": 2339, "ts": "2026-09-10T14:29:42.281855+00:00"}
{"message": "QuotaIncreaseRequest.user setup secondary join None", "severity": "INFO", "module": "relationships", "funcName": "_log_joins", "lineno": 2340, "ts": "2026-09-10T14:29:42.281886+00:00"}
{"message": "QuotaIncreaseRequest.user synchronize pairs [(user.id => quota_increase_request.user_id)]", "severity": "INFO", "module": "relationships", "funcName": "_log_joins", "lineno": 2341, "ts": "2026-09-10T14:29:42.281898+00:00"}
{"message": "QuotaIncreaseRequest.user secondary synchronize pairs []", "severity": "INFO", "module": "relationships", "funcName": "_log_joins", "lineno": 2348, "ts": "2026-09-10T14:29:42.281908+00:00"}
{"message": "QuotaIncreaseRequest.user local/remote pairs [(quota_increase_request.user_id / user.id)]", "severity": "INFO", "module": "relationships", "funcName": "_log_joins", "lineno": 2356, "ts": "2026-09-10T14:29:42.281917+00:00"}
{"message": "QuotaIncreaseRequest.user remote columns [user.id]", "severity": "INFO", "module": "relationships", "funcName": "_log_joins", "lineno": 2363, "ts": "2026-09-10T14:29:42.281929+00:00"}
{"message": "QuotaIncreaseRequest.user local columns [quota_increase_request.user_id]", "severity": "INFO", "module": "relationships", "funcName": "_log_joins", "lineno": 2368, "ts": "2026-09-10T14:29:42.281941+00:00"}
{"message": "QuotaIncreaseRequest.user relationship direction RelationshipDirection.MANYTOONE", "severity": "INFO", "module": "relationships", "funcName": "_log_joins", "lineno": 2373, "ts": "2026-09-10T14:29:42.281950+00:00"}
{"message": "QuotaIncreaseRequest.user lazy loading clause \"user\".id = :param_1", "severity": "INFO", "module": "strategies", "funcName": "__init__", "lineno": 738, "ts": "2026-09-10T14:29:42.281984+00:00"}
{"message": "QuotaIncreaseRequest.user will use Session.get() to optimize instance loads", "severity": "INFO", "module": "strategies", "funcName": "__init__", "lineno": 764, "ts": "2026-09-10T14:29:42.282027+00:00"}
{"message": "Role.users setup primary join role.id = \"user\".role_id", "severity": "INFO", "module": "relationships", "funcName": "_log_joins", "lineno": 2339, "ts": "2026-09-10T14:29:42.282409+00:00"}
{"message": "Role.users setup secondary join None", "severity": "INFO", "module": "relationships", "funcName": "_log_joins", "lineno": 2340, "ts": "2026-09-10T14:29:42.282438+00:00"}
{"message": "Role.users synchronize pairs [(role.id => user.role_id)]", "severity": "INFO", "module": "relationships", "funcName": "_log_joins", "lineno": 2341, "ts": "2026-09-10T14:29:42.282451+00:00"}
{"message": "Role.users secondary synchronize pairs []", "severity": "INFO", "module": "relationships", "funcName": "_log_joins", "lineno": 2348, "ts": "2026-09-10T14:29:42.282461+00:00"}
{"message": "Role.users local/remote pairs [(role.id / user.role_id)]", "severity": "INFO", "module": "relationships", "funcName": "_log_joins", "lineno": 2356, "ts": "2026-09-10T14:29:42.282470+00:00"}
{"message": "Role.users remote columns [user.role_id]", "severity": "INFO", "module": "relationships", "funcName": "_log_joins", "lineno": 2363, "ts": "2026-09-10T14:29:42.282482+00:00"}
{"message": "Role.users local columns [role.id]", "severity": "INFO", "module": "relationships", "funcName": "_log_joins", "lineno": 2368, "ts": "2026-09-10T14:29:42.282493+00:00"}
{"message": "Role.users relationship direction RelationshipDirection.ONETOMANY", "severity": "INFO", "module": "relationships", "funcName": "_log_joins", "lineno": 2373, "ts": "2026-09-10T14:29:42.282501+00:00"}
{"message": "Role.users lazy loading clause :param_1 = \"user\".role_id", "severity": "INFO", "module": "strategies", "funcName": "__init__", "lineno": 738, "ts": "2026-09-10T14:29:42.282538+00:00"}
{"message": "Role.org_members setup primary join role.id = org_member.role_id", "severity": "INFO", "module": "relationships", "funcName": "_log_joins", "lineno": 2339, "ts": "2026-09-10T14:29:42.282718+00:00"}
{"message": "Role.org_members setup secondary join None", "severity": "INFO", "module": "relationships", "funcName": "_log_joins", "lineno": 2340, "ts": "2026-09-10T14:29:42.282747+00:00"}
{"message": "Role.org_members synchronize pairs [(role.id => org_member.role_id)]", "severity": "INFO", "module": "relationships", "funcName": "_log_joins", "lineno": 2341, "ts": "2026-09-10T14:29:42.282758+00:00"}
{"message": "Role.org_members secondary synchronize pairs []", "severity": "INFO", "module": "relationships", "funcName": "_log_joins", "lineno": 2348, "ts": "2026-09-10T14:29:42.282768+00:00"}
{"message": "Role.org_members local/remote pairs [(role.id / org_member.role_id)]", "severity": "INFO", "module": "relationships", "funcName": "_log_joins", "lineno": 2356, "ts": "2026-09-10T14:29:42.282777+00:00"}
{"message": "Role.org_members remote columns [org_member.role_id]", "severity": "INFO", "module": "relationships", "funcName": "_log_joins", "lineno": 2363, "ts": "2026-09-10T14:29:42.282788+00:00"}
{"message": "Role.org_members local columns [role.id]", "severity": "INFO", "module": "relationships", "funcName": "_log_joins", "lineno": 2368, "ts": "2026-09-10T14:29:42.282799+00:00"}
{"message": "Role.org_members relationship direction RelationshipDirection.ONETOMANY", "severity": "INFO", "module": "relationships", "funcName": "_log_joins", "lineno": 2373, "ts": "2026-09-10T14:29:42.282807+00:00"}
{"message": "Role.org_members lazy loading clause :param_1 = org_member.role_id", "severity": "INFO", "module": "strategies", "funcName": "__init__", "lineno": 738, "ts": "2026-09-10T14:29:42.282848+00:00"}
{"message": "SlackConversation.org setup primary join org.id = slack_conversation.org_id", "severity": "INFO", "module": "relationships", "funcName": "_log_joins", "lineno": 2339, "ts": "2026-09-10T14:29:42.283054+00:00"}
{"message": "SlackConversation.org setup secondary join None", "severity": "INFO", "module": "relationships", "funcName": "_log_joins", "lineno": 2340, "ts": "2026-09-10T14:29:42.283083+00:00"}
{"message": "SlackConversation.org synchronize pairs [(org.id => slack_conversation.org_id)]", "severity": "INFO", "module": "relationships", "funcName": "_log_joins", "lineno": 2341, "ts": "2026-09-10T14:29:42.283101+00:00"}
{"message": "SlackConversation.org secondary synchronize pairs []", "severity": "INFO", "module": "relationships", "funcName": "_log_joins", "lineno": 2348, "ts": "2026-09-10T14:29:42.283110+00:00"}
{"message": "SlackConversation.org local/remote pairs [(slack_conversation.org_id / org.id)]", "severity": "INFO", "module": "relationships", "funcName": "_log_joins", "lineno": 2356, "ts": "2026-09-10T14:29:42.283119+00:00"}
{"message": "SlackConversation.org remote columns [org.id]", "severity": "INFO", "module": "relationships", "funcName": "_log_joins", "lineno": 2363, "ts": "2026-09-10T14:29:42.283131+00:00"}
{"message": "SlackConversation.org local columns [slack_conversation.org_id]", "severity": "INFO", "module": "relationships", "funcName": "_log_joins", "lineno": 2368, "ts": "2026-09-10T14:29:42.283142+00:00"}
{"message": "SlackConversation.org relationship direction RelationshipDirection.MANYTOONE", "severity": "INFO", "module": "relationships", "funcName": "_log_joins", "lineno": 2373, "ts": "2026-09-10T14:29:42.283149+00:00"}
{"message": "SlackConversation.org lazy loading clause org.id = :param_1", "severity": "INFO", "module": "strategies", "funcName": "__init__", "lineno": 738, "ts": "2026-09-10T14:29:42.283289+00:00"}
{"message": "SlackConversation.org will use Session.get() to optimize instance loads", "severity": "INFO", "module": "strategies", "funcName": "__init__", "lineno": 764, "ts": "2026-09-10T14:29:42.283341+00:00"}
{"message": "SlackUser.org setup primary join org.id = slack_users.org_id", "severity": "INFO", "module": "relationships", "funcName": "_log_joins", "lineno": 2339, "ts": "2026-09-10T14:29:42.283624+00:00"}
{"message": "SlackUser.org setup secondary join None", "severity": "INFO", "module": "relationships", "funcName": "_log_joins", "lineno": 2340, "ts": "2026-09-10T14:29:42.283655+00:00"}
{"message": "SlackUser.org synchronize pairs [(org.id => slack_users.org_id)]", "severity": "INFO", "module": "relationships", "funcName": "_log_joins", "lineno": 2341, "ts": "2026-09-10T14:29:42.283669+00:00"}
{"message": "SlackUser.org secondary synchronize pairs []", "severity": "INFO", "module": "relationships", "funcName": "_log_joins", "lineno": 2348, "ts": "2026-09-10T14:29:42.283680+00:00"}
{"message": "SlackUser.org local/remote pairs [(slack_users.org_id / org.id)]", "severity": "INFO", "module": "relationships", "funcName": "_log_joins", "lineno": 2356, "ts": "2026-09-10T14:29:42.283692+00:00"}
{"message": "SlackUser.org remote columns [org.id]", "severity": "INFO", "module": "relationships", "funcName": "_log_joins", "lineno": 2363, "ts": "2026-09-10T14:29:42.283707+00:00"}
{"message": "SlackUser.org local columns [slack_users.org_id]", "severity": "INFO", "module": "relationships", "funcName": "_log_joins", "lineno": 2368, "ts": "2026-09-10T14:29:42.283721+00:00"}
{"message": "SlackUser.org relationship direction RelationshipDirection.MANYTOONE", "severity": "INFO", "module": "relationships", "funcName": "_log_joins", "lineno": 2373, "ts": "2026-09-10T14:29:42.283731+00:00"}
{"message": "SlackUser.org lazy loading clause org.id = :param_1", "severity": "INFO", "module": "strategies", "funcName": "__init__", "lineno": 738, "ts": "2026-09-10T14:29:42.283781+00:00"}
{"message": "SlackUser.org will use Session.get() to optimize instance loads", "severity": "INFO", "module": "strategies", "funcName": "__init__", "lineno": 764, "ts": "2026-09-10T14:29:42.283833+00:00"}
{"message": "StoredConversationMetadataSaas.user setup primary join \"user\".id = conversation_metadata_saas.user_id", "severity": "INFO", "module": "relationships", "funcName": "_log_joins", "lineno": 2339, "ts": "2026-09-10T14:29:42.284438+00:00"}
{"message": "StoredConversationMetadataSaas.user setup secondary join None", "severity": "INFO", "module": "relationships", "funcName": "_log_joins", "lineno": 2340, "ts": "2026-09-10T14:29:42.284469+00:00"}
{"message": "StoredConversationMetadataSaas.user synchronize pairs [(user.id => conversation_metadata_saas.user_id)]", "severity": "INFO", "module": "relationships", "funcName": "_log_joins", "lineno": 2341, "ts": "2026-09-10T14:29:42.284484+00:00"}
{"message": "StoredConversationMetadataSaas.user secondary synchronize pairs []", "severity": "INFO", "module": "relationships", "funcName": "_log_joins", "lineno": 2348, "ts": "2026-09-10T14:29:42.284493+00:00"}
{"message": "StoredConversationMetadataSaas.user local/remote pairs [(conversation_metadata_saas.user_id / user.id)]", "severity": "INFO", "module": "relationships", "funcName": "_log_joins", "lineno": 2356, "ts": "2026-09-10T14:29:42.284502+00:00"}
{"message": "StoredConversationMetadataSaas.user remote columns [user.id]", "severity": "INFO", "module": "relationships", "funcName": "_log_joins", "lineno": 2363, "ts": "2026-09-10T14:29:42.284514+00:00"}
{"message": "StoredConversationMetadataSaas.user local columns [conversation_metadata_saas.user_id]", "severity": "INFO", "module": "relationships", "funcName": "_log_joins", "lineno": 2368, "ts": "2026-09-10T14:29:42.284525+00:00"}
{"message": "StoredConversationMetadataSaas.user relationship direction RelationshipDirection.MANYTOONE", "severity": "INFO", "module": "relationships", "funcName": "_log_joins", "lineno": 2373, "ts": "2026-09-10T14:29:42.284533+00:00"}
{"message": "StoredConversationMetadataSaas.user lazy loading clause \"user\".id = :param_1", "severity": "INFO", "module": "strategies", "funcName": "__init__", "lineno": 738, "ts": "2026-09-10T14:29:42.284573+00:00"}
{"message": "StoredConversationMetadataSaas.user will use Session.get() to optimize instance loads", "severity": "INFO", "module": "strategies", "funcName": "__init__", "lineno": 764, "ts": "2026-09-10T14:29:42.284618+00:00"}
{"message": "StoredConversationMetadataSaas.org setup primary join org.id = conversation_metadata_saas.org_id", "severity": "INFO", "module": "relationships", "funcName": "_log_joins", "lineno": 2339, "ts": "2026-09-10T14:29:42.284748+00:00"}
{"message": "StoredConversationMetadataSaas.org setup secondary join None", "severity": "INFO", "module": "relationships", "funcName": "_log_joins", "lineno": 2340, "ts": "2026-09-10T14:29:42.284774+00:00"}
{"message": "StoredConversationMetadataSaas.org synchronize pairs [(org.id => conversation_metadata_saas.org_id)]", "severity": "INFO", "module": "relationships", "funcName": "_log_joins", "lineno": 2341, "ts": "2026-09-10T14:29:42.284785+00:00"}
{"message": "StoredConversationMetadataSaas.org secondary synchronize pairs []", "severity": "INFO", "module": "relationships", "funcName": "_log_joins", "lineno": 2348, "ts": "2026-09-10T14:29:42.284794+00:00"}
{"message": "StoredConversationMetadataSaas.org local/remote pairs [(conversation_metadata_saas.org_id / org.id)]", "severity": "INFO", "module": "relationships", "funcName": "_log_joins", "lineno": 2356, "ts": "2026-09-10T14:29:42.284803+00:00"}
{"message": "StoredConversationMetadataSaas.org remote columns [org.id]", "severity": "INFO", "module": "relationships", "funcName": "_log_joins", "lineno": 2363, "ts": "2026-09-10T14:29:42.284814+00:00"}
{"message": "StoredConversationMetadataSaas.org local columns [conversation_metadata_saas.org_id]", "severity": "INFO", "module": "relationships", "funcName": "_log_joins", "lineno": 2368, "ts": "2026-09-10T14:29:42.284825+00:00"}
{"message": "StoredConversationMetadataSaas.org relationship direction RelationshipDirection.MANYTOONE", "severity": "INFO", "module": "relationships", "funcName": "_log_joins", "lineno": 2373, "ts": "2026-09-10T14:29:42.284833+00:00"}
{"message": "StoredConversationMetadataSaas.org lazy loading clause org.id = :param_1", "severity": "INFO", "module": "strategies", "funcName": "__init__", "lineno": 738, "ts": "2026-09-10T14:29:42.284874+00:00"}
{"message": "StoredConversationMetadataSaas.org will use Session.get() to optimize instance loads", "severity": "INFO", "module": "strategies", "funcName": "__init__", "lineno": 764, "ts": "2026-09-10T14:29:42.284917+00:00"}
{"message": "StoredCustomSecrets.org setup primary join org.id = custom_secrets.org_id", "severity": "INFO", "module": "relationships", "funcName": "_log_joins", "lineno": 2339, "ts": "2026-09-10T14:29:42.285095+00:00"}
{"message": "StoredCustomSecrets.org setup secondary join None", "severity": "INFO", "module": "relationships", "funcName": "_log_joins", "lineno": 2340, "ts": "2026-09-10T14:29:42.285120+00:00"}
{"message": "StoredCustomSecrets.org synchronize pairs [(org.id => custom_secrets.org_id)]", "severity": "INFO", "module": "relationships", "funcName": "_log_joins", "lineno": 2341, "ts": "2026-09-10T14:29:42.285135+00:00"}
{"message": "StoredCustomSecrets.org secondary synchronize pairs []", "severity": "INFO", "module": "relationships", "funcName": "_log_joins", "lineno": 2348, "ts": "2026-09-10T14:29:42.285146+00:00"}
{"message": "StoredCustomSecrets.org local/remote pairs [(custom_secrets.org_id / org.id)]", "severity": "INFO", "module": "relationships", "funcName": "_log_joins", "lineno": 2356, "ts": "2026-09-10T14:29:42.285155+00:00"}
{"message": "StoredCustomSecrets.org remote columns [org.id]", "severity": "INFO", "module": "relationships", "funcName": "_log_joins", "lineno": 2363, "ts": "2026-09-10T14:29:42.285167+00:00"}
{"message": "StoredCustomSecrets.org local columns [custom_secrets.org_id]", "severity": "INFO", "module": "relationships", "funcName": "_log_joins", "lineno": 2368, "ts": "2026-09-10T14:29:42.285180+00:00"}
{"message": "StoredCustomSecrets.org relationship direction RelationshipDirection.MANYTOONE", "severity": "INFO", "module": "relationships", "funcName": "_log_joins", "lineno": 2373, "ts": "2026-09-10T14:29:42.285190+00:00"}
{"message": "StoredCustomSecrets.org lazy loading clause org.id = :param_1", "severity": "INFO", "module": "strategies", "funcName": "__init__", "lineno": 738, "ts": "2026-09-10T14:29:42.285234+00:00"}
{"message": "StoredCustomSecrets.org will use Session.get() to optimize instance loads", "severity": "INFO", "module": "strategies", "funcName": "__init__", "lineno": 764, "ts": "2026-09-10T14:29:42.285277+00:00"}
{"message": "StripeCustomer.org setup primary join org.id = stripe_customers.org_id", "severity": "INFO", "module": "relationships", "funcName": "_log_joins", "lineno": 2339, "ts": "2026-09-10T14:29:42.285582+00:00"}
{"message": "StripeCustomer.org setup secondary join None", "severity": "INFO", "module": "relationships", "funcName": "_log_joins", "lineno": 2340, "ts": "2026-09-10T14:29:42.285611+00:00"}
{"message": "StripeCustomer.org synchronize pairs [(org.id => stripe_customers.org_id)]", "severity": "INFO", "module": "relationships", "funcName": "_log_joins", "lineno": 2341, "ts": "2026-09-10T14:29:42.285623+00:00"}
{"message": "StripeCustomer.org secondary synchronize pairs []", "severity": "INFO", "module": "relationships", "funcName": "_log_joins", "lineno": 2348, "ts": "2026-09-10T14:29:42.285633+00:00"}
{"message": "StripeCustomer.org local/remote pairs [(stripe_customers.org_id / org.id)]", "severity": "INFO", "module": "relationships", "funcName": "_log_joins", "lineno": 2356, "ts": "2026-09-10T14:29:42.285642+00:00"}
{"message": "StripeCustomer.org remote columns [org.id]", "severity": "INFO", "module": "relationships", "funcName": "_log_joins", "lineno": 2363, "ts": "2026-09-10T14:29:42.285654+00:00"}
{"message": "StripeCustomer.org local columns [stripe_customers.org_id]", "severity": "INFO", "module": "relationships", "funcName": "_log_joins", "lineno": 2368, "ts": "2026-09-10T14:29:42.285669+00:00"}
{"message": "StripeCustomer.org relationship direction RelationshipDirection.MANYTOONE", "severity": "INFO", "module": "relationships", "funcName": "_log_joins", "lineno": 2373, "ts": "2026-09-10T14:29:42.285678+00:00"}
{"message": "StripeCustomer.org lazy loading clause org.id = :param_1", "severity": "INFO", "module": "strategies", "funcName": "__init__", "lineno": 738, "ts": "2026-09-10T14:29:42.285721+00:00"}
{"message": "StripeCustomer.org will use Session.get() to optimize instance loads", "severity": "INFO", "module": "strategies", "funcName": "__init__", "lineno": 764, "ts": "2026-09-10T14:29:42.285849+00:00"}
{"message": "User.role setup primary join role.id = \"user\".role_id", "severity": "INFO", "module": "relationships", "funcName": "_log_joins", "lineno": 2339, "ts": "2026-09-10T14:29:42.286186+00:00"}
{"message": "User.role setup secondary join None", "severity": "INFO", "module": "relationships", "funcName": "_log_joins", "lineno": 2340, "ts": "2026-09-10T14:29:42.286212+00:00"}
{"message": "User.role synchronize pairs [(role.id => user.role_id)]", "severity": "INFO", "module": "relationships", "funcName": "_log_joins", "lineno": 2341, "ts": "2026-09-10T14:29:42.286227+00:00"}
{"message": "User.role secondary synchronize pairs []", "severity": "INFO", "module": "relationships", "funcName": "_log_joins", "lineno": 2348, "ts": "2026-09-10T14:29:42.286237+00:00"}
{"message": "User.role local/remote pairs [(user.role_id / role.id)]", "severity": "INFO", "module": "relationships", "funcName": "_log_joins", "lineno": 2356, "ts": "2026-09-10T14:29:42.286246+00:00"}
{"message": "User.role remote columns [role.id]", "severity": "INFO", "module": "relationships", "funcName": "_log_joins", "lineno": 2363, "ts": "2026-09-10T14:29:42.286258+00:00"}
{"message": "User.role local columns [user.role_id]", "severity": "INFO", "module": "relationships", "funcName": "_log_joins", "lineno": 2368, "ts": "2026-09-10T14:29:42.286271+00:00"}
{"message": "User.role relationship direction RelationshipDirection.MANYTOONE", "severity": "INFO", "module": "relationships", "funcName": "_log_joins", "lineno": 2373, "ts": "2026-09-10T14:29:42.286279+00:00"}
{"message": "User.role lazy loading clause role.id = :param_1", "severity": "INFO", "module": "strategies", "funcName": "__init__", "lineno": 738, "ts": "2026-09-10T14:29:42.286327+00:00"}
{"message": "User.role will use Session.get() to optimize instance loads", "severity": "INFO", "module": "strategies", "funcName": "__init__", "lineno": 764, "ts": "2026-09-10T14:29:42.286391+00:00"}
{"message": "User.org_members setup primary join \"user\".id = org_member.user_id", "severity": "INFO", "module": "relationships", "funcName": "_log_joins", "lineno": 2339, "ts": "2026-09-10T14:29:42.286529+00:00"}
{"message": "User.org_members setup secondary join None", "severity": "INFO", "module": "relationships", "funcName": "_log_joins", "lineno": 2340, "ts": "2026-09-10T14:29:42.286554+00:00"}
{"message": "User.org_members synchronize pairs [(user.id => org_member.user_id)]", "severity": "INFO", "module": "relationships", "funcName": "_log_joins", "lineno": 2341, "ts": "2026-09-10T14:29:42.286567+00:00"}
{"message": "User.org_members secondary synchronize pairs []", "severity": "INFO", "module": "relationships", "funcName": "_log_joins", "lineno": 2348, "ts": "2026-09-10T14:29:42.286578+00:00"}
{"message": "User.org_members local/remote pairs [(user.id / org_member.user_id)]", "severity": "INFO", "module": "relationships", "funcName": "_log_joins", "lineno": 2356, "ts": "2026-09-10T14:29:42.286587+00:00"}
{"message": "User.org_members remote columns [org_member.user_id]", "severity": "INFO", "module": "relationships", "funcName": "_log_joins", "lineno": 2363, "ts": "2026-09-10T14:29:42.286599+00:00"}
{"message": "User.org_members local columns [user.id]", "severity": "INFO", "module": "relationships", "funcName": "_log_joins", "lineno": 2368, "ts": "2026-09-10T14:29:42.286610+00:00"}
{"message": "User.org_members relationship direction RelationshipDirection.ONETOMANY", "severity": "INFO", "module": "relationships", "funcName": "_log_joins", "lineno": 2373, "ts": "2026-09-10T14:29:42.286619+00:00"}
{"message": "User.org_members lazy loading clause :param_1 = org_member.user_id", "severity": "INFO", "module": "strategies", "funcName": "__init__", "lineno": 738, "ts": "2026-09-10T14:29:42.286669+00:00"}
{"message": "User.current_org setup primary join org.id = \"user\".current_org_id", "severity": "INFO", "module": "relationships", "funcName": "_log_joins", "lineno": 2339, "ts": "2026-09-10T14:29:42.286820+00:00"}
{"message": "User.current_org setup secondary join None", "severity": "INFO", "module": "relationships", "funcName": "_log_joins", "lineno": 2340, "ts": "2026-09-10T14:29:42.286856+00:00"}
{"message": "User.current_org synchronize pairs [(org.id => user.current_org_id)]", "severity": "INFO", "module": "relationships", "funcName": "_log_joins", "lineno": 2341, "ts": "2026-09-10T14:29:42.286868+00:00"}
{"message": "User.current_org secondary synchronize pairs []", "severity": "INFO", "module": "relationships", "funcName": "_log_joins", "lineno": 2348, "ts": "2026-09-10T14:29:42.286877+00:00"}
{"message": "User.current_org local/remote pairs [(user.current_org_id / org.id)]", "severity": "INFO", "module": "relationships", "funcName": "_log_joins", "lineno": 2356, "ts": "2026-09-10T14:29:42.286885+00:00"}
{"message": "User.current_org remote columns [org.id]", "severity": "INFO", "module": "relationships", "funcName": "_log_joins", "lineno": 2363, "ts": "2026-09-10T14:29:42.286898+00:00"}
{"message": "User.current_org local columns [user.current_org_id]", "severity": "INFO", "module": "relationships", "funcName": "_log_joins", "lineno": 2368, "ts": "2026-09-10T14:29:42.286908+00:00"}
{"message": "User.current_org relationship direction RelationshipDirection.MANYTOONE", "severity": "INFO", "module": "relationships", "funcName": "_log_joins", "lineno": 2373, "ts": "2026-09-10T14:29:42.286916+00:00"}
{"message": "User.current_org lazy loading clause org.id = :param_1", "severity": "INFO", "module": "strategies", "funcName": "__init__", "lineno": 738, "ts": "2026-09-10T14:29:42.286957+00:00"}
{"message": "User.current_org will use Session.get() to optimize instance loads", "severity": "INFO", "module": "strategies", "funcName": "__init__", "lineno": 764, "ts": "2026-09-10T14:29:42.286997+00:00"}
{"message": "User.stored_conversation_metadata_saas setup primary join \"user\".id = conversation_metadata_saas.user_id", "severity": "INFO", "module": "relationships", "funcName": "_log_joins", "lineno": 2339, "ts": "2026-09-10T14:29:42.287135+00:00"}
{"message": "User.stored_conversation_metadata_saas setup secondary join None", "severity": "INFO", "module": "relationships", "funcName": "_log_joins", "lineno": 2340, "ts": "2026-09-10T14:29:42.287163+00:00"}
{"message": "User.stored_conversation_metadata_saas synchronize pairs [(user.id => conversation_metadata_saas.user_id)]", "severity": "INFO", "module": "relationships", "funcName": "_log_joins", "lineno": 2341, "ts": "2026-09-10T14:29:42.287176+00:00"}
{"message": "User.stored_conversation_metadata_saas secondary synchronize pairs []", "severity": "INFO", "module": "relationships", "funcName": "_log_joins", "lineno": 2348, "ts": "2026-09-10T14:29:42.287185+00:00"}
{"message": "User.stored_conversation_metadata_saas local/remote pairs [(user.id / conversation_metadata_saas.user_id)]", "severity": "INFO", "module": "relationships", "funcName": "_log_joins", "lineno": 2356, "ts": "2026-09-10T14:29:42.287194+00:00"}
{"message": "User.stored_conversation_metadata_saas remote columns [conversation_metadata_saas.user_id]", "severity": "INFO", "module": "relationships", "funcName": "_log_joins", "lineno": 2363, "ts": "2026-09-10T14:29:42.287206+00:00"}
{"message": "User.stored_conversation_metadata_saas local columns [user.id]", "severity": "INFO", "module": "relationships", "funcName": "_log_joins", "lineno": 2368, "ts": "2026-09-10T14:29:42.287218+00:00"}
{"message": "User.stored_conversation_metadata_saas relationship direction RelationshipDirection.ONETOMANY", "severity": "INFO", "module": "relationships", "funcName": "_log_joins", "lineno": 2373, "ts": "2026-09-10T14:29:42.287225+00:00"}
{"message": "User.stored_conversation_metadata_saas lazy loading clause :param_1 = conversation_metadata_saas.user_id", "severity": "INFO", "module": "strategies", "funcName": "__init__", "lineno": 738, "ts": "2026-09-10T14:29:42.287264+00:00"}
{"message": "Application startup complete.", "severity": "INFO", "module": "on", "funcName": "startup", "lineno": 62, "ts": "2026-09-10T14:29:42.351177+00:00"}
{"message": "Uvicorn running on https://127.0.0.1:57664 (Press CTRL+C to quit)", "severity": "INFO", "module": "server", "funcName": "_log_started_message", "lineno": 224, "color_message": "Uvicorn running on \u001b[1m%s://%s:%d\u001b[0m (Press CTRL+C to quit)", "ts": "2026-09-10T14:29:42.351374+00:00"}
{"message": "127.0.0.1:57801 - \"GET /api/auth/capabilities HTTP/1.1\" 200", "severity": "INFO", "module": "h11_impl", "funcName": "send", "lineno": 481, "ts": "2026-09-10T14:29:48.796475+00:00"}
{"message": "127.0.0.1:57855 - \"GET /login HTTP/1.1\" 200", "severity": "INFO", "module": "h11_impl", "funcName": "send", "lineno": 481, "ts": "2026-09-10T14:30:31.165749+00:00"}
{"message": "127.0.0.1:57855 - \"GET /assets/manifest-d7f631c4.js HTTP/1.1\" 200", "severity": "INFO", "module": "h11_impl", "funcName": "send", "lineno": 481, "ts": "2026-09-10T14:30:31.193616+00:00"}
{"message": "127.0.0.1:57865 - \"GET /assets/entry.client-Dw7KE7hM.js HTTP/1.1\" 200", "severity": "INFO", "module": "h11_impl", "funcName": "send", "lineno": 481, "ts": "2026-09-10T14:30:31.198443+00:00"}
{"message": "127.0.0.1:57873 - \"GET /assets/root-D-LbRKNh.css HTTP/1.1\" 200", "severity": "INFO", "module": "h11_impl", "funcName": "send", "lineno": 481, "ts": "2026-09-10T14:30:31.199488+00:00"}
{"message": "127.0.0.1:57887 - \"GET /assets/index-tLtD-Cu0.js HTTP/1.1\" 200", "severity": "INFO", "module": "h11_impl", "funcName": "send", "lineno": 481, "ts": "2026-09-10T14:30:31.201913+00:00"}
{"message": "127.0.0.1:57891 - \"GET /assets/declaration-Bwok30Lo.js HTTP/1.1\" 200", "severity": "INFO", "module": "h11_impl", "funcName": "send", "lineno": 481, "ts": "2026-09-10T14:30:31.202060+00:00"}
{"message": "127.0.0.1:57855 - \"GET /assets/rate-limit-retry-DdZplSiD.js HTTP/1.1\" 200", "severity": "INFO", "module": "h11_impl", "funcName": "send", "lineno": 481, "ts": "2026-09-10T14:30:31.203978+00:00"}
{"message": "127.0.0.1:57887 - \"GET /assets/open-hands-axios-LzNSarGn.js HTTP/1.1\" 200", "severity": "INFO", "module": "h11_impl", "funcName": "send", "lineno": 481, "ts": "2026-09-10T14:30:31.212582+00:00"}
{"message": "127.0.0.1:57865 - \"GET /assets/use-invitation-M5_iS4Ov.js HTTP/1.1\" 200", "severity": "INFO", "module": "h11_impl", "funcName": "send", "lineno": 481, "ts": "2026-09-10T14:30:31.212889+00:00"}
{"message": "127.0.0.1:57905 - \"GET /assets/index-Dt4MV93j.js HTTP/1.1\" 200", "severity": "INFO", "module": "h11_impl", "funcName": "send", "lineno": 481, "ts": "2026-09-10T14:30:31.213972+00:00"}
{"message": "127.0.0.1:57891 - \"GET /assets/query-keys-BSjaytiJ.js HTTP/1.1\" 200", "severity": "INFO", "module": "h11_impl", "funcName": "send", "lineno": 481, "ts": "2026-09-10T14:30:31.214734+00:00"}
{"message": "127.0.0.1:57873 - \"GET /assets/index-CXoKay-T.js HTTP/1.1\" 200", "severity": "INFO", "module": "h11_impl", "funcName": "send", "lineno": 481, "ts": "2026-09-10T14:30:31.215883+00:00"}
{"message": "127.0.0.1:57855 - \"GET /assets/chunk-6CSD65Y2-UpbgoP9j.js HTTP/1.1\" 200", "severity": "INFO", "module": "h11_impl", "funcName": "send", "lineno": 481, "ts": "2026-09-10T14:30:31.216621+00:00"}
{"message": "127.0.0.1:57865 - \"GET /assets/preload-helper-Bc3Pu81E.js HTTP/1.1\" 200", "severity": "INFO", "module": "h11_impl", "funcName": "send", "lineno": 481, "ts": "2026-09-10T14:30:31.223834+00:00"}
{"message": "127.0.0.1:57887 - \"GET /assets/retrieve-axios-error-message-Dwxjb5f3.js HTTP/1.1\" 200", "severity": "INFO", "module": "h11_impl", "funcName": "send", "lineno": 481, "ts": "2026-09-10T14:30:31.224975+00:00"}
{"message": "127.0.0.1:57873 - \"GET /assets/mutation-DSZmfvqD.js HTTP/1.1\" 200", "severity": "INFO", "module": "h11_impl", "funcName": "send", "lineno": 481, "ts": "2026-09-10T14:30:31.226947+00:00"}
{"message": "127.0.0.1:57891 - \"GET /assets/custom-toast-handlers-CAVHstGd.js HTTP/1.1\" 200", "severity": "INFO", "module": "h11_impl", "funcName": "send", "lineno": 481, "ts": "2026-09-10T14:30:31.227089+00:00"}
{"message": "127.0.0.1:57905 - \"GET /assets/infiniteQueryBehavior-DZN75Mj9.js HTTP/1.1\" 200", "severity": "INFO", "module": "h11_impl", "funcName": "send", "lineno": 481, "ts": "2026-09-10T14:30:31.227776+00:00"}
{"message": "127.0.0.1:57855 - \"GET /assets/root-Cyf3bcFs.js HTTP/1.1\" 200", "severity": "INFO", "module": "h11_impl", "funcName": "send", "lineno": 481, "ts": "2026-09-10T14:30:31.228194+00:00"}
{"message": "127.0.0.1:57865 - \"GET /assets/query-client-config-C2aiFcZM.js HTTP/1.1\" 200", "severity": "INFO", "module": "h11_impl", "funcName": "send", "lineno": 481, "ts": "2026-09-10T14:30:31.229915+00:00"}
{"message": "127.0.0.1:57865 - \"GET /locales/en/translation.json HTTP/1.1\" 200", "severity": "INFO", "module": "h11_impl", "funcName": "send", "lineno": 481, "ts": "2026-09-10T14:30:31.251015+00:00"}
{"message": "127.0.0.1:57865 - \"GET /assets/login-CMNc1VtQ.js HTTP/1.1\" 200", "severity": "INFO", "module": "h11_impl", "funcName": "send", "lineno": 481, "ts": "2026-09-10T14:30:31.259315+00:00"}
{"message": "127.0.0.1:57865 - \"GET /assets/use-is-authed-D8E0h2Jo.js HTTP/1.1\" 200", "severity": "INFO", "module": "h11_impl", "funcName": "send", "lineno": 481, "ts": "2026-09-10T14:30:31.273621+00:00"}
{"message": "127.0.0.1:57905 - \"GET /assets/use-config-Dh7W-dyl.js HTTP/1.1\" 200", "severity": "INFO", "module": "h11_impl", "funcName": "send", "lineno": 481, "ts": "2026-09-10T14:30:31.273951+00:00"}
{"message": "127.0.0.1:57891 - \"GET /assets/use-auth-url-M2suDX2e.js HTTP/1.1\" 200", "severity": "INFO", "module": "h11_impl", "funcName": "send", "lineno": 481, "ts": "2026-09-10T14:30:31.275718+00:00"}
{"message": "127.0.0.1:57887 - \"GET /assets/index-CcBMHdO5.js HTTP/1.1\" 200", "severity": "INFO", "module": "h11_impl", "funcName": "send", "lineno": 481, "ts": "2026-09-10T14:30:31.277711+00:00"}
{"message": "127.0.0.1:57873 - \"GET /assets/use-email-verification-S6_uU7s7.js HTTP/1.1\" 200", "severity": "INFO", "module": "h11_impl", "funcName": "send", "lineno": 481, "ts": "2026-09-10T14:30:31.278098+00:00"}
{"message": "127.0.0.1:57905 - \"GET /assets/openhands-logo-white-cxeMkDJA.js HTTP/1.1\" 200", "severity": "INFO", "module": "h11_impl", "funcName": "send", "lineno": 481, "ts": "2026-09-10T14:30:31.286754+00:00"}
{"message": "127.0.0.1:57855 - \"GET /api/v1/web-client/config HTTP/1.1\" 200", "severity": "INFO", "module": "h11_impl", "funcName": "send", "lineno": 481, "ts": "2026-09-10T14:30:31.287101+00:00"}
{"message": "127.0.0.1:57865 - \"GET /assets/azure-devops-logo-DXPdTsmh.js HTTP/1.1\" 200", "severity": "INFO", "module": "h11_impl", "funcName": "send", "lineno": 481, "ts": "2026-09-10T14:30:31.287299+00:00"}
{"message": "127.0.0.1:57891 - \"GET /assets/utils-BYzDx4ip.js HTTP/1.1\" 200", "severity": "INFO", "module": "h11_impl", "funcName": "send", "lineno": 481, "ts": "2026-09-10T14:30:31.288609+00:00"}
{"message": "127.0.0.1:57873 - \"GET /assets/login-cta-B8n-JrN9.js HTTP/1.1\" 200", "severity": "INFO", "module": "h11_impl", "funcName": "send", "lineno": 481, "ts": "2026-09-10T14:30:31.289320+00:00"}
{"message": "127.0.0.1:57887 - \"GET /assets/useTranslation-i1xdxadn.js HTTP/1.1\" 200", "severity": "INFO", "module": "h11_impl", "funcName": "send", "lineno": 481, "ts": "2026-09-10T14:30:31.289906+00:00"}
{"message": "127.0.0.1:57855 - \"GET /assets/use-app-mode-B54Qx7LS.js HTTP/1.1\" 200", "severity": "INFO", "module": "h11_impl", "funcName": "send", "lineno": 481, "ts": "2026-09-10T14:30:31.295667+00:00"}
{"message": "127.0.0.1:57865 - \"GET /assets/modal-backdrop-B5BF9mZF.js HTTP/1.1\" 200", "severity": "INFO", "module": "h11_impl", "funcName": "send", "lineno": 481, "ts": "2026-09-10T14:30:31.296899+00:00"}
{"message": "127.0.0.1:57905 - \"GET /assets/openhands-logo-DilX03Hr.js HTTP/1.1\" 200", "severity": "INFO", "module": "h11_impl", "funcName": "send", "lineno": 481, "ts": "2026-09-10T14:30:31.297687+00:00"}
{"message": "127.0.0.1:57891 - \"GET /assets/modal-body-C_1-4ovn.js HTTP/1.1\" 200", "severity": "INFO", "module": "h11_impl", "funcName": "send", "lineno": 481, "ts": "2026-09-10T14:30:31.297910+00:00"}
{"message": "127.0.0.1:57873 - \"GET /assets/brand-button-CB2ZqR1E.js HTTP/1.1\" 200", "severity": "INFO", "module": "h11_impl", "funcName": "send", "lineno": 481, "ts": "2026-09-10T14:30:31.298598+00:00"}
{"message": "127.0.0.1:57887 - \"GET /assets/typography-CEll3mgr.js HTTP/1.1\" 200", "severity": "INFO", "module": "h11_impl", "funcName": "send", "lineno": 481, "ts": "2026-09-10T14:30:31.299498+00:00"}
{"message": "127.0.0.1:57855 - \"GET /assets/cross-app-redirect-CA1RAd_9.js HTTP/1.1\" 200", "severity": "INFO", "module": "h11_impl", "funcName": "send", "lineno": 481, "ts": "2026-09-10T14:30:31.305350+00:00"}
{"message": "127.0.0.1:57865 - \"GET /assets/use-auth-capabilities-EIdFh3Uu.js HTTP/1.1\" 200", "severity": "INFO", "module": "h11_impl", "funcName": "send", "lineno": 481, "ts": "2026-09-10T14:30:31.306146+00:00"}
{"message": "127.0.0.1:57905 - \"GET /assets/auth-service.api-DG-mQZWV.js HTTP/1.1\" 200", "severity": "INFO", "module": "h11_impl", "funcName": "send", "lineno": 481, "ts": "2026-09-10T14:30:31.307024+00:00"}
{"message": "127.0.0.1:57891 - \"GET /assets/account-form-D3u4oKV4.js HTTP/1.1\" 200", "severity": "INFO", "module": "h11_impl", "funcName": "send", "lineno": 481, "ts": "2026-09-10T14:30:31.307193+00:00"}
{"message": "127.0.0.1:57873 - \"GET /assets/useMutation-8-YK4bsn.js HTTP/1.1\" 200", "severity": "INFO", "module": "h11_impl", "funcName": "send", "lineno": 481, "ts": "2026-09-10T14:30:31.307574+00:00"}
{"message": "127.0.0.1:57887 - \"GET /assets/iconBase-Dv4KA39o.js HTTP/1.1\" 200", "severity": "INFO", "module": "h11_impl", "funcName": "send", "lineno": 481, "ts": "2026-09-10T14:30:31.307977+00:00"}
{"message": "127.0.0.1:57855 - \"GET /assets/card-BiCf3WY_.js HTTP/1.1\" 200", "severity": "INFO", "module": "h11_impl", "funcName": "send", "lineno": 481, "ts": "2026-09-10T14:30:31.311349+00:00"}
{"message": "127.0.0.1:57865 - \"GET /assets/card-title-DNMudsxn.js HTTP/1.1\" 200", "severity": "INFO", "module": "h11_impl", "funcName": "send", "lineno": 481, "ts": "2026-09-10T14:30:31.312075+00:00"}
{"message": "127.0.0.1:57891 - \"GET /assets/stacked-5ookcZbZ.js HTTP/1.1\" 200", "severity": "INFO", "module": "h11_impl", "funcName": "send", "lineno": 481, "ts": "2026-09-10T14:30:31.312258+00:00"}
{"message": "127.0.0.1:57891 - \"GET /api/auth/capabilities HTTP/1.1\" 200", "severity": "INFO", "module": "h11_impl", "funcName": "send", "lineno": 481, "ts": "2026-09-10T14:30:31.327594+00:00"}
{"message": "127.0.0.1:57865 - \"GET /api/auth/csrf HTTP/1.1\" 200", "severity": "INFO", "module": "h11_impl", "funcName": "send", "lineno": 481, "ts": "2026-09-10T14:30:31.327761+00:00"}
{"message": "127.0.0.1:57865 - \"POST /api/authenticate HTTP/1.1\" 401", "severity": "INFO", "module": "h11_impl", "funcName": "send", "lineno": 481, "ts": "2026-09-10T14:30:31.333312+00:00"}
{"message": "127.0.0.1:57924 - \"POST /api/auth/login HTTP/1.1\" 200", "severity": "INFO", "module": "h11_impl", "funcName": "send", "lineno": 481, "ts": "2026-09-10T14:30:46.063224+00:00"}
{"message": "127.0.0.1:57924 - \"GET /auth/change-password?returnTo=%2F HTTP/1.1\" 200", "severity": "INFO", "module": "h11_impl", "funcName": "send", "lineno": 481, "ts": "2026-09-10T14:30:46.070290+00:00"}
{"message": "127.0.0.1:57924 - \"GET /assets/manifest-d7f631c4.js HTTP/1.1\" 200", "severity": "INFO", "module": "h11_impl", "funcName": "send", "lineno": 481, "ts": "2026-09-10T14:30:46.087511+00:00"}
{"message": "127.0.0.1:57935 - \"GET /assets/entry.client-Dw7KE7hM.js HTTP/1.1\" 200", "severity": "INFO", "module": "h11_impl", "funcName": "send", "lineno": 481, "ts": "2026-09-10T14:30:46.090926+00:00"}
{"message": "127.0.0.1:57943 - \"GET /assets/root-D-LbRKNh.css HTTP/1.1\" 200", "severity": "INFO", "module": "h11_impl", "funcName": "send", "lineno": 481, "ts": "2026-09-10T14:30:46.092684+00:00"}
{"message": "127.0.0.1:57953 - \"GET /assets/query-keys-BSjaytiJ.js HTTP/1.1\" 200", "severity": "INFO", "module": "h11_impl", "funcName": "send", "lineno": 481, "ts": "2026-09-10T14:30:46.094848+00:00"}
{"message": "127.0.0.1:57924 - \"GET /assets/rate-limit-retry-DdZplSiD.js HTTP/1.1\" 200", "severity": "INFO", "module": "h11_impl", "funcName": "send", "lineno": 481, "ts": "2026-09-10T14:30:46.097093+00:00"}
{"message": "127.0.0.1:57969 - \"GET /assets/infiniteQueryBehavior-DZN75Mj9.js HTTP/1.1\" 200", "severity": "INFO", "module": "h11_impl", "funcName": "send", "lineno": 481, "ts": "2026-09-10T14:30:46.098996+00:00"}
{"message": "127.0.0.1:57953 - \"GET /assets/query-client-config-C2aiFcZM.js HTTP/1.1\" 200", "severity": "INFO", "module": "h11_impl", "funcName": "send", "lineno": 481, "ts": "2026-09-10T14:30:46.102635+00:00"}
{"message": "127.0.0.1:57935 - \"GET /assets/open-hands-axios-LzNSarGn.js HTTP/1.1\" 200", "severity": "INFO", "module": "h11_impl", "funcName": "send", "lineno": 481, "ts": "2026-09-10T14:30:46.102950+00:00"}
{"message": "127.0.0.1:57975 - \"GET /assets/chunk-6CSD65Y2-UpbgoP9j.js HTTP/1.1\" 200", "severity": "INFO", "module": "h11_impl", "funcName": "send", "lineno": 481, "ts": "2026-09-10T14:30:46.103965+00:00"}
{"message": "127.0.0.1:57924 - \"GET /assets/index-Dt4MV93j.js HTTP/1.1\" 200", "severity": "INFO", "module": "h11_impl", "funcName": "send", "lineno": 481, "ts": "2026-09-10T14:30:46.105423+00:00"}
{"message": "127.0.0.1:57943 - \"GET /assets/index-CXoKay-T.js HTTP/1.1\" 200", "severity": "INFO", "module": "h11_impl", "funcName": "send", "lineno": 481, "ts": "2026-09-10T14:30:46.105583+00:00"}
{"message": "127.0.0.1:57969 - \"GET /assets/preload-helper-Bc3Pu81E.js HTTP/1.1\" 200", "severity": "INFO", "module": "h11_impl", "funcName": "send", "lineno": 481, "ts": "2026-09-10T14:30:46.107399+00:00"}
{"message": "127.0.0.1:57935 - \"GET /assets/declaration-Bwok30Lo.js HTTP/1.1\" 200", "severity": "INFO", "module": "h11_impl", "funcName": "send", "lineno": 481, "ts": "2026-09-10T14:30:46.111110+00:00"}
{"message": "127.0.0.1:57953 - \"GET /assets/retrieve-axios-error-message-Dwxjb5f3.js HTTP/1.1\" 200", "severity": "INFO", "module": "h11_impl", "funcName": "send", "lineno": 481, "ts": "2026-09-10T14:30:46.111302+00:00"}
{"message": "127.0.0.1:57943 - \"GET /assets/index-tLtD-Cu0.js HTTP/1.1\" 200", "severity": "INFO", "module": "h11_impl", "funcName": "send", "lineno": 481, "ts": "2026-09-10T14:30:46.112918+00:00"}
{"message": "127.0.0.1:57975 - \"GET /assets/mutation-DSZmfvqD.js HTTP/1.1\" 200", "severity": "INFO", "module": "h11_impl", "funcName": "send", "lineno": 481, "ts": "2026-09-10T14:30:46.113556+00:00"}
{"message": "127.0.0.1:57969 - \"GET /assets/custom-toast-handlers-CAVHstGd.js HTTP/1.1\" 200", "severity": "INFO", "module": "h11_impl", "funcName": "send", "lineno": 481, "ts": "2026-09-10T14:30:46.115104+00:00"}
{"message": "127.0.0.1:57924 - \"GET /assets/root-Cyf3bcFs.js HTTP/1.1\" 200", "severity": "INFO", "module": "h11_impl", "funcName": "send", "lineno": 481, "ts": "2026-09-10T14:30:46.116221+00:00"}
{"message": "127.0.0.1:57953 - \"GET /assets/use-invitation-M5_iS4Ov.js HTTP/1.1\" 200", "severity": "INFO", "module": "h11_impl", "funcName": "send", "lineno": 481, "ts": "2026-09-10T14:30:46.117615+00:00"}
{"message": "127.0.0.1:57953 - \"GET /locales/en/translation.json HTTP/1.1\" 200", "severity": "INFO", "module": "h11_impl", "funcName": "send", "lineno": 481, "ts": "2026-09-10T14:30:46.131254+00:00"}
{"message": "127.0.0.1:57924 - \"GET /assets/account-action-CiHRle-Z.js HTTP/1.1\" 200", "severity": "INFO", "module": "h11_impl", "funcName": "send", "lineno": 481, "ts": "2026-09-10T14:30:46.131485+00:00"}
{"message": "127.0.0.1:57969 - \"GET /api/v1/web-client/config HTTP/1.1\" 200", "severity": "INFO", "module": "h11_impl", "funcName": "send", "lineno": 481, "ts": "2026-09-10T14:30:46.134945+00:00"}
{"message": "127.0.0.1:57953 - \"GET /assets/use-auth-capabilities-EIdFh3Uu.js HTTP/1.1\" 200", "severity": "INFO", "module": "h11_impl", "funcName": "send", "lineno": 481, "ts": "2026-09-10T14:30:46.139778+00:00"}
{"message": "127.0.0.1:57969 - \"GET /assets/use-logout-SxGpq-OD.js HTTP/1.1\" 200", "severity": "INFO", "module": "h11_impl", "funcName": "send", "lineno": 481, "ts": "2026-09-10T14:30:46.140907+00:00"}
{"message": "127.0.0.1:57924 - \"GET /assets/account-form-D3u4oKV4.js HTTP/1.1\" 200", "severity": "INFO", "module": "h11_impl", "funcName": "send", "lineno": 481, "ts": "2026-09-10T14:30:46.141454+00:00"}
{"message": "127.0.0.1:57943 - \"GET /assets/useTranslation-i1xdxadn.js HTTP/1.1\" 200", "severity": "INFO", "module": "h11_impl", "funcName": "send", "lineno": 481, "ts": "2026-09-10T14:30:46.143484+00:00"}
{"message": "127.0.0.1:57975 - \"GET /assets/password-policy-Blwrl2wX.js HTTP/1.1\" 200", "severity": "INFO", "module": "h11_impl", "funcName": "send", "lineno": 481, "ts": "2026-09-10T14:30:46.143613+00:00"}
{"message": "127.0.0.1:57935 - \"GET /assets/use-config-Dh7W-dyl.js HTTP/1.1\" 200", "severity": "INFO", "module": "h11_impl", "funcName": "send", "lineno": 481, "ts": "2026-09-10T14:30:46.143745+00:00"}
{"message": "127.0.0.1:57953 - \"GET /assets/auth-service.api-DG-mQZWV.js HTTP/1.1\" 200", "severity": "INFO", "module": "h11_impl", "funcName": "send", "lineno": 481, "ts": "2026-09-10T14:30:46.147708+00:00"}
{"message": "127.0.0.1:57969 - \"GET /assets/useMutation-8-YK4bsn.js HTTP/1.1\" 200", "severity": "INFO", "module": "h11_impl", "funcName": "send", "lineno": 481, "ts": "2026-09-10T14:30:46.148422+00:00"}
{"message": "127.0.0.1:57924 - \"GET /assets/local-storage-BL98fNWo.js HTTP/1.1\" 200", "severity": "INFO", "module": "h11_impl", "funcName": "send", "lineno": 481, "ts": "2026-09-10T14:30:46.148823+00:00"}
{"message": "127.0.0.1:57975 - \"GET /assets/openhands-logo-white-cxeMkDJA.js HTTP/1.1\" 200", "severity": "INFO", "module": "h11_impl", "funcName": "send", "lineno": 481, "ts": "2026-09-10T14:30:46.149896+00:00"}
{"message": "127.0.0.1:57935 - \"GET /assets/utils-BYzDx4ip.js HTTP/1.1\" 200", "severity": "INFO", "module": "h11_impl", "funcName": "send", "lineno": 481, "ts": "2026-09-10T14:30:46.150043+00:00"}
{"message": "127.0.0.1:57943 - \"GET /assets/brand-button-CB2ZqR1E.js HTTP/1.1\" 200", "severity": "INFO", "module": "h11_impl", "funcName": "send", "lineno": 481, "ts": "2026-09-10T14:30:46.150682+00:00"}
{"message": "127.0.0.1:57943 - \"GET /api/auth/capabilities HTTP/1.1\" 200", "severity": "INFO", "module": "h11_impl", "funcName": "send", "lineno": 481, "ts": "2026-09-10T14:30:46.157226+00:00"}
{"message": "127.0.0.1:57977 - \"GET /api/v1/web-client/config HTTP/1.1\" 200", "severity": "INFO", "module": "h11_impl", "funcName": "send", "lineno": 481, "ts": "2026-09-10T14:30:50.505419+00:00"}
{"message": "127.0.0.1:57982 - \"GET /api/v1/users/me HTTP/1.1\" 403", "severity": "INFO", "module": "h11_impl", "funcName": "send", "lineno": 481, "ts": "2026-09-10T14:30:56.794783+00:00"}
{"message": "127.0.0.1:57989 - \"POST /api/auth/password/change HTTP/1.1\" 200", "severity": "INFO", "module": "h11_impl", "funcName": "send", "lineno": 481, "ts": "2026-09-10T14:31:05.271005+00:00"}
{"message": "127.0.0.1:57989 - \"GET /accept-tos?redirect_url=%2F HTTP/1.1\" 200", "severity": "INFO", "module": "h11_impl", "funcName": "send", "lineno": 481, "ts": "2026-09-10T14:31:05.280626+00:00"}
{"message": "127.0.0.1:57989 - \"GET /assets/manifest-d7f631c4.js HTTP/1.1\" 200", "severity": "INFO", "module": "h11_impl", "funcName": "send", "lineno": 481, "ts": "2026-09-10T14:31:05.305400+00:00"}
{"message": "127.0.0.1:57989 - \"GET /assets/root-D-LbRKNh.css HTTP/1.1\" 200", "severity": "INFO", "module": "h11_impl", "funcName": "send", "lineno": 481, "ts": "2026-09-10T14:31:05.322020+00:00"}
{"message": "127.0.0.1:58083 - \"GET /assets/chunk-6CSD65Y2-UpbgoP9j.js HTTP/1.1\" 200", "severity": "INFO", "module": "h11_impl", "funcName": "send", "lineno": 481, "ts": "2026-09-10T14:31:05.324468+00:00"}
{"message": "127.0.0.1:58091 - \"GET /assets/use-invitation-M5_iS4Ov.js HTTP/1.1\" 200", "severity": "INFO", "module": "h11_impl", "funcName": "send", "lineno": 481, "ts": "2026-09-10T14:31:05.325057+00:00"}
{"message": "127.0.0.1:58093 - \"GET /assets/custom-toast-handlers-CAVHstGd.js HTTP/1.1\" 200", "severity": "INFO", "module": "h11_impl", "funcName": "send", "lineno": 481, "ts": "2026-09-10T14:31:05.325247+00:00"}
{"message": "127.0.0.1:58099 - \"GET /assets/index-Dt4MV93j.js HTTP/1.1\" 200", "severity": "INFO", "module": "h11_impl", "funcName": "send", "lineno": 481, "ts": "2026-09-10T14:31:05.326088+00:00"}
{"message": "127.0.0.1:58101 - \"GET /assets/query-keys-BSjaytiJ.js HTTP/1.1\" 200", "severity": "INFO", "module": "h11_impl", "funcName": "send", "lineno": 481, "ts": "2026-09-10T14:31:05.326287+00:00"}
{"message": "127.0.0.1:58091 - \"GET /assets/index-CXoKay-T.js HTTP/1.1\" 200", "severity": "INFO", "module": "h11_impl", "funcName": "send", "lineno": 481, "ts": "2026-09-10T14:31:05.332335+00:00"}
{"message": "127.0.0.1:58093 - \"GET /assets/preload-helper-Bc3Pu81E.js HTTP/1.1\" 200", "severity": "INFO", "module": "h11_impl", "funcName": "send", "lineno": 481, "ts": "2026-09-10T14:31:05.332541+00:00"}
{"message": "127.0.0.1:57989 - \"GET /assets/entry.client-Dw7KE7hM.js HTTP/1.1\" 200", "severity": "INFO", "module": "h11_impl", "funcName": "send", "lineno": 481, "ts": "2026-09-10T14:31:05.333841+00:00"}
{"message": "127.0.0.1:58083 - \"GET /assets/declaration-Bwok30Lo.js HTTP/1.1\" 200", "severity": "INFO", "module": "h11_impl", "funcName": "send", "lineno": 481, "ts": "2026-09-10T14:31:05.334020+00:00"}
{"message": "127.0.0.1:58101 - \"GET /assets/retrieve-axios-error-message-Dwxjb5f3.js HTTP/1.1\" 200", "severity": "INFO", "module": "h11_impl", "funcName": "send", "lineno": 481, "ts": "2026-09-10T14:31:05.334306+00:00"}
{"message": "127.0.0.1:58099 - \"GET /assets/rate-limit-retry-DdZplSiD.js HTTP/1.1\" 200", "severity": "INFO", "module": "h11_impl", "funcName": "send", "lineno": 481, "ts": "2026-09-10T14:31:05.335649+00:00"}
{"message": "127.0.0.1:58091 - \"GET /assets/mutation-DSZmfvqD.js HTTP/1.1\" 200", "severity": "INFO", "module": "h11_impl", "funcName": "send", "lineno": 481, "ts": "2026-09-10T14:31:05.340865+00:00"}
{"message": "127.0.0.1:58093 - \"GET /assets/infiniteQueryBehavior-DZN75Mj9.js HTTP/1.1\" 200", "severity": "INFO", "module": "h11_impl", "funcName": "send", "lineno": 481, "ts": "2026-09-10T14:31:05.341309+00:00"}
{"message": "127.0.0.1:58101 - \"GET /assets/index-tLtD-Cu0.js HTTP/1.1\" 200", "severity": "INFO", "module": "h11_impl", "funcName": "send", "lineno": 481, "ts": "2026-09-10T14:31:05.341723+00:00"}
{"message": "127.0.0.1:58083 - \"GET /assets/root-Cyf3bcFs.js HTTP/1.1\" 200", "severity": "INFO", "module": "h11_impl", "funcName": "send", "lineno": 481, "ts": "2026-09-10T14:31:05.342318+00:00"}
{"message": "127.0.0.1:58099 - \"GET /assets/open-hands-axios-LzNSarGn.js HTTP/1.1\" 200", "severity": "INFO", "module": "h11_impl", "funcName": "send", "lineno": 481, "ts": "2026-09-10T14:31:05.342453+00:00"}
{"message": "127.0.0.1:57989 - \"GET /assets/query-client-config-C2aiFcZM.js HTTP/1.1\" 200", "severity": "INFO", "module": "h11_impl", "funcName": "send", "lineno": 481, "ts": "2026-09-10T14:31:05.343305+00:00"}
{"message": "127.0.0.1:57989 - \"GET /locales/en/translation.json HTTP/1.1\" 200", "severity": "INFO", "module": "h11_impl", "funcName": "send", "lineno": 481, "ts": "2026-09-10T14:31:05.356968+00:00"}
{"message": "127.0.0.1:58099 - \"GET /assets/root-layout-ClPiNWoF.js HTTP/1.1\" 200", "severity": "INFO", "module": "h11_impl", "funcName": "send", "lineno": 481, "ts": "2026-09-10T14:31:05.358113+00:00"}
{"message": "127.0.0.1:58083 - \"GET /assets/accept-tos-DizHMh7C.js HTTP/1.1\" 200", "severity": "INFO", "module": "h11_impl", "funcName": "send", "lineno": 481, "ts": "2026-09-10T14:31:05.358547+00:00"}
{"message": "127.0.0.1:58101 - \"GET /api/v1/web-client/config HTTP/1.1\" 200", "severity": "INFO", "module": "h11_impl", "funcName": "send", "lineno": 481, "ts": "2026-09-10T14:31:05.361130+00:00"}
{"message": "127.0.0.1:58101 - \"GET /assets/openhands-logo-DilX03Hr.js HTTP/1.1\" 200", "severity": "INFO", "module": "h11_impl", "funcName": "send", "lineno": 481, "ts": "2026-09-10T14:31:05.371680+00:00"}
{"message": "127.0.0.1:58083 - \"GET /assets/useTranslation-i1xdxadn.js HTTP/1.1\" 200", "severity": "INFO", "module": "h11_impl", "funcName": "send", "lineno": 481, "ts": "2026-09-10T14:31:05.372036+00:00"}
{"message": "127.0.0.1:58099 - \"GET /assets/brand-button-CB2ZqR1E.js HTTP/1.1\" 200", "severity": "INFO", "module": "h11_impl", "funcName": "send", "lineno": 481, "ts": "2026-09-10T14:31:05.372607+00:00"}
{"message": "127.0.0.1:58093 - \"GET /assets/useMutation-8-YK4bsn.js HTTP/1.1\" 200", "severity": "INFO", "module": "h11_impl", "funcName": "send", "lineno": 481, "ts": "2026-09-10T14:31:05.373051+00:00"}
{"message": "127.0.0.1:57989 - \"GET /assets/modal-backdrop-B5BF9mZF.js HTTP/1.1\" 200", "severity": "INFO", "module": "h11_impl", "funcName": "send", "lineno": 481, "ts": "2026-09-10T14:31:05.373680+00:00"}
{"message": "127.0.0.1:58091 - \"GET /assets/handle-capture-consent-BKBd3oL3.js HTTP/1.1\" 200", "severity": "INFO", "module": "h11_impl", "funcName": "send", "lineno": 481, "ts": "2026-09-10T14:31:05.373821+00:00"}
{"message": "127.0.0.1:58101 - \"GET /assets/cross-app-redirect-CA1RAd_9.js HTTP/1.1\" 200", "severity": "INFO", "module": "h11_impl", "funcName": "send", "lineno": 481, "ts": "2026-09-10T14:31:05.381080+00:00"}
{"message": "127.0.0.1:58083 - \"GET /assets/utils-BYzDx4ip.js HTTP/1.1\" 200", "severity": "INFO", "module": "h11_impl", "funcName": "send", "lineno": 481, "ts": "2026-09-10T14:31:05.382057+00:00"}
{"message": "127.0.0.1:58093 - \"GET /assets/use-config-Dh7W-dyl.js HTTP/1.1\" 200", "severity": "INFO", "module": "h11_impl", "funcName": "send", "lineno": 481, "ts": "2026-09-10T14:31:05.383186+00:00"}
{"message": "127.0.0.1:57989 - \"GET /assets/user-service.api-CSKE8tMw.js HTTP/1.1\" 200", "severity": "INFO", "module": "h11_impl", "funcName": "send", "lineno": 481, "ts": "2026-09-10T14:31:05.385737+00:00"}
{"message": "127.0.0.1:58091 - \"GET /assets/sandbox-status-indicator-De-qu6-K.js HTTP/1.1\" 200", "severity": "INFO", "module": "h11_impl", "funcName": "send", "lineno": 481, "ts": "2026-09-10T14:31:05.385962+00:00"}
{"message": "127.0.0.1:58099 - \"GET /assets/use-is-authed-D8E0h2Jo.js HTTP/1.1\" 200", "severity": "INFO", "module": "h11_impl", "funcName": "send", "lineno": 481, "ts": "2026-09-10T14:31:05.386411+00:00"}
{"message": "127.0.0.1:58083 - \"GET /assets/use-logout-SxGpq-OD.js HTTP/1.1\" 200", "severity": "INFO", "module": "h11_impl", "funcName": "send", "lineno": 481, "ts": "2026-09-10T14:31:05.393825+00:00"}
{"message": "127.0.0.1:58101 - \"GET /assets/use-me-Dizf1yD1.js HTTP/1.1\" 200", "severity": "INFO", "module": "h11_impl", "funcName": "send", "lineno": 481, "ts": "2026-09-10T14:31:05.394361+00:00"}
{"message": "127.0.0.1:58093 - \"GET /assets/loading-spinner-sGH7m1sO.js HTTP/1.1\" 200", "severity": "INFO", "module": "h11_impl", "funcName": "send", "lineno": 481, "ts": "2026-09-10T14:31:05.395046+00:00"}
{"message": "127.0.0.1:58099 - \"GET /assets/settings-gear-QGZieQG5.js HTTP/1.1\" 200", "severity": "INFO", "module": "h11_impl", "funcName": "send", "lineno": 481, "ts": "2026-09-10T14:31:05.396336+00:00"}
{"message": "127.0.0.1:58091 - \"GET /assets/index-Cl4PwBnF.js HTTP/1.1\" 200", "severity": "INFO", "module": "h11_impl", "funcName": "send", "lineno": 481, "ts": "2026-09-10T14:31:05.397074+00:00"}
{"message": "127.0.0.1:57989 - \"GET /assets/settings-nav-divider-DNWs2xzQ.js HTTP/1.1\" 200", "severity": "INFO", "module": "h11_impl", "funcName": "send", "lineno": 481, "ts": "2026-09-10T14:31:05.397619+00:00"}
{"message": "127.0.0.1:58083 - \"GET /assets/index-BA1di30B.js HTTP/1.1\" 200", "severity": "INFO", "module": "h11_impl", "funcName": "send", "lineno": 481, "ts": "2026-09-10T14:31:05.403540+00:00"}
{"message": "127.0.0.1:58093 - \"GET /assets/card-BiCf3WY_.js HTTP/1.1\" 200", "severity": "INFO", "module": "h11_impl", "funcName": "send", "lineno": 481, "ts": "2026-09-10T14:31:05.404457+00:00"}
{"message": "127.0.0.1:58101 - \"GET /assets/context-menu-rVWPDAtP.js HTTP/1.1\" 200", "severity": "INFO", "module": "h11_impl", "funcName": "send", "lineno": 481, "ts": "2026-09-10T14:31:05.404954+00:00"}
{"message": "127.0.0.1:58099 - \"GET /assets/card-title-DNMudsxn.js HTTP/1.1\" 200", "severity": "INFO", "module": "h11_impl", "funcName": "send", "lineno": 481, "ts": "2026-09-10T14:31:05.405638+00:00"}
{"message": "127.0.0.1:58091 - \"GET /assets/stacked-5ookcZbZ.js HTTP/1.1\" 200", "severity": "INFO", "module": "h11_impl", "funcName": "send", "lineno": 481, "ts": "2026-09-10T14:31:05.405778+00:00"}
{"message": "127.0.0.1:57989 - \"GET /assets/typography-CEll3mgr.js HTTP/1.1\" 200", "severity": "INFO", "module": "h11_impl", "funcName": "send", "lineno": 481, "ts": "2026-09-10T14:31:05.406010+00:00"}
{"message": "127.0.0.1:58083 - \"GET /assets/chunk-AUA5GDXN-WvNegR2I.js HTTP/1.1\" 200", "severity": "INFO", "module": "h11_impl", "funcName": "send", "lineno": 481, "ts": "2026-09-10T14:31:05.410572+00:00"}
{"message": "127.0.0.1:58093 - \"GET /assets/use-should-hide-org-selector-CpSd0fQ-.js HTTP/1.1\" 200", "severity": "INFO", "module": "h11_impl", "funcName": "send", "lineno": 481, "ts": "2026-09-10T14:31:05.410740+00:00"}
{"message": "127.0.0.1:58101 - \"GET /assets/settings-nav-header-Dnv4GU50.js HTTP/1.1\" 200", "severity": "INFO", "module": "h11_impl", "funcName": "send", "lineno": 481, "ts": "2026-09-10T14:31:05.411169+00:00"}
{"message": "127.0.0.1:58091 - \"GET /assets/invite-organization-member-modal-D4MJ3CFv.js HTTP/1.1\" 200", "severity": "INFO", "module": "h11_impl", "funcName": "send", "lineno": 481, "ts": "2026-09-10T14:31:05.412175+00:00"}
{"message": "127.0.0.1:58099 - \"GET /assets/use-app-mode-B54Qx7LS.js HTTP/1.1\" 200", "severity": "INFO", "module": "h11_impl", "funcName": "send", "lineno": 481, "ts": "2026-09-10T14:31:05.412304+00:00"}
{"message": "127.0.0.1:57989 - \"GET /assets/org-modal-BRTBwe_B.js HTTP/1.1\" 200", "severity": "INFO", "module": "h11_impl", "funcName": "send", "lineno": 481, "ts": "2026-09-10T14:31:05.412712+00:00"}
{"message": "127.0.0.1:58083 - \"GET /assets/styled-tooltip-k9fZGNHu.js HTTP/1.1\" 200", "severity": "INFO", "module": "h11_impl", "funcName": "send", "lineno": 481, "ts": "2026-09-10T14:31:05.419046+00:00"}
{"message": "127.0.0.1:58101 - \"GET /assets/base-modal-8sJuGqdJ.js HTTP/1.1\" 200", "severity": "INFO", "module": "h11_impl", "funcName": "send", "lineno": 481, "ts": "2026-09-10T14:31:05.419265+00:00"}
{"message": "127.0.0.1:58093 - \"GET /assets/organization-service.api-DAj5yeBR.js HTTP/1.1\" 200", "severity": "INFO", "module": "h11_impl", "funcName": "send", "lineno": 481, "ts": "2026-09-10T14:31:05.419391+00:00"}
{"message": "127.0.0.1:58091 - \"GET /assets/model-selector-B_esEVWk.js HTTP/1.1\" 200", "severity": "INFO", "module": "h11_impl", "funcName": "send", "lineno": 481, "ts": "2026-09-10T14:31:05.420460+00:00"}
{"message": "127.0.0.1:58099 - \"GET /assets/permissions-a6OWVwNd.js HTTP/1.1\" 200", "severity": "INFO", "module": "h11_impl", "funcName": "send", "lineno": 481, "ts": "2026-09-10T14:31:05.420625+00:00"}
{"message": "127.0.0.1:57989 - \"GET /assets/settings-input-DeV8o5x5.js HTTP/1.1\" 200", "severity": "INFO", "module": "h11_impl", "funcName": "send", "lineno": 481, "ts": "2026-09-10T14:31:05.420713+00:00"}
{"message": "127.0.0.1:58083 - \"GET /assets/use-save-settings-DbZtTQUT.js HTTP/1.1\" 200", "severity": "INFO", "module": "h11_impl", "funcName": "send", "lineno": 481, "ts": "2026-09-10T14:31:05.426461+00:00"}
{"message": "127.0.0.1:58101 - \"GET /assets/sdk-settings-schema-ysVUDYQY.js HTTP/1.1\" 200", "severity": "INFO", "module": "h11_impl", "funcName": "send", "lineno": 481, "ts": "2026-09-10T14:31:05.426863+00:00"}
{"message": "127.0.0.1:58093 - \"GET /assets/help-link-DcOVRYm_.js HTTP/1.1\" 200", "severity": "INFO", "module": "h11_impl", "funcName": "send", "lineno": 481, "ts": "2026-09-10T14:31:05.427055+00:00"}
{"message": "127.0.0.1:58091 - \"GET /assets/use-settings-DDjmuEGm.js HTTP/1.1\" 200", "severity": "INFO", "module": "h11_impl", "funcName": "send", "lineno": 481, "ts": "2026-09-10T14:31:05.427500+00:00"}
{"message": "127.0.0.1:57989 - \"GET /assets/constants-BAVPcVUC.js HTTP/1.1\" 200", "severity": "INFO", "module": "h11_impl", "funcName": "send", "lineno": 481, "ts": "2026-09-10T14:31:05.427659+00:00"}
{"message": "127.0.0.1:58099 - \"GET /assets/v1-conversation-service.api-Bp7sNLu0.js HTTP/1.1\" 200", "severity": "INFO", "module": "h11_impl", "funcName": "send", "lineno": 481, "ts": "2026-09-10T14:31:05.428158+00:00"}
{"message": "127.0.0.1:58101 - \"GET /assets/use-infinite-scroll-ug_PCwOE.js HTTP/1.1\" 200", "severity": "INFO", "module": "h11_impl", "funcName": "send", "lineno": 481, "ts": "2026-09-10T14:31:05.432598+00:00"}
{"message": "127.0.0.1:58083 - \"GET /assets/modal-body-C_1-4ovn.js HTTP/1.1\" 200", "severity": "INFO", "module": "h11_impl", "funcName": "send", "lineno": 481, "ts": "2026-09-10T14:31:05.432748+00:00"}
{"message": "127.0.0.1:58093 - \"GET /assets/agent-chip-icon-X2ZJp6do.js HTTP/1.1\" 200", "severity": "INFO", "module": "h11_impl", "funcName": "send", "lineno": 481, "ts": "2026-09-10T14:31:05.433027+00:00"}
{"message": "127.0.0.1:58091 - \"GET /assets/conversation-service.api-EKAoYc9o.js HTTP/1.1\" 200", "severity": "INFO", "module": "h11_impl", "funcName": "send", "lineno": 481, "ts": "2026-09-10T14:31:05.433500+00:00"}
{"message": "127.0.0.1:57989 - \"GET /assets/conversation-name-context-menu-icon-text-B1HvcP85.js HTTP/1.1\" 200", "severity": "INFO", "module": "h11_impl", "funcName": "send", "lineno": 481, "ts": "2026-09-10T14:31:05.433931+00:00"}
{"message": "127.0.0.1:58099 - \"GET /assets/u-edit-Cw7UgFQ4.js HTTP/1.1\" 200", "severity": "INFO", "module": "h11_impl", "funcName": "send", "lineno": 481, "ts": "2026-09-10T14:31:05.434389+00:00"}
{"message": "127.0.0.1:58093 - \"GET /assets/format-time-delta-CgY-HPrl.js HTTP/1.1\" 200", "severity": "INFO", "module": "h11_impl", "funcName": "send", "lineno": 481, "ts": "2026-09-10T14:31:05.438294+00:00"}
{"message": "127.0.0.1:58101 - \"GET /assets/u-delete-CqpdoXH5.js HTTP/1.1\" 200", "severity": "INFO", "module": "h11_impl", "funcName": "send", "lineno": 481, "ts": "2026-09-10T14:31:05.438390+00:00"}
{"message": "127.0.0.1:58091 - \"GET /assets/index-CcBMHdO5.js HTTP/1.1\" 200", "severity": "INFO", "module": "h11_impl", "funcName": "send", "lineno": 481, "ts": "2026-09-10T14:31:05.438549+00:00"}
{"message": "127.0.0.1:58083 - \"GET /assets/index-BR5f3GK5.js HTTP/1.1\" 200", "severity": "INFO", "module": "h11_impl", "funcName": "send", "lineno": 481, "ts": "2026-09-10T14:31:05.438778+00:00"}
{"message": "127.0.0.1:57989 - \"GET /assets/azure-devops-logo-DXPdTsmh.js HTTP/1.1\" 200", "severity": "INFO", "module": "h11_impl", "funcName": "send", "lineno": 481, "ts": "2026-09-10T14:31:05.439931+00:00"}
{"message": "127.0.0.1:58099 - \"GET /assets/use-auth-capabilities-EIdFh3Uu.js HTTP/1.1\" 200", "severity": "INFO", "module": "h11_impl", "funcName": "send", "lineno": 481, "ts": "2026-09-10T14:31:05.441675+00:00"}
{"message": "127.0.0.1:58093 - \"GET /assets/local-storage-BL98fNWo.js HTTP/1.1\" 200", "severity": "INFO", "module": "h11_impl", "funcName": "send", "lineno": 481, "ts": "2026-09-10T14:31:05.445032+00:00"}
{"message": "127.0.0.1:58091 - \"GET /assets/use-auth-url-M2suDX2e.js HTTP/1.1\" 200", "severity": "INFO", "module": "h11_impl", "funcName": "send", "lineno": 481, "ts": "2026-09-10T14:31:05.445461+00:00"}
{"message": "127.0.0.1:58101 - \"GET /assets/use-organizations-Du6jQWrG.js HTTP/1.1\" 200", "severity": "INFO", "module": "h11_impl", "funcName": "send", "lineno": 481, "ts": "2026-09-10T14:31:05.445809+00:00"}
{"message": "127.0.0.1:58083 - \"GET /assets/use-onboarding-status-D8-nDDLa.js HTTP/1.1\" 200", "severity": "INFO", "module": "h11_impl", "funcName": "send", "lineno": 481, "ts": "2026-09-10T14:31:05.446464+00:00"}
{"message": "127.0.0.1:57989 - \"GET /assets/close-5k7m9tBa.js HTTP/1.1\" 200", "severity": "INFO", "module": "h11_impl", "funcName": "send", "lineno": 481, "ts": "2026-09-10T14:31:05.446844+00:00"}
{"message": "127.0.0.1:58099 - \"GET /assets/use-user-conversation-Cid1kHvb.js HTTP/1.1\" 200", "severity": "INFO", "module": "h11_impl", "funcName": "send", "lineno": 481, "ts": "2026-09-10T14:31:05.446972+00:00"}
{"message": "127.0.0.1:58093 - \"GET /assets/auth-service.api-DG-mQZWV.js HTTP/1.1\" 200", "severity": "INFO", "module": "h11_impl", "funcName": "send", "lineno": 481, "ts": "2026-09-10T14:31:05.451555+00:00"}
{"message": "127.0.0.1:58091 - \"GET /assets/use-user-providers-De-NIh9j.js HTTP/1.1\" 200", "severity": "INFO", "module": "h11_impl", "funcName": "send", "lineno": 481, "ts": "2026-09-10T14:31:05.452343+00:00"}
{"message": "127.0.0.1:58101 - \"GET /assets/useInfiniteQuery-bO1xC7Iy.js HTTP/1.1\" 200", "severity": "INFO", "module": "h11_impl", "funcName": "send", "lineno": 481, "ts": "2026-09-10T14:31:05.452436+00:00"}
{"message": "127.0.0.1:57989 - \"GET /assets/dropdown-npgxgKWR.js HTTP/1.1\" 200", "severity": "INFO", "module": "h11_impl", "funcName": "send", "lineno": 481, "ts": "2026-09-10T14:31:05.453242+00:00"}
{"message": "127.0.0.1:58083 - \"GET /assets/iconBase-Dv4KA39o.js HTTP/1.1\" 200", "severity": "INFO", "module": "h11_impl", "funcName": "send", "lineno": 481, "ts": "2026-09-10T14:31:05.453355+00:00"}
{"message": "127.0.0.1:58099 - \"GET /assets/downshift.esm-BbaUJ_tW.js HTTP/1.1\" 200", "severity": "INFO", "module": "h11_impl", "funcName": "send", "lineno": 481, "ts": "2026-09-10T14:31:05.453702+00:00"}
{"message": "127.0.0.1:58091 - \"GET /assets/createLucideIcon-BxzTDeUp.js HTTP/1.1\" 200", "severity": "INFO", "module": "h11_impl", "funcName": "send", "lineno": 481, "ts": "2026-09-10T14:31:05.457923+00:00"}
{"message": "127.0.0.1:58093 - \"GET /assets/x-BsgLjmSr.js HTTP/1.1\" 200", "severity": "INFO", "module": "h11_impl", "funcName": "send", "lineno": 481, "ts": "2026-09-10T14:31:05.458244+00:00"}
{"message": "127.0.0.1:58101 - \"GET /assets/chevron-down-DJLF3NWr.js HTTP/1.1\" 200", "severity": "INFO", "module": "h11_impl", "funcName": "send", "lineno": 481, "ts": "2026-09-10T14:31:05.458610+00:00"}
{"message": "127.0.0.1:58083 - \"GET /assets/u-puzzle-piece-DZAj73nM.js HTTP/1.1\" 200", "severity": "INFO", "module": "h11_impl", "funcName": "send", "lineno": 481, "ts": "2026-09-10T14:31:05.458838+00:00"}
{"message": "127.0.0.1:57989 - \"GET /assets/billing-visibility-D5M6Ccfy.js HTTP/1.1\" 200", "severity": "INFO", "module": "h11_impl", "funcName": "send", "lineno": 481, "ts": "2026-09-10T14:31:05.459455+00:00"}
{"message": "127.0.0.1:58099 - \"GET /assets/user-BZaYcIDI.js HTTP/1.1\" 200", "severity": "INFO", "module": "h11_impl", "funcName": "send", "lineno": 481, "ts": "2026-09-10T14:31:05.459703+00:00"}
{"message": "127.0.0.1:58101 - \"GET /assets/Trans-B9E-JHZU.js HTTP/1.1\" 200", "severity": "INFO", "module": "h11_impl", "funcName": "send", "lineno": 481, "ts": "2026-09-10T14:31:05.464015+00:00"}
{"message": "127.0.0.1:58091 - \"GET /assets/use-permissions-Cw6_6mp8.js HTTP/1.1\" 200", "severity": "INFO", "module": "h11_impl", "funcName": "send", "lineno": 481, "ts": "2026-09-10T14:31:05.464221+00:00"}
{"message": "127.0.0.1:58083 - \"GET /assets/index-OXd_jqD1.js HTTP/1.1\" 200", "severity": "INFO", "module": "h11_impl", "funcName": "send", "lineno": 481, "ts": "2026-09-10T14:31:05.464345+00:00"}
{"message": "127.0.0.1:58093 - \"GET /assets/input-validation-hr7xwKOy.js HTTP/1.1\" 200", "severity": "INFO", "module": "h11_impl", "funcName": "send", "lineno": 481, "ts": "2026-09-10T14:31:05.464675+00:00"}
{"message": "127.0.0.1:57989 - \"GET /assets/optional-tag-CEdAG4AY.js HTTP/1.1\" 200", "severity": "INFO", "module": "h11_impl", "funcName": "send", "lineno": 481, "ts": "2026-09-10T14:31:05.465465+00:00"}
{"message": "127.0.0.1:58099 - \"GET /assets/chunk-RXKUWVQZ-D1OtVlZP.js HTTP/1.1\" 200", "severity": "INFO", "module": "h11_impl", "funcName": "send", "lineno": 481, "ts": "2026-09-10T14:31:05.465590+00:00"}
{"message": "127.0.0.1:58101 - \"GET /assets/openhands-logo-white-cxeMkDJA.js HTTP/1.1\" 200", "severity": "INFO", "module": "h11_impl", "funcName": "send", "lineno": 481, "ts": "2026-09-10T14:31:05.469553+00:00"}
{"message": "127.0.0.1:58091 - \"GET /assets/sandbox-service.api--HJWqUv9.js HTTP/1.1\" 200", "severity": "INFO", "module": "h11_impl", "funcName": "send", "lineno": 481, "ts": "2026-09-10T14:31:05.470098+00:00"}
{"message": "127.0.0.1:58091 - \"GET /api/auth/capabilities HTTP/1.1\" 200", "severity": "INFO", "module": "h11_impl", "funcName": "send", "lineno": 481, "ts": "2026-09-10T14:31:05.481736+00:00"}
{"message": "127.0.0.1:58091 - \"GET /assets/index-DWt18b-i.js HTTP/1.1\" 200", "severity": "INFO", "module": "h11_impl", "funcName": "send", "lineno": 481, "ts": "2026-09-10T14:31:05.494150+00:00"}
{"message": "127.0.0.1:58101 - \"GET /assets/gestures-JaRNb3Lx.js HTTP/1.1\" 200", "severity": "INFO", "module": "h11_impl", "funcName": "send", "lineno": 481, "ts": "2026-09-10T14:31:05.494329+00:00"}
{"message": "User 0dfec177-08aa-4cac-8292-e33dc9fd377e accepted TOS", "severity": "INFO", "module": "auth", "funcName": "accept_tos", "lineno": 761, "ts": "2026-09-10T14:31:15.418248+00:00"}
{"message": "Redirecting user to onboarding", "severity": "INFO", "module": "admission", "funcName": "_get_post_auth_redirect", "lineno": 329, "user_id": "0dfec177-08aa-4cac-8292-e33dc9fd377e", "deployment_mode": "self_hosted", "ts": "2026-09-10T14:31:15.434584+00:00"}
{"message": "127.0.0.1:58114 - \"POST /api/accept_tos HTTP/1.1\" 200", "severity": "INFO", "module": "h11_impl", "funcName": "send", "lineno": 481, "ts": "2026-09-10T14:31:15.435343+00:00"}
{"message": "127.0.0.1:58114 - \"GET /assets/onboarding-form-Wf7gGB3I.js HTTP/1.1\" 200", "severity": "INFO", "module": "h11_impl", "funcName": "send", "lineno": 481, "ts": "2026-09-10T14:31:15.443610+00:00"}
{"message": "127.0.0.1:58114 - \"GET /assets/form-input-BylyzABl.js HTTP/1.1\" 200", "severity": "INFO", "module": "h11_impl", "funcName": "send", "lineno": 481, "ts": "2026-09-10T14:31:15.448500+00:00"}
{"message": "127.0.0.1:58114 - \"POST /api/authenticate HTTP/1.1\" 200", "severity": "INFO", "module": "h11_impl", "funcName": "send", "lineno": 481, "ts": "2026-09-10T14:31:15.480614+00:00"}
{"message": "127.0.0.1:58114 - \"GET /api/onboarding_status HTTP/1.1\" 200", "severity": "INFO", "module": "h11_impl", "funcName": "send", "lineno": 481, "ts": "2026-09-10T14:31:15.504511+00:00"}
{"message": "mark_onboarding_completed:success", "severity": "INFO", "module": "user_store", "funcName": "mark_onboarding_completed", "lineno": 829, "user_id": "0dfec177-08aa-4cac-8292-e33dc9fd377e", "ts": "2026-09-10T14:31:38.827155+00:00"}
{"message": "User completed onboarding", "severity": "INFO", "module": "auth", "funcName": "complete_onboarding", "lineno": 893, "user_id": "0dfec177-08aa-4cac-8292-e33dc9fd377e", "ts": "2026-09-10T14:31:38.827928+00:00"}
{"message": "127.0.0.1:58130 - \"POST /api/complete_onboarding HTTP/1.1\" 200", "severity": "INFO", "module": "h11_impl", "funcName": "send", "lineno": 481, "ts": "2026-09-10T14:31:38.834632+00:00"}
{"message": "127.0.0.1:58130 - \"GET /assets/home-B9be-sc-.js HTTP/1.1\" 200", "severity": "INFO", "module": "h11_impl", "funcName": "send", "lineno": 481, "ts": "2026-09-10T14:31:38.844626+00:00"}
{"message": "127.0.0.1:58130 - \"GET /assets/use-create-conversation-Cq1eb-NT.js HTTP/1.1\" 200", "severity": "INFO", "module": "h11_impl", "funcName": "send", "lineno": 481, "ts": "2026-09-10T14:31:38.856530+00:00"}
{"message": "127.0.0.1:58144 - \"GET /assets/git-repo-dropdown-g69fC8tx.js HTTP/1.1\" 200", "severity": "INFO", "module": "h11_impl", "funcName": "send", "lineno": 481, "ts": "2026-09-10T14:31:38.858593+00:00"}
{"message": "127.0.0.1:58146 - \"GET /assets/optimistic-user-message-store-Cxxipzgc.js HTTP/1.1\" 200", "severity": "INFO", "module": "h11_impl", "funcName": "send", "lineno": 481, "ts": "2026-09-10T14:31:38.858717+00:00"}
{"message": "127.0.0.1:58148 - \"GET /assets/use-debounce-Ws-HtAm7.js HTTP/1.1\" 200", "severity": "INFO", "module": "h11_impl", "funcName": "send", "lineno": 481, "ts": "2026-09-10T14:31:38.858963+00:00"}
{"message": "127.0.0.1:58150 - \"GET /assets/settings-yZvhRmJJ.js HTTP/1.1\" 200", "severity": "INFO", "module": "h11_impl", "funcName": "send", "lineno": 481, "ts": "2026-09-10T14:31:38.859636+00:00"}
{"message": "127.0.0.1:58134 - \"GET /api/onboarding_status HTTP/1.1\" 200", "severity": "INFO", "module": "h11_impl", "funcName": "send", "lineno": 481, "ts": "2026-09-10T14:31:38.869427+00:00"}
{"message": "Listing organizations for user", "severity": "INFO", "module": "orgs", "funcName": "list_user_orgs", "lineno": 161, "user_id": "0dfec177-08aa-4cac-8292-e33dc9fd377e", "page_id": null, "limit": 100, "ts": "2026-09-10T14:31:38.907555+00:00"}
{"message": "Successfully retrieved organizations", "severity": "INFO", "module": "orgs", "funcName": "list_user_orgs", "lineno": 189, "user_id": "0dfec177-08aa-4cac-8292-e33dc9fd377e", "org_count": 1, "has_more": false, "ts": "2026-09-10T14:31:38.915183+00:00"}
{"message": "127.0.0.1:58134 - \"GET /api/organizations HTTP/1.1\" 200", "severity": "INFO", "module": "h11_impl", "funcName": "send", "lineno": 481, "ts": "2026-09-10T14:31:38.917765+00:00"}
{"message": "Retrieving current member details", "severity": "INFO", "module": "orgs", "funcName": "get_me", "lineno": 661, "user_id": "0dfec177-08aa-4cac-8292-e33dc9fd377e", "org_id": "0dfec177-08aa-4cac-8292-e33dc9fd377e", "ts": "2026-09-10T14:31:38.965019+00:00"}
{"message": "127.0.0.1:58150 - \"GET /api/v1/app-conversations/search?limit=10 HTTP/1.1\" 200", "severity": "INFO", "module": "h11_impl", "funcName": "send", "lineno": 481, "ts": "2026-09-10T14:31:38.985271+00:00"}
{"message": "127.0.0.1:58134 - \"GET /api/organizations/0dfec177-08aa-4cac-8292-e33dc9fd377e/me HTTP/1.1\" 200", "severity": "INFO", "module": "h11_impl", "funcName": "send", "lineno": 481, "ts": "2026-09-10T14:31:38.986186+00:00"}
{"message": "127.0.0.1:58144 - \"GET /api/v1/settings HTTP/1.1\" 200", "severity": "INFO", "module": "h11_impl", "funcName": "send", "lineno": 481, "ts": "2026-09-10T14:31:38.999945+00:00"}
{"message": "127.0.0.1:58144 - \"GET /settings/accounts HTTP/1.1\" 200", "severity": "INFO", "module": "h11_impl", "funcName": "send", "lineno": 481, "ts": "2026-09-10T14:31:43.924356+00:00"}
{"message": "127.0.0.1:58144 - \"GET /assets/manifest-d7f631c4.js HTTP/1.1\" 200", "severity": "INFO", "module": "h11_impl", "funcName": "send", "lineno": 481, "ts": "2026-09-10T14:31:43.955843+00:00"}
{"message": "127.0.0.1:58134 - \"GET /assets/entry.client-Dw7KE7hM.js HTTP/1.1\" 200", "severity": "INFO", "module": "h11_impl", "funcName": "send", "lineno": 481, "ts": "2026-09-10T14:31:43.956002+00:00"}
{"message": "127.0.0.1:58150 - \"GET /assets/chunk-6CSD65Y2-UpbgoP9j.js HTTP/1.1\" 200", "severity": "INFO", "module": "h11_impl", "funcName": "send", "lineno": 481, "ts": "2026-09-10T14:31:43.956645+00:00"}
{"message": "127.0.0.1:58144 - \"GET /assets/root-D-LbRKNh.css HTTP/1.1\" 200", "severity": "INFO", "module": "h11_impl", "funcName": "send", "lineno": 481, "ts": "2026-09-10T14:31:43.969574+00:00"}
{"message": "127.0.0.1:58191 - \"GET /assets/preload-helper-Bc3Pu81E.js HTTP/1.1\" 200", "severity": "INFO", "module": "h11_impl", "funcName": "send", "lineno": 481, "ts": "2026-09-10T14:31:43.970632+00:00"}
{"message": "127.0.0.1:58193 - \"GET /assets/declaration-Bwok30Lo.js HTTP/1.1\" 200", "severity": "INFO", "module": "h11_impl", "funcName": "send", "lineno": 481, "ts": "2026-09-10T14:31:43.970999+00:00"}
{"message": "127.0.0.1:58150 - \"GET /assets/retrieve-axios-error-message-Dwxjb5f3.js HTTP/1.1\" 200", "severity": "INFO", "module": "h11_impl", "funcName": "send", "lineno": 481, "ts": "2026-09-10T14:31:43.971535+00:00"}
{"message": "127.0.0.1:58134 - \"GET /assets/query-client-config-C2aiFcZM.js HTTP/1.1\" 200", "severity": "INFO", "module": "h11_impl", "funcName": "send", "lineno": 481, "ts": "2026-09-10T14:31:43.971903+00:00"}
{"message": "127.0.0.1:58199 - \"GET /assets/index-Dt4MV93j.js HTTP/1.1\" 200", "severity": "INFO", "module": "h11_impl", "funcName": "send", "lineno": 481, "ts": "2026-09-10T14:31:43.973762+00:00"}
{"message": "127.0.0.1:58191 - \"GET /assets/mutation-DSZmfvqD.js HTTP/1.1\" 200", "severity": "INFO", "module": "h11_impl", "funcName": "send", "lineno": 481, "ts": "2026-09-10T14:31:43.977563+00:00"}
{"message": "127.0.0.1:58134 - \"GET /assets/root-Cyf3bcFs.js HTTP/1.1\" 200", "severity": "INFO", "module": "h11_impl", "funcName": "send", "lineno": 481, "ts": "2026-09-10T14:31:43.978694+00:00"}
{"message": "127.0.0.1:58150 - \"GET /assets/infiniteQueryBehavior-DZN75Mj9.js HTTP/1.1\" 200", "severity": "INFO", "module": "h11_impl", "funcName": "send", "lineno": 481, "ts": "2026-09-10T14:31:43.979763+00:00"}
{"message": "127.0.0.1:58193 - \"GET /assets/query-keys-BSjaytiJ.js HTTP/1.1\" 200", "severity": "INFO", "module": "h11_impl", "funcName": "send", "lineno": 481, "ts": "2026-09-10T14:31:43.981016+00:00"}
{"message": "127.0.0.1:58144 - \"GET /assets/use-invitation-M5_iS4Ov.js HTTP/1.1\" 200", "severity": "INFO", "module": "h11_impl", "funcName": "send", "lineno": 481, "ts": "2026-09-10T14:31:43.984980+00:00"}
{"message": "127.0.0.1:58199 - \"GET /assets/index-CXoKay-T.js HTTP/1.1\" 200", "severity": "INFO", "module": "h11_impl", "funcName": "send", "lineno": 481, "ts": "2026-09-10T14:31:43.987777+00:00"}
{"message": "127.0.0.1:58134 - \"GET /assets/index-tLtD-Cu0.js HTTP/1.1\" 200", "severity": "INFO", "module": "h11_impl", "funcName": "send", "lineno": 481, "ts": "2026-09-10T14:31:43.989303+00:00"}
{"message": "127.0.0.1:58191 - \"GET /assets/custom-toast-handlers-CAVHstGd.js HTTP/1.1\" 200", "severity": "INFO", "module": "h11_impl", "funcName": "send", "lineno": 481, "ts": "2026-09-10T14:31:43.989810+00:00"}
{"message": "127.0.0.1:58193 - \"GET /assets/rate-limit-retry-DdZplSiD.js HTTP/1.1\" 200", "severity": "INFO", "module": "h11_impl", "funcName": "send", "lineno": 481, "ts": "2026-09-10T14:31:43.990546+00:00"}
{"message": "127.0.0.1:58150 - \"GET /assets/open-hands-axios-LzNSarGn.js HTTP/1.1\" 200", "severity": "INFO", "module": "h11_impl", "funcName": "send", "lineno": 481, "ts": "2026-09-10T14:31:43.990922+00:00"}
{"message": "127.0.0.1:58150 - \"GET /locales/en/translation.json HTTP/1.1\" 200", "severity": "INFO", "module": "h11_impl", "funcName": "send", "lineno": 481, "ts": "2026-09-10T14:31:44.005244+00:00"}
{"message": "127.0.0.1:58193 - \"GET /assets/root-layout-ClPiNWoF.js HTTP/1.1\" 200", "severity": "INFO", "module": "h11_impl", "funcName": "send", "lineno": 481, "ts": "2026-09-10T14:31:44.009789+00:00"}
{"message": "127.0.0.1:58191 - \"GET /assets/settings-BGO5WOAS.js HTTP/1.1\" 200", "severity": "INFO", "module": "h11_impl", "funcName": "send", "lineno": 481, "ts": "2026-09-10T14:31:44.010270+00:00"}
{"message": "127.0.0.1:58134 - \"GET /assets/manage-accounts-tel3o1AX.js HTTP/1.1\" 200", "severity": "INFO", "module": "h11_impl", "funcName": "send", "lineno": 481, "ts": "2026-09-10T14:31:44.010891+00:00"}
{"message": "127.0.0.1:58134 - \"GET /assets/typography-CEll3mgr.js HTTP/1.1\" 200", "severity": "INFO", "module": "h11_impl", "funcName": "send", "lineno": 481, "ts": "2026-09-10T14:31:44.027576+00:00"}
{"message": "127.0.0.1:58199 - \"GET /api/v1/web-client/config HTTP/1.1\" 200", "severity": "INFO", "module": "h11_impl", "funcName": "send", "lineno": 481, "ts": "2026-09-10T14:31:44.035881+00:00"}
{"message": "127.0.0.1:58199 - \"GET /assets/organization-service.api-DAj5yeBR.js HTTP/1.1\" 200", "severity": "INFO", "module": "h11_impl", "funcName": "send", "lineno": 481, "ts": "2026-09-10T14:31:44.049334+00:00"}
{"message": "127.0.0.1:58134 - \"GET /assets/use-config-Dh7W-dyl.js HTTP/1.1\" 200", "severity": "INFO", "module": "h11_impl", "funcName": "send", "lineno": 481, "ts": "2026-09-10T14:31:44.050941+00:00"}
{"message": "127.0.0.1:58193 - \"GET /assets/settings-gear-QGZieQG5.js HTTP/1.1\" 200", "severity": "INFO", "module": "h11_impl", "funcName": "send", "lineno": 481, "ts": "2026-09-10T14:31:44.052256+00:00"}
{"message": "127.0.0.1:58150 - \"GET /assets/utils-BYzDx4ip.js HTTP/1.1\" 200", "severity": "INFO", "module": "h11_impl", "funcName": "send", "lineno": 481, "ts": "2026-09-10T14:31:44.052867+00:00"}
{"message": "127.0.0.1:58144 - \"GET /assets/close-5k7m9tBa.js HTTP/1.1\" 200", "severity": "INFO", "module": "h11_impl", "funcName": "send", "lineno": 481, "ts": "2026-09-10T14:31:44.053160+00:00"}
{"message": "127.0.0.1:58191 - \"GET /assets/useTranslation-i1xdxadn.js HTTP/1.1\" 200", "severity": "INFO", "module": "h11_impl", "funcName": "send", "lineno": 481, "ts": "2026-09-10T14:31:44.053480+00:00"}
{"message": "127.0.0.1:58199 - \"GET /assets/settings-nav-divider-DNWs2xzQ.js HTTP/1.1\" 200", "severity": "INFO", "module": "h11_impl", "funcName": "send", "lineno": 481, "ts": "2026-09-10T14:31:44.060854+00:00"}
{"message": "127.0.0.1:58134 - \"GET /assets/use-should-hide-org-selector-CpSd0fQ-.js HTTP/1.1\" 200", "severity": "INFO", "module": "h11_impl", "funcName": "send", "lineno": 481, "ts": "2026-09-10T14:31:44.061233+00:00"}
{"message": "127.0.0.1:58193 - \"GET /assets/settings-nav-header-Dnv4GU50.js HTTP/1.1\" 200", "severity": "INFO", "module": "h11_impl", "funcName": "send", "lineno": 481, "ts": "2026-09-10T14:31:44.061708+00:00"}
{"message": "127.0.0.1:58144 - \"GET /assets/chunk-AUA5GDXN-WvNegR2I.js HTTP/1.1\" 200", "severity": "INFO", "module": "h11_impl", "funcName": "send", "lineno": 481, "ts": "2026-09-10T14:31:44.062503+00:00"}
{"message": "127.0.0.1:58191 - \"GET /assets/use-settings-DDjmuEGm.js HTTP/1.1\" 200", "severity": "INFO", "module": "h11_impl", "funcName": "send", "lineno": 481, "ts": "2026-09-10T14:31:44.063373+00:00"}
{"message": "127.0.0.1:58150 - \"GET /assets/permission-checks-Ce96Mh3q.js HTTP/1.1\" 200", "severity": "INFO", "module": "h11_impl", "funcName": "send", "lineno": 481, "ts": "2026-09-10T14:31:44.064491+00:00"}
{"message": "127.0.0.1:58134 - \"GET /assets/permissions-a6OWVwNd.js HTTP/1.1\" 200", "severity": "INFO", "module": "h11_impl", "funcName": "send", "lineno": 481, "ts": "2026-09-10T14:31:44.071152+00:00"}
{"message": "127.0.0.1:58193 - \"GET /assets/use-me-Dizf1yD1.js HTTP/1.1\" 200", "severity": "INFO", "module": "h11_impl", "funcName": "send", "lineno": 481, "ts": "2026-09-10T14:31:44.072231+00:00"}
{"message": "127.0.0.1:58199 - \"GET /assets/billing-visibility-D5M6Ccfy.js HTTP/1.1\" 200", "severity": "INFO", "module": "h11_impl", "funcName": "send", "lineno": 481, "ts": "2026-09-10T14:31:44.072876+00:00"}
{"message": "127.0.0.1:58144 - \"GET /assets/info-circle-C7uY3qjj.js HTTP/1.1\" 200", "severity": "INFO", "module": "h11_impl", "funcName": "send", "lineno": 481, "ts": "2026-09-10T14:31:44.073306+00:00"}
{"message": "127.0.0.1:58150 - \"GET /assets/use-organizations-Du6jQWrG.js HTTP/1.1\" 200", "severity": "INFO", "module": "h11_impl", "funcName": "send", "lineno": 481, "ts": "2026-09-10T14:31:44.074302+00:00"}
{"message": "127.0.0.1:58191 - \"GET /assets/use-is-authed-D8E0h2Jo.js HTTP/1.1\" 200", "severity": "INFO", "module": "h11_impl", "funcName": "send", "lineno": 481, "ts": "2026-09-10T14:31:44.075373+00:00"}
{"message": "127.0.0.1:58134 - \"GET /assets/auth-service.api-DG-mQZWV.js HTTP/1.1\" 200", "severity": "INFO", "module": "h11_impl", "funcName": "send", "lineno": 481, "ts": "2026-09-10T14:31:44.084121+00:00"}
{"message": "127.0.0.1:58193 - \"GET /assets/dropdown-npgxgKWR.js HTTP/1.1\" 200", "severity": "INFO", "module": "h11_impl", "funcName": "send", "lineno": 481, "ts": "2026-09-10T14:31:44.085739+00:00"}
{"message": "127.0.0.1:58199 - \"GET /assets/downshift.esm-BbaUJ_tW.js HTTP/1.1\" 200", "severity": "INFO", "module": "h11_impl", "funcName": "send", "lineno": 481, "ts": "2026-09-10T14:31:44.086438+00:00"}
{"message": "127.0.0.1:58144 - \"GET /assets/createLucideIcon-BxzTDeUp.js HTTP/1.1\" 200", "severity": "INFO", "module": "h11_impl", "funcName": "send", "lineno": 481, "ts": "2026-09-10T14:31:44.087466+00:00"}
{"message": "127.0.0.1:58150 - \"GET /assets/x-BsgLjmSr.js HTTP/1.1\" 200", "severity": "INFO", "module": "h11_impl", "funcName": "send", "lineno": 481, "ts": "2026-09-10T14:31:44.087585+00:00"}
{"message": "127.0.0.1:58191 - \"GET /assets/chevron-down-DJLF3NWr.js HTTP/1.1\" 200", "severity": "INFO", "module": "h11_impl", "funcName": "send", "lineno": 481, "ts": "2026-09-10T14:31:44.087683+00:00"}
{"message": "127.0.0.1:58199 - \"GET /assets/iconBase-Dv4KA39o.js HTTP/1.1\" 200", "severity": "INFO", "module": "h11_impl", "funcName": "send", "lineno": 481, "ts": "2026-09-10T14:31:44.095546+00:00"}
{"message": "127.0.0.1:58193 - \"GET /assets/u-puzzle-piece-DZAj73nM.js HTTP/1.1\" 200", "severity": "INFO", "module": "h11_impl", "funcName": "send", "lineno": 481, "ts": "2026-09-10T14:31:44.097138+00:00"}
{"message": "127.0.0.1:58134 - \"GET /assets/user-BZaYcIDI.js HTTP/1.1\" 200", "severity": "INFO", "module": "h11_impl", "funcName": "send", "lineno": 481, "ts": "2026-09-10T14:31:44.098333+00:00"}
{"message": "127.0.0.1:58191 - \"GET /assets/useMutation-8-YK4bsn.js HTTP/1.1\" 200", "severity": "INFO", "module": "h11_impl", "funcName": "send", "lineno": 481, "ts": "2026-09-10T14:31:44.099397+00:00"}
{"message": "127.0.0.1:58144 - \"GET /assets/use-permissions-Cw6_6mp8.js HTTP/1.1\" 200", "severity": "INFO", "module": "h11_impl", "funcName": "send", "lineno": 481, "ts": "2026-09-10T14:31:44.099539+00:00"}
{"message": "127.0.0.1:58150 - \"GET /assets/use-auth-capabilities-EIdFh3Uu.js HTTP/1.1\" 200", "severity": "INFO", "module": "h11_impl", "funcName": "send", "lineno": 481, "ts": "2026-09-10T14:31:44.100150+00:00"}
{"message": "127.0.0.1:58199 - \"GET /assets/local-storage-BL98fNWo.js HTTP/1.1\" 200", "severity": "INFO", "module": "h11_impl", "funcName": "send", "lineno": 481, "ts": "2026-09-10T14:31:44.107688+00:00"}
{"message": "127.0.0.1:58193 - \"GET /assets/index-OXd_jqD1.js HTTP/1.1\" 200", "severity": "INFO", "module": "h11_impl", "funcName": "send", "lineno": 481, "ts": "2026-09-10T14:31:44.108703+00:00"}
{"message": "127.0.0.1:58144 - \"GET /assets/sandbox-status-indicator-De-qu6-K.js HTTP/1.1\" 200", "severity": "INFO", "module": "h11_impl", "funcName": "send", "lineno": 481, "ts": "2026-09-10T14:31:44.109981+00:00"}
{"message": "127.0.0.1:58191 - \"GET /assets/use-logout-SxGpq-OD.js HTTP/1.1\" 200", "severity": "INFO", "module": "h11_impl", "funcName": "send", "lineno": 481, "ts": "2026-09-10T14:31:44.110153+00:00"}
{"message": "127.0.0.1:58134 - \"GET /assets/user-service.api-CSKE8tMw.js HTTP/1.1\" 200", "severity": "INFO", "module": "h11_impl", "funcName": "send", "lineno": 481, "ts": "2026-09-10T14:31:44.110234+00:00"}
{"message": "127.0.0.1:58150 - \"GET /assets/loading-spinner-sGH7m1sO.js HTTP/1.1\" 200", "severity": "INFO", "module": "h11_impl", "funcName": "send", "lineno": 481, "ts": "2026-09-10T14:31:44.110636+00:00"}
{"message": "127.0.0.1:58199 - \"GET /assets/index-Cl4PwBnF.js HTTP/1.1\" 200", "severity": "INFO", "module": "h11_impl", "funcName": "send", "lineno": 481, "ts": "2026-09-10T14:31:44.115824+00:00"}
{"message": "127.0.0.1:58144 - \"GET /assets/index-BA1di30B.js HTTP/1.1\" 200", "severity": "INFO", "module": "h11_impl", "funcName": "send", "lineno": 481, "ts": "2026-09-10T14:31:44.117757+00:00"}
{"message": "127.0.0.1:58191 - \"GET /assets/context-menu-rVWPDAtP.js HTTP/1.1\" 200", "severity": "INFO", "module": "h11_impl", "funcName": "send", "lineno": 481, "ts": "2026-09-10T14:31:44.118244+00:00"}
{"message": "127.0.0.1:58150 - \"GET /assets/card-title-DNMudsxn.js HTTP/1.1\" 200", "severity": "INFO", "module": "h11_impl", "funcName": "send", "lineno": 481, "ts": "2026-09-10T14:31:44.118478+00:00"}
{"message": "127.0.0.1:58134 - \"GET /assets/card-BiCf3WY_.js HTTP/1.1\" 200", "severity": "INFO", "module": "h11_impl", "funcName": "send", "lineno": 481, "ts": "2026-09-10T14:31:44.118617+00:00"}
{"message": "127.0.0.1:58193 - \"GET /assets/stacked-5ookcZbZ.js HTTP/1.1\" 200", "severity": "INFO", "module": "h11_impl", "funcName": "send", "lineno": 481, "ts": "2026-09-10T14:31:44.125444+00:00"}
{"message": "127.0.0.1:58199 - \"GET /assets/use-app-mode-B54Qx7LS.js HTTP/1.1\" 200", "severity": "INFO", "module": "h11_impl", "funcName": "send", "lineno": 481, "ts": "2026-09-10T14:31:44.127000+00:00"}
{"message": "127.0.0.1:58144 - \"GET /assets/invite-organization-member-modal-D4MJ3CFv.js HTTP/1.1\" 200", "severity": "INFO", "module": "h11_impl", "funcName": "send", "lineno": 481, "ts": "2026-09-10T14:31:44.127817+00:00"}
{"message": "127.0.0.1:58191 - \"GET /assets/styled-tooltip-k9fZGNHu.js HTTP/1.1\" 200", "severity": "INFO", "module": "h11_impl", "funcName": "send", "lineno": 481, "ts": "2026-09-10T14:31:44.128723+00:00"}
{"message": "127.0.0.1:58150 - \"GET /assets/openhands-logo-DilX03Hr.js HTTP/1.1\" 200", "severity": "INFO", "module": "h11_impl", "funcName": "send", "lineno": 481, "ts": "2026-09-10T14:31:44.128887+00:00"}
{"message": "127.0.0.1:58134 - \"GET /assets/org-modal-BRTBwe_B.js HTTP/1.1\" 200", "severity": "INFO", "module": "h11_impl", "funcName": "send", "lineno": 481, "ts": "2026-09-10T14:31:44.129871+00:00"}
{"message": "127.0.0.1:58193 - \"GET /assets/modal-backdrop-B5BF9mZF.js HTTP/1.1\" 200", "severity": "INFO", "module": "h11_impl", "funcName": "send", "lineno": 481, "ts": "2026-09-10T14:31:44.134108+00:00"}
{"message": "127.0.0.1:58199 - \"GET /assets/base-modal-8sJuGqdJ.js HTTP/1.1\" 200", "severity": "INFO", "module": "h11_impl", "funcName": "send", "lineno": 481, "ts": "2026-09-10T14:31:44.137259+00:00"}
{"message": "127.0.0.1:58144 - \"GET /assets/model-selector-B_esEVWk.js HTTP/1.1\" 200", "severity": "INFO", "module": "h11_impl", "funcName": "send", "lineno": 481, "ts": "2026-09-10T14:31:44.137933+00:00"}
{"message": "127.0.0.1:58150 - \"GET /assets/brand-button-CB2ZqR1E.js HTTP/1.1\" 200", "severity": "INFO", "module": "h11_impl", "funcName": "send", "lineno": 481, "ts": "2026-09-10T14:31:44.138744+00:00"}
{"message": "127.0.0.1:58191 - \"GET /assets/settings-input-DeV8o5x5.js HTTP/1.1\" 200", "severity": "INFO", "module": "h11_impl", "funcName": "send", "lineno": 481, "ts": "2026-09-10T14:31:44.138870+00:00"}
{"message": "127.0.0.1:58134 - \"GET /assets/help-link-DcOVRYm_.js HTTP/1.1\" 200", "severity": "INFO", "module": "h11_impl", "funcName": "send", "lineno": 481, "ts": "2026-09-10T14:31:44.139183+00:00"}
{"message": "127.0.0.1:58193 - \"GET /assets/use-save-settings-DbZtTQUT.js HTTP/1.1\" 200", "severity": "INFO", "module": "h11_impl", "funcName": "send", "lineno": 481, "ts": "2026-09-10T14:31:44.142932+00:00"}
{"message": "127.0.0.1:58199 - \"GET /assets/sdk-settings-schema-ysVUDYQY.js HTTP/1.1\" 200", "severity": "INFO", "module": "h11_impl", "funcName": "send", "lineno": 481, "ts": "2026-09-10T14:31:44.147854+00:00"}
{"message": "127.0.0.1:58144 - \"GET /assets/constants-BAVPcVUC.js HTTP/1.1\" 200", "severity": "INFO", "module": "h11_impl", "funcName": "send", "lineno": 481, "ts": "2026-09-10T14:31:44.149638+00:00"}
{"message": "127.0.0.1:58150 - \"GET /assets/v1-conversation-service.api-Bp7sNLu0.js HTTP/1.1\" 200", "severity": "INFO", "module": "h11_impl", "funcName": "send", "lineno": 481, "ts": "2026-09-10T14:31:44.149939+00:00"}
{"message": "127.0.0.1:58191 - \"GET /assets/use-infinite-scroll-ug_PCwOE.js HTTP/1.1\" 200", "severity": "INFO", "module": "h11_impl", "funcName": "send", "lineno": 481, "ts": "2026-09-10T14:31:44.150160+00:00"}
{"message": "127.0.0.1:58134 - \"GET /assets/modal-body-C_1-4ovn.js HTTP/1.1\" 200", "severity": "INFO", "module": "h11_impl", "funcName": "send", "lineno": 481, "ts": "2026-09-10T14:31:44.150769+00:00"}
{"message": "127.0.0.1:58193 - \"GET /assets/agent-chip-icon-X2ZJp6do.js HTTP/1.1\" 200", "severity": "INFO", "module": "h11_impl", "funcName": "send", "lineno": 481, "ts": "2026-09-10T14:31:44.152453+00:00"}
{"message": "127.0.0.1:58199 - \"GET /assets/conversation-service.api-EKAoYc9o.js HTTP/1.1\" 200", "severity": "INFO", "module": "h11_impl", "funcName": "send", "lineno": 481, "ts": "2026-09-10T14:31:44.157715+00:00"}
{"message": "127.0.0.1:58150 - \"GET /assets/u-edit-Cw7UgFQ4.js HTTP/1.1\" 200", "severity": "INFO", "module": "h11_impl", "funcName": "send", "lineno": 481, "ts": "2026-09-10T14:31:44.157888+00:00"}
{"message": "127.0.0.1:58191 - \"GET /assets/conversation-name-context-menu-icon-text-B1HvcP85.js HTTP/1.1\" 200", "severity": "INFO", "module": "h11_impl", "funcName": "send", "lineno": 481, "ts": "2026-09-10T14:31:44.158230+00:00"}
{"message": "127.0.0.1:58144 - \"GET /assets/u-delete-CqpdoXH5.js HTTP/1.1\" 200", "severity": "INFO", "module": "h11_impl", "funcName": "send", "lineno": 481, "ts": "2026-09-10T14:31:44.158728+00:00"}
{"message": "127.0.0.1:58134 - \"GET /assets/format-time-delta-CgY-HPrl.js HTTP/1.1\" 200", "severity": "INFO", "module": "h11_impl", "funcName": "send", "lineno": 481, "ts": "2026-09-10T14:31:44.159369+00:00"}
{"message": "127.0.0.1:58193 - \"GET /assets/index-BR5f3GK5.js HTTP/1.1\" 200", "severity": "INFO", "module": "h11_impl", "funcName": "send", "lineno": 481, "ts": "2026-09-10T14:31:44.159643+00:00"}
{"message": "127.0.0.1:58150 - \"GET /assets/index-CcBMHdO5.js HTTP/1.1\" 200", "severity": "INFO", "module": "h11_impl", "funcName": "send", "lineno": 481, "ts": "2026-09-10T14:31:44.165224+00:00"}
{"message": "127.0.0.1:58199 - \"GET /assets/azure-devops-logo-DXPdTsmh.js HTTP/1.1\" 200", "severity": "INFO", "module": "h11_impl", "funcName": "send", "lineno": 481, "ts": "2026-09-10T14:31:44.165477+00:00"}
{"message": "127.0.0.1:58144 - \"GET /assets/use-auth-url-M2suDX2e.js HTTP/1.1\" 200", "severity": "INFO", "module": "h11_impl", "funcName": "send", "lineno": 481, "ts": "2026-09-10T14:31:44.165931+00:00"}
{"message": "127.0.0.1:58191 - \"GET /assets/handle-capture-consent-BKBd3oL3.js HTTP/1.1\" 200", "severity": "INFO", "module": "h11_impl", "funcName": "send", "lineno": 481, "ts": "2026-09-10T14:31:44.166009+00:00"}
{"message": "127.0.0.1:58134 - \"GET /assets/cross-app-redirect-CA1RAd_9.js HTTP/1.1\" 200", "severity": "INFO", "module": "h11_impl", "funcName": "send", "lineno": 481, "ts": "2026-09-10T14:31:44.166550+00:00"}
{"message": "127.0.0.1:58193 - \"GET /assets/use-onboarding-status-D8-nDDLa.js HTTP/1.1\" 200", "severity": "INFO", "module": "h11_impl", "funcName": "send", "lineno": 481, "ts": "2026-09-10T14:31:44.167103+00:00"}
{"message": "127.0.0.1:58199 - \"GET /assets/use-user-conversation-Cid1kHvb.js HTTP/1.1\" 200", "severity": "INFO", "module": "h11_impl", "funcName": "send", "lineno": 481, "ts": "2026-09-10T14:31:44.171841+00:00"}
{"message": "127.0.0.1:58150 - \"GET /assets/use-user-providers-De-NIh9j.js HTTP/1.1\" 200", "severity": "INFO", "module": "h11_impl", "funcName": "send", "lineno": 481, "ts": "2026-09-10T14:31:44.173137+00:00"}
{"message": "127.0.0.1:58191 - \"GET /assets/useInfiniteQuery-bO1xC7Iy.js HTTP/1.1\" 200", "severity": "INFO", "module": "h11_impl", "funcName": "send", "lineno": 481, "ts": "2026-09-10T14:31:44.173667+00:00"}
{"message": "127.0.0.1:58144 - \"GET /assets/Trans-B9E-JHZU.js HTTP/1.1\" 200", "severity": "INFO", "module": "h11_impl", "funcName": "send", "lineno": 481, "ts": "2026-09-10T14:31:44.173847+00:00"}
{"message": "127.0.0.1:58134 - \"GET /assets/input-validation-hr7xwKOy.js HTTP/1.1\" 200", "severity": "INFO", "module": "h11_impl", "funcName": "send", "lineno": 481, "ts": "2026-09-10T14:31:44.173922+00:00"}
{"message": "127.0.0.1:58193 - \"GET /assets/chunk-RXKUWVQZ-D1OtVlZP.js HTTP/1.1\" 200", "severity": "INFO", "module": "h11_impl", "funcName": "send", "lineno": 481, "ts": "2026-09-10T14:31:44.174527+00:00"}
{"message": "127.0.0.1:58199 - \"GET /assets/optional-tag-CEdAG4AY.js HTTP/1.1\" 200", "severity": "INFO", "module": "h11_impl", "funcName": "send", "lineno": 481, "ts": "2026-09-10T14:31:44.179346+00:00"}
{"message": "127.0.0.1:58150 - \"GET /assets/openhands-logo-white-cxeMkDJA.js HTTP/1.1\" 200", "severity": "INFO", "module": "h11_impl", "funcName": "send", "lineno": 481, "ts": "2026-09-10T14:31:44.180428+00:00"}
{"message": "127.0.0.1:58191 - \"GET /assets/account-form-D3u4oKV4.js HTTP/1.1\" 200", "severity": "INFO", "module": "h11_impl", "funcName": "send", "lineno": 481, "ts": "2026-09-10T14:31:44.181443+00:00"}
{"message": "127.0.0.1:58144 - \"GET /assets/sandbox-service.api--HJWqUv9.js HTTP/1.1\" 200", "severity": "INFO", "module": "h11_impl", "funcName": "send", "lineno": 481, "ts": "2026-09-10T14:31:44.181588+00:00"}
{"message": "127.0.0.1:58134 - \"GET /assets/password-policy-Blwrl2wX.js HTTP/1.1\" 200", "severity": "INFO", "module": "h11_impl", "funcName": "send", "lineno": 481, "ts": "2026-09-10T14:31:44.182163+00:00"}
{"message": "127.0.0.1:58134 - \"GET /api/auth/capabilities HTTP/1.1\" 200", "severity": "INFO", "module": "h11_impl", "funcName": "send", "lineno": 481, "ts": "2026-09-10T14:31:44.191702+00:00"}
{"message": "127.0.0.1:58144 - \"POST /api/authenticate HTTP/1.1\" 200", "severity": "INFO", "module": "h11_impl", "funcName": "send", "lineno": 481, "ts": "2026-09-10T14:31:44.202074+00:00"}
{"message": "127.0.0.1:58144 - \"GET /assets/index-DWt18b-i.js HTTP/1.1\" 200", "severity": "INFO", "module": "h11_impl", "funcName": "send", "lineno": 481, "ts": "2026-09-10T14:31:44.216482+00:00"}
{"message": "127.0.0.1:58134 - \"GET /assets/gestures-JaRNb3Lx.js HTTP/1.1\" 200", "severity": "INFO", "module": "h11_impl", "funcName": "send", "lineno": 481, "ts": "2026-09-10T14:31:44.216742+00:00"}
{"message": "Listing organizations for user", "severity": "INFO", "module": "orgs", "funcName": "list_user_orgs", "lineno": 161, "user_id": "0dfec177-08aa-4cac-8292-e33dc9fd377e", "page_id": null, "limit": 100, "ts": "2026-09-10T14:31:44.228516+00:00"}
{"message": "127.0.0.1:58150 - \"GET /api/onboarding_status HTTP/1.1\" 200", "severity": "INFO", "module": "h11_impl", "funcName": "send", "lineno": 481, "ts": "2026-09-10T14:31:44.232440+00:00"}
{"message": "Successfully retrieved organizations", "severity": "INFO", "module": "orgs", "funcName": "list_user_orgs", "lineno": 189, "user_id": "0dfec177-08aa-4cac-8292-e33dc9fd377e", "org_count": 1, "has_more": false, "ts": "2026-09-10T14:31:44.235743+00:00"}
{"message": "127.0.0.1:58191 - \"GET /api/organizations HTTP/1.1\" 200", "severity": "INFO", "module": "h11_impl", "funcName": "send", "lineno": 481, "ts": "2026-09-10T14:31:44.236589+00:00"}
{"message": "Retrieving current member details", "severity": "INFO", "module": "orgs", "funcName": "get_me", "lineno": 661, "user_id": "0dfec177-08aa-4cac-8292-e33dc9fd377e", "org_id": "0dfec177-08aa-4cac-8292-e33dc9fd377e", "ts": "2026-09-10T14:31:44.264927+00:00"}
{"message": "127.0.0.1:58191 - \"GET /api/organizations/0dfec177-08aa-4cac-8292-e33dc9fd377e/me HTTP/1.1\" 200", "severity": "INFO", "module": "h11_impl", "funcName": "send", "lineno": 481, "ts": "2026-09-10T14:31:44.279196+00:00"}
{"message": "127.0.0.1:58150 - \"GET /api/v1/settings HTTP/1.1\" 200", "severity": "INFO", "module": "h11_impl", "funcName": "send", "lineno": 481, "ts": "2026-09-10T14:31:44.288048+00:00"}
{"message": "127.0.0.1:58211 - \"POST /api/auth/accounts HTTP/1.1\" 200", "severity": "INFO", "module": "h11_impl", "funcName": "send", "lineno": 481, "ts": "2026-09-10T14:31:58.882573+00:00"}
{"message": "127.0.0.1:58217 - \"GET /settings/integrations HTTP/1.1\" 200", "severity": "INFO", "module": "h11_impl", "funcName": "send", "lineno": 481, "ts": "2026-09-10T14:32:10.337137+00:00"}
{"message": "127.0.0.1:58217 - \"GET /assets/manifest-d7f631c4.js HTTP/1.1\" 200", "severity": "INFO", "module": "h11_impl", "funcName": "send", "lineno": 481, "ts": "2026-09-10T14:32:10.353476+00:00"}
{"message": "127.0.0.1:58231 - \"GET /assets/root-D-LbRKNh.css HTTP/1.1\" 200", "severity": "INFO", "module": "h11_impl", "funcName": "send", "lineno": 481, "ts": "2026-09-10T14:32:10.357249+00:00"}
{"message": "127.0.0.1:58241 - \"GET /assets/query-keys-BSjaytiJ.js HTTP/1.1\" 200", "severity": "INFO", "module": "h11_impl", "funcName": "send", "lineno": 481, "ts": "2026-09-10T14:32:10.358596+00:00"}
{"message": "127.0.0.1:58245 - \"GET /assets/preload-helper-Bc3Pu81E.js HTTP/1.1\" 200", "severity": "INFO", "module": "h11_impl", "funcName": "send", "lineno": 481, "ts": "2026-09-10T14:32:10.358899+00:00"}
{"message": "127.0.0.1:58251 - \"GET /assets/retrieve-axios-error-message-Dwxjb5f3.js HTTP/1.1\" 200", "severity": "INFO", "module": "h11_impl", "funcName": "send", "lineno": 481, "ts": "2026-09-10T14:32:10.359673+00:00"}
{"message": "127.0.0.1:58217 - \"GET /assets/rate-limit-retry-DdZplSiD.js HTTP/1.1\" 200", "severity": "INFO", "module": "h11_impl", "funcName": "send", "lineno": 481, "ts": "2026-09-10T14:32:10.360494+00:00"}
{"message": "127.0.0.1:58255 - \"GET /assets/custom-toast-handlers-CAVHstGd.js HTTP/1.1\" 200", "severity": "INFO", "module": "h11_impl", "funcName": "send", "lineno": 481, "ts": "2026-09-10T14:32:10.361529+00:00"}
{"message": "127.0.0.1:58241 - \"GET /assets/infiniteQueryBehavior-DZN75Mj9.js HTTP/1.1\" 200", "severity": "INFO", "module": "h11_impl", "funcName": "send", "lineno": 481, "ts": "2026-09-10T14:32:10.364532+00:00"}
{"message": "127.0.0.1:58245 - \"GET /assets/root-Cyf3bcFs.js HTTP/1.1\" 200", "severity": "INFO", "module": "h11_impl", "funcName": "send", "lineno": 481, "ts": "2026-09-10T14:32:10.365548+00:00"}
{"message": "127.0.0.1:58251 - \"GET /assets/use-invitation-M5_iS4Ov.js HTTP/1.1\" 200", "severity": "INFO", "module": "h11_impl", "funcName": "send", "lineno": 481, "ts": "2026-09-10T14:32:10.366377+00:00"}
{"message": "127.0.0.1:58217 - \"GET /assets/open-hands-axios-LzNSarGn.js HTTP/1.1\" 200", "severity": "INFO", "module": "h11_impl", "funcName": "send", "lineno": 481, "ts": "2026-09-10T14:32:10.367320+00:00"}
{"message": "127.0.0.1:58255 - \"GET /assets/query-client-config-C2aiFcZM.js HTTP/1.1\" 200", "severity": "INFO", "module": "h11_impl", "funcName": "send", "lineno": 481, "ts": "2026-09-10T14:32:10.368653+00:00"}
{"message": "127.0.0.1:58231 - \"GET /assets/entry.client-Dw7KE7hM.js HTTP/1.1\" 200", "severity": "INFO", "module": "h11_impl", "funcName": "send", "lineno": 481, "ts": "2026-09-10T14:32:10.368960+00:00"}
{"message": "127.0.0.1:58241 - \"GET /assets/index-Dt4MV93j.js HTTP/1.1\" 200", "severity": "INFO", "module": "h11_impl", "funcName": "send", "lineno": 481, "ts": "2026-09-10T14:32:10.371954+00:00"}
{"message": "127.0.0.1:58245 - \"GET /assets/chunk-6CSD65Y2-UpbgoP9j.js HTTP/1.1\" 200", "severity": "INFO", "module": "h11_impl", "funcName": "send", "lineno": 481, "ts": "2026-09-10T14:32:10.373060+00:00"}
{"message": "127.0.0.1:58251 - \"GET /assets/index-CXoKay-T.js HTTP/1.1\" 200", "severity": "INFO", "module": "h11_impl", "funcName": "send", "lineno": 481, "ts": "2026-09-10T14:32:10.373236+00:00"}
{"message": "127.0.0.1:58217 - \"GET /assets/declaration-Bwok30Lo.js HTTP/1.1\" 200", "severity": "INFO", "module": "h11_impl", "funcName": "send", "lineno": 481, "ts": "2026-09-10T14:32:10.374392+00:00"}
{"message": "127.0.0.1:58255 - \"GET /assets/index-tLtD-Cu0.js HTTP/1.1\" 200", "severity": "INFO", "module": "h11_impl", "funcName": "send", "lineno": 481, "ts": "2026-09-10T14:32:10.375085+00:00"}
{"message": "127.0.0.1:58231 - \"GET /assets/mutation-DSZmfvqD.js HTTP/1.1\" 200", "severity": "INFO", "module": "h11_impl", "funcName": "send", "lineno": 481, "ts": "2026-09-10T14:32:10.377680+00:00"}
{"message": "127.0.0.1:58231 - \"GET /locales/en/translation.json HTTP/1.1\" 200", "severity": "INFO", "module": "h11_impl", "funcName": "send", "lineno": 481, "ts": "2026-09-10T14:32:10.388975+00:00"}
{"message": "127.0.0.1:58231 - \"GET /assets/root-layout-ClPiNWoF.js HTTP/1.1\" 200", "severity": "INFO", "module": "h11_impl", "funcName": "send", "lineno": 481, "ts": "2026-09-10T14:32:10.394452+00:00"}
{"message": "127.0.0.1:58217 - \"GET /assets/settings-BGO5WOAS.js HTTP/1.1\" 200", "severity": "INFO", "module": "h11_impl", "funcName": "send", "lineno": 481, "ts": "2026-09-10T14:32:10.394688+00:00"}
{"message": "127.0.0.1:58255 - \"GET /assets/git-settings-SUq9s1w5.js HTTP/1.1\" 200", "severity": "INFO", "module": "h11_impl", "funcName": "send", "lineno": 481, "ts": "2026-09-10T14:32:10.395032+00:00"}
{"message": "127.0.0.1:58245 - \"GET /api/v1/web-client/config HTTP/1.1\" 200", "severity": "INFO", "module": "h11_impl", "funcName": "send", "lineno": 481, "ts": "2026-09-10T14:32:10.398551+00:00"}
{"message": "127.0.0.1:58255 - \"GET /assets/organization-service.api-DAj5yeBR.js HTTP/1.1\" 200", "severity": "INFO", "module": "h11_impl", "funcName": "send", "lineno": 481, "ts": "2026-09-10T14:32:10.411579+00:00"}
{"message": "127.0.0.1:58241 - \"GET /assets/useTranslation-i1xdxadn.js HTTP/1.1\" 200", "severity": "INFO", "module": "h11_impl", "funcName": "send", "lineno": 481, "ts": "2026-09-10T14:32:10.411823+00:00"}
{"message": "127.0.0.1:58217 - \"GET /assets/use-config-Dh7W-dyl.js HTTP/1.1\" 200", "severity": "INFO", "module": "h11_impl", "funcName": "send", "lineno": 481, "ts": "2026-09-10T14:32:10.411929+00:00"}
{"message": "127.0.0.1:58231 - \"GET /assets/settings-gear-QGZieQG5.js HTTP/1.1\" 200", "severity": "INFO", "module": "h11_impl", "funcName": "send", "lineno": 481, "ts": "2026-09-10T14:32:10.411996+00:00"}
{"message": "127.0.0.1:58251 - \"GET /assets/utils-BYzDx4ip.js HTTP/1.1\" 200", "severity": "INFO", "module": "h11_impl", "funcName": "send", "lineno": 481, "ts": "2026-09-10T14:32:10.412154+00:00"}
{"message": "127.0.0.1:58245 - \"GET /assets/typography-CEll3mgr.js HTTP/1.1\" 200", "severity": "INFO", "module": "h11_impl", "funcName": "send", "lineno": 481, "ts": "2026-09-10T14:32:10.412259+00:00"}
{"message": "127.0.0.1:58241 - \"GET /assets/settings-nav-divider-DNWs2xzQ.js HTTP/1.1\" 200", "severity": "INFO", "module": "h11_impl", "funcName": "send", "lineno": 481, "ts": "2026-09-10T14:32:10.418686+00:00"}
{"message": "127.0.0.1:58255 - \"GET /assets/close-5k7m9tBa.js HTTP/1.1\" 200", "severity": "INFO", "module": "h11_impl", "funcName": "send", "lineno": 481, "ts": "2026-09-10T14:32:10.419265+00:00"}
{"message": "127.0.0.1:58251 - \"GET /assets/settings-nav-header-Dnv4GU50.js HTTP/1.1\" 200", "severity": "INFO", "module": "h11_impl", "funcName": "send", "lineno": 481, "ts": "2026-09-10T14:32:10.420249+00:00"}
{"message": "127.0.0.1:58245 - \"GET /assets/use-settings-DDjmuEGm.js HTTP/1.1\" 200", "severity": "INFO", "module": "h11_impl", "funcName": "send", "lineno": 481, "ts": "2026-09-10T14:32:10.420673+00:00"}
{"message": "127.0.0.1:58217 - \"GET /assets/chunk-AUA5GDXN-WvNegR2I.js HTTP/1.1\" 200", "severity": "INFO", "module": "h11_impl", "funcName": "send", "lineno": 481, "ts": "2026-09-10T14:32:10.420955+00:00"}
{"message": "127.0.0.1:58231 - \"GET /assets/use-should-hide-org-selector-CpSd0fQ-.js HTTP/1.1\" 200", "severity": "INFO", "module": "h11_impl", "funcName": "send", "lineno": 481, "ts": "2026-09-10T14:32:10.421223+00:00"}
{"message": "127.0.0.1:58241 - \"GET /assets/permission-checks-Ce96Mh3q.js HTTP/1.1\" 200", "severity": "INFO", "module": "h11_impl", "funcName": "send", "lineno": 481, "ts": "2026-09-10T14:32:10.430400+00:00"}
{"message": "127.0.0.1:58255 - \"GET /assets/permissions-a6OWVwNd.js HTTP/1.1\" 200", "severity": "INFO", "module": "h11_impl", "funcName": "send", "lineno": 481, "ts": "2026-09-10T14:32:10.432011+00:00"}
{"message": "127.0.0.1:58251 - \"GET /assets/billing-visibility-D5M6Ccfy.js HTTP/1.1\" 200", "severity": "INFO", "module": "h11_impl", "funcName": "send", "lineno": 481, "ts": "2026-09-10T14:32:10.432970+00:00"}
{"message": "127.0.0.1:58217 - \"GET /assets/info-circle-C7uY3qjj.js HTTP/1.1\" 200", "severity": "INFO", "module": "h11_impl", "funcName": "send", "lineno": 481, "ts": "2026-09-10T14:32:10.433171+00:00"}
{"message": "127.0.0.1:58231 - \"GET /assets/use-organizations-Du6jQWrG.js HTTP/1.1\" 200", "severity": "INFO", "module": "h11_impl", "funcName": "send", "lineno": 481, "ts": "2026-09-10T14:32:10.433708+00:00"}
{"message": "127.0.0.1:58245 - \"GET /assets/use-me-Dizf1yD1.js HTTP/1.1\" 200", "severity": "INFO", "module": "h11_impl", "funcName": "send", "lineno": 481, "ts": "2026-09-10T14:32:10.434234+00:00"}
{"message": "127.0.0.1:58241 - \"GET /assets/use-is-authed-D8E0h2Jo.js HTTP/1.1\" 200", "severity": "INFO", "module": "h11_impl", "funcName": "send", "lineno": 481, "ts": "2026-09-10T14:32:10.441013+00:00"}
{"message": "127.0.0.1:58255 - \"GET /assets/auth-service.api-DG-mQZWV.js HTTP/1.1\" 200", "severity": "INFO", "module": "h11_impl", "funcName": "send", "lineno": 481, "ts": "2026-09-10T14:32:10.441495+00:00"}
{"message": "127.0.0.1:58217 - \"GET /assets/downshift.esm-BbaUJ_tW.js HTTP/1.1\" 200", "severity": "INFO", "module": "h11_impl", "funcName": "send", "lineno": 481, "ts": "2026-09-10T14:32:10.442388+00:00"}
{"message": "127.0.0.1:58251 - \"GET /assets/dropdown-npgxgKWR.js HTTP/1.1\" 200", "severity": "INFO", "module": "h11_impl", "funcName": "send", "lineno": 481, "ts": "2026-09-10T14:32:10.442578+00:00"}
{"message": "127.0.0.1:58245 - \"GET /assets/createLucideIcon-BxzTDeUp.js HTTP/1.1\" 200", "severity": "INFO", "module": "h11_impl", "funcName": "send", "lineno": 481, "ts": "2026-09-10T14:32:10.442694+00:00"}
{"message": "127.0.0.1:58231 - \"GET /assets/x-BsgLjmSr.js HTTP/1.1\" 200", "severity": "INFO", "module": "h11_impl", "funcName": "send", "lineno": 481, "ts": "2026-09-10T14:32:10.442882+00:00"}
{"message": "127.0.0.1:58241 - \"GET /assets/chevron-down-DJLF3NWr.js HTTP/1.1\" 200", "severity": "INFO", "module": "h11_impl", "funcName": "send", "lineno": 481, "ts": "2026-09-10T14:32:10.448148+00:00"}
{"message": "127.0.0.1:58255 - \"GET /assets/iconBase-Dv4KA39o.js HTTP/1.1\" 200", "severity": "INFO", "module": "h11_impl", "funcName": "send", "lineno": 481, "ts": "2026-09-10T14:32:10.448627+00:00"}
{"message": "127.0.0.1:58217 - \"GET /assets/u-puzzle-piece-DZAj73nM.js HTTP/1.1\" 200", "severity": "INFO", "module": "h11_impl", "funcName": "send", "lineno": 481, "ts": "2026-09-10T14:32:10.449459+00:00"}
{"message": "127.0.0.1:58245 - \"GET /assets/user-BZaYcIDI.js HTTP/1.1\" 200", "severity": "INFO", "module": "h11_impl", "funcName": "send", "lineno": 481, "ts": "2026-09-10T14:32:10.449768+00:00"}
{"message": "127.0.0.1:58231 - \"GET /assets/use-permissions-Cw6_6mp8.js HTTP/1.1\" 200", "severity": "INFO", "module": "h11_impl", "funcName": "send", "lineno": 481, "ts": "2026-09-10T14:32:10.450272+00:00"}
{"message": "127.0.0.1:58251 - \"GET /assets/use-auth-capabilities-EIdFh3Uu.js HTTP/1.1\" 200", "severity": "INFO", "module": "h11_impl", "funcName": "send", "lineno": 481, "ts": "2026-09-10T14:32:10.451366+00:00"}
{"message": "127.0.0.1:58241 - \"GET /assets/useMutation-8-YK4bsn.js HTTP/1.1\" 200", "severity": "INFO", "module": "h11_impl", "funcName": "send", "lineno": 481, "ts": "2026-09-10T14:32:10.452625+00:00"}
{"message": "127.0.0.1:58255 - \"GET /assets/local-storage-BL98fNWo.js HTTP/1.1\" 200", "severity": "INFO", "module": "h11_impl", "funcName": "send", "lineno": 481, "ts": "2026-09-10T14:32:10.452962+00:00"}
{"message": "127.0.0.1:58245 - \"GET /assets/user-service.api-CSKE8tMw.js HTTP/1.1\" 200", "severity": "INFO", "module": "h11_impl", "funcName": "send", "lineno": 481, "ts": "2026-09-10T14:32:10.459331+00:00"}
{"message": "127.0.0.1:58231 - \"GET /assets/sandbox-status-indicator-De-qu6-K.js HTTP/1.1\" 200", "severity": "INFO", "module": "h11_impl", "funcName": "send", "lineno": 481, "ts": "2026-09-10T14:32:10.459515+00:00"}
{"message": "127.0.0.1:58217 - \"GET /assets/index-OXd_jqD1.js HTTP/1.1\" 200", "severity": "INFO", "module": "h11_impl", "funcName": "send", "lineno": 481, "ts": "2026-09-10T14:32:10.459924+00:00"}
{"message": "127.0.0.1:58251 - \"GET /assets/use-logout-SxGpq-OD.js HTTP/1.1\" 200", "severity": "INFO", "module": "h11_impl", "funcName": "send", "lineno": 481, "ts": "2026-09-10T14:32:10.460214+00:00"}
{"message": "127.0.0.1:58241 - \"GET /assets/loading-spinner-sGH7m1sO.js HTTP/1.1\" 200", "severity": "INFO", "module": "h11_impl", "funcName": "send", "lineno": 481, "ts": "2026-09-10T14:32:10.460554+00:00"}
{"message": "127.0.0.1:58255 - \"GET /assets/index-Cl4PwBnF.js HTTP/1.1\" 200", "severity": "INFO", "module": "h11_impl", "funcName": "send", "lineno": 481, "ts": "2026-09-10T14:32:10.462319+00:00"}
{"message": "127.0.0.1:58231 - \"GET /assets/index-BA1di30B.js HTTP/1.1\" 200", "severity": "INFO", "module": "h11_impl", "funcName": "send", "lineno": 481, "ts": "2026-09-10T14:32:10.467337+00:00"}
{"message": "127.0.0.1:58245 - \"GET /assets/context-menu-rVWPDAtP.js HTTP/1.1\" 200", "severity": "INFO", "module": "h11_impl", "funcName": "send", "lineno": 481, "ts": "2026-09-10T14:32:10.467647+00:00"}
{"message": "127.0.0.1:58251 - \"GET /assets/card-BiCf3WY_.js HTTP/1.1\" 200", "severity": "INFO", "module": "h11_impl", "funcName": "send", "lineno": 481, "ts": "2026-09-10T14:32:10.468561+00:00"}
{"message": "127.0.0.1:58241 - \"GET /assets/card-title-DNMudsxn.js HTTP/1.1\" 200", "severity": "INFO", "module": "h11_impl", "funcName": "send", "lineno": 481, "ts": "2026-09-10T14:32:10.468815+00:00"}
{"message": "127.0.0.1:58255 - \"GET /assets/stacked-5ookcZbZ.js HTTP/1.1\" 200", "severity": "INFO", "module": "h11_impl", "funcName": "send", "lineno": 481, "ts": "2026-09-10T14:32:10.470871+00:00"}
{"message": "127.0.0.1:58217 - \"GET /assets/use-app-mode-B54Qx7LS.js HTTP/1.1\" 200", "severity": "INFO", "module": "h11_impl", "funcName": "send", "lineno": 481, "ts": "2026-09-10T14:32:10.474821+00:00"}
{"message": "127.0.0.1:58231 - \"GET /assets/invite-organization-member-modal-D4MJ3CFv.js HTTP/1.1\" 200", "severity": "INFO", "module": "h11_impl", "funcName": "send", "lineno": 481, "ts": "2026-09-10T14:32:10.475434+00:00"}
{"message": "127.0.0.1:58245 - \"GET /assets/org-modal-BRTBwe_B.js HTTP/1.1\" 200", "severity": "INFO", "module": "h11_impl", "funcName": "send", "lineno": 481, "ts": "2026-09-10T14:32:10.475872+00:00"}
{"message": "127.0.0.1:58241 - \"GET /assets/styled-tooltip-k9fZGNHu.js HTTP/1.1\" 200", "severity": "INFO", "module": "h11_impl", "funcName": "send", "lineno": 481, "ts": "2026-09-10T14:32:10.476380+00:00"}
{"message": "127.0.0.1:58251 - \"GET /assets/openhands-logo-DilX03Hr.js HTTP/1.1\" 200", "severity": "INFO", "module": "h11_impl", "funcName": "send", "lineno": 481, "ts": "2026-09-10T14:32:10.476530+00:00"}
{"message": "127.0.0.1:58255 - \"GET /assets/modal-backdrop-B5BF9mZF.js HTTP/1.1\" 200", "severity": "INFO", "module": "h11_impl", "funcName": "send", "lineno": 481, "ts": "2026-09-10T14:32:10.478741+00:00"}
{"message": "127.0.0.1:58217 - \"GET /assets/base-modal-8sJuGqdJ.js HTTP/1.1\" 200", "severity": "INFO", "module": "h11_impl", "funcName": "send", "lineno": 481, "ts": "2026-09-10T14:32:10.482241+00:00"}
{"message": "127.0.0.1:58231 - \"GET /assets/model-selector-B_esEVWk.js HTTP/1.1\" 200", "severity": "INFO", "module": "h11_impl", "funcName": "send", "lineno": 481, "ts": "2026-09-10T14:32:10.482428+00:00"}
{"message": "127.0.0.1:58245 - \"GET /assets/brand-button-CB2ZqR1E.js HTTP/1.1\" 200", "severity": "INFO", "module": "h11_impl", "funcName": "send", "lineno": 481, "ts": "2026-09-10T14:32:10.482800+00:00"}
{"message": "127.0.0.1:58251 - \"GET /assets/help-link-DcOVRYm_.js HTTP/1.1\" 200", "severity": "INFO", "module": "h11_impl", "funcName": "send", "lineno": 481, "ts": "2026-09-10T14:32:10.483315+00:00"}
{"message": "127.0.0.1:58241 - \"GET /assets/settings-input-DeV8o5x5.js HTTP/1.1\" 200", "severity": "INFO", "module": "h11_impl", "funcName": "send", "lineno": 481, "ts": "2026-09-10T14:32:10.483581+00:00"}
{"message": "127.0.0.1:58255 - \"GET /assets/use-save-settings-DbZtTQUT.js HTTP/1.1\" 200", "severity": "INFO", "module": "h11_impl", "funcName": "send", "lineno": 481, "ts": "2026-09-10T14:32:10.484999+00:00"}
{"message": "127.0.0.1:58217 - \"GET /assets/constants-BAVPcVUC.js HTTP/1.1\" 200", "severity": "INFO", "module": "h11_impl", "funcName": "send", "lineno": 481, "ts": "2026-09-10T14:32:10.489526+00:00"}
{"message": "127.0.0.1:58231 - \"GET /assets/sdk-settings-schema-ysVUDYQY.js HTTP/1.1\" 200", "severity": "INFO", "module": "h11_impl", "funcName": "send", "lineno": 481, "ts": "2026-09-10T14:32:10.489761+00:00"}
{"message": "127.0.0.1:58245 - \"GET /assets/v1-conversation-service.api-Bp7sNLu0.js HTTP/1.1\" 200", "severity": "INFO", "module": "h11_impl", "funcName": "send", "lineno": 481, "ts": "2026-09-10T14:32:10.490044+00:00"}
{"message": "127.0.0.1:58251 - \"GET /assets/use-infinite-scroll-ug_PCwOE.js HTTP/1.1\" 200", "severity": "INFO", "module": "h11_impl", "funcName": "send", "lineno": 481, "ts": "2026-09-10T14:32:10.490302+00:00"}
{"message": "127.0.0.1:58241 - \"GET /assets/modal-body-C_1-4ovn.js HTTP/1.1\" 200", "severity": "INFO", "module": "h11_impl", "funcName": "send", "lineno": 481, "ts": "2026-09-10T14:32:10.490558+00:00"}
{"message": "127.0.0.1:58255 - \"GET /assets/agent-chip-icon-X2ZJp6do.js HTTP/1.1\" 200", "severity": "INFO", "module": "h11_impl", "funcName": "send", "lineno": 481, "ts": "2026-09-10T14:32:10.491114+00:00"}
{"message": "127.0.0.1:58245 - \"GET /assets/conversation-service.api-EKAoYc9o.js HTTP/1.1\" 200", "severity": "INFO", "module": "h11_impl", "funcName": "send", "lineno": 481, "ts": "2026-09-10T14:32:10.496414+00:00"}
{"message": "127.0.0.1:58251 - \"GET /assets/u-edit-Cw7UgFQ4.js HTTP/1.1\" 200", "severity": "INFO", "module": "h11_impl", "funcName": "send", "lineno": 481, "ts": "2026-09-10T14:32:10.496863+00:00"}
{"message": "127.0.0.1:58231 - \"GET /assets/conversation-name-context-menu-icon-text-B1HvcP85.js HTTP/1.1\" 200", "severity": "INFO", "module": "h11_impl", "funcName": "send", "lineno": 481, "ts": "2026-09-10T14:32:10.497310+00:00"}
{"message": "127.0.0.1:58217 - \"GET /assets/u-delete-CqpdoXH5.js HTTP/1.1\" 200", "severity": "INFO", "module": "h11_impl", "funcName": "send", "lineno": 481, "ts": "2026-09-10T14:32:10.497676+00:00"}
{"message": "127.0.0.1:58241 - \"GET /assets/format-time-delta-CgY-HPrl.js HTTP/1.1\" 200", "severity": "INFO", "module": "h11_impl", "funcName": "send", "lineno": 481, "ts": "2026-09-10T14:32:10.497893+00:00"}
{"message": "127.0.0.1:58255 - \"GET /assets/index-BR5f3GK5.js HTTP/1.1\" 200", "severity": "INFO", "module": "h11_impl", "funcName": "send", "lineno": 481, "ts": "2026-09-10T14:32:10.498038+00:00"}
{"message": "127.0.0.1:58245 - \"GET /assets/index-CcBMHdO5.js HTTP/1.1\" 200", "severity": "INFO", "module": "h11_impl", "funcName": "send", "lineno": 481, "ts": "2026-09-10T14:32:10.502248+00:00"}
{"message": "127.0.0.1:58231 - \"GET /assets/azure-devops-logo-DXPdTsmh.js HTTP/1.1\" 200", "severity": "INFO", "module": "h11_impl", "funcName": "send", "lineno": 481, "ts": "2026-09-10T14:32:10.502631+00:00"}
{"message": "127.0.0.1:58217 - \"GET /assets/handle-capture-consent-BKBd3oL3.js HTTP/1.1\" 200", "severity": "INFO", "module": "h11_impl", "funcName": "send", "lineno": 481, "ts": "2026-09-10T14:32:10.503124+00:00"}
{"message": "127.0.0.1:58251 - \"GET /assets/use-auth-url-M2suDX2e.js HTTP/1.1\" 200", "severity": "INFO", "module": "h11_impl", "funcName": "send", "lineno": 481, "ts": "2026-09-10T14:32:10.503456+00:00"}
{"message": "127.0.0.1:58241 - \"GET /assets/cross-app-redirect-CA1RAd_9.js HTTP/1.1\" 200", "severity": "INFO", "module": "h11_impl", "funcName": "send", "lineno": 481, "ts": "2026-09-10T14:32:10.504664+00:00"}
{"message": "127.0.0.1:58255 - \"GET /assets/use-onboarding-status-D8-nDDLa.js HTTP/1.1\" 200", "severity": "INFO", "module": "h11_impl", "funcName": "send", "lineno": 481, "ts": "2026-09-10T14:32:10.504860+00:00"}
{"message": "127.0.0.1:58245 - \"GET /assets/use-user-conversation-Cid1kHvb.js HTTP/1.1\" 200", "severity": "INFO", "module": "h11_impl", "funcName": "send", "lineno": 481, "ts": "2026-09-10T14:32:10.509743+00:00"}
{"message": "127.0.0.1:58217 - \"GET /assets/use-user-providers-De-NIh9j.js HTTP/1.1\" 200", "severity": "INFO", "module": "h11_impl", "funcName": "send", "lineno": 481, "ts": "2026-09-10T14:32:10.510405+00:00"}
{"message": "127.0.0.1:58251 - \"GET /assets/useInfiniteQuery-bO1xC7Iy.js HTTP/1.1\" 200", "severity": "INFO", "module": "h11_impl", "funcName": "send", "lineno": 481, "ts": "2026-09-10T14:32:10.510534+00:00"}
{"message": "127.0.0.1:58231 - \"GET /assets/Trans-B9E-JHZU.js HTTP/1.1\" 200", "severity": "INFO", "module": "h11_impl", "funcName": "send", "lineno": 481, "ts": "2026-09-10T14:32:10.511286+00:00"}
{"message": "127.0.0.1:58255 - \"GET /assets/input-validation-hr7xwKOy.js HTTP/1.1\" 200", "severity": "INFO", "module": "h11_impl", "funcName": "send", "lineno": 481, "ts": "2026-09-10T14:32:10.511550+00:00"}
{"message": "127.0.0.1:58241 - \"GET /assets/chunk-RXKUWVQZ-D1OtVlZP.js HTTP/1.1\" 200", "severity": "INFO", "module": "h11_impl", "funcName": "send", "lineno": 481, "ts": "2026-09-10T14:32:10.512068+00:00"}
{"message": "127.0.0.1:58245 - \"GET /assets/optional-tag-CEdAG4AY.js HTTP/1.1\" 200", "severity": "INFO", "module": "h11_impl", "funcName": "send", "lineno": 481, "ts": "2026-09-10T14:32:10.517053+00:00"}
{"message": "127.0.0.1:58217 - \"GET /assets/sandbox-service.api--HJWqUv9.js HTTP/1.1\" 200", "severity": "INFO", "module": "h11_impl", "funcName": "send", "lineno": 481, "ts": "2026-09-10T14:32:10.517330+00:00"}
{"message": "127.0.0.1:58251 - \"GET /assets/openhands-logo-white-cxeMkDJA.js HTTP/1.1\" 200", "severity": "INFO", "module": "h11_impl", "funcName": "send", "lineno": 481, "ts": "2026-09-10T14:32:10.517683+00:00"}
{"message": "127.0.0.1:58255 - \"GET /assets/permission-guard-C6cuQw9v.js HTTP/1.1\" 200", "severity": "INFO", "module": "h11_impl", "funcName": "send", "lineno": 481, "ts": "2026-09-10T14:32:10.517982+00:00"}
{"message": "127.0.0.1:58231 - \"GET /assets/secrets-service-DXxIzDnn.js HTTP/1.1\" 200", "severity": "INFO", "module": "h11_impl", "funcName": "send", "lineno": 481, "ts": "2026-09-10T14:32:10.518080+00:00"}
{"message": "127.0.0.1:58241 - \"GET /assets/key-status-icon-BqqQh2bb.js HTTP/1.1\" 200", "severity": "INFO", "module": "h11_impl", "funcName": "send", "lineno": 481, "ts": "2026-09-10T14:32:10.520142+00:00"}
{"message": "127.0.0.1:58245 - \"GET /assets/debug-stackframe-dot-Du04LfGz.js HTTP/1.1\" 200", "severity": "INFO", "module": "h11_impl", "funcName": "send", "lineno": 481, "ts": "2026-09-10T14:32:10.523861+00:00"}
{"message": "127.0.0.1:58251 - \"GET /assets/settings-switch-CEdTfuA2.js HTTP/1.1\" 200", "severity": "INFO", "module": "h11_impl", "funcName": "send", "lineno": 481, "ts": "2026-09-10T14:32:10.524135+00:00"}
{"message": "127.0.0.1:58255 - \"GET /assets/subtext-skeleton-fINAEz1v.js HTTP/1.1\" 200", "severity": "INFO", "module": "h11_impl", "funcName": "send", "lineno": 481, "ts": "2026-09-10T14:32:10.524328+00:00"}
{"message": "127.0.0.1:58217 - \"GET /assets/confirmation-modal-zGKvtsEB.js HTTP/1.1\" 200", "severity": "INFO", "module": "h11_impl", "funcName": "send", "lineno": 481, "ts": "2026-09-10T14:32:10.524455+00:00"}
{"message": "Listing organizations for user", "severity": "INFO", "module": "orgs", "funcName": "list_user_orgs", "lineno": 161, "user_id": "0dfec177-08aa-4cac-8292-e33dc9fd377e", "page_id": null, "limit": 100, "ts": "2026-09-10T14:32:10.534695+00:00"}
{"message": "Successfully retrieved organizations", "severity": "INFO", "module": "orgs", "funcName": "list_user_orgs", "lineno": 189, "user_id": "0dfec177-08aa-4cac-8292-e33dc9fd377e", "org_count": 1, "has_more": false, "ts": "2026-09-10T14:32:10.539028+00:00"}
{"message": "127.0.0.1:58255 - \"GET /api/organizations HTTP/1.1\" 200", "severity": "INFO", "module": "h11_impl", "funcName": "send", "lineno": 481, "ts": "2026-09-10T14:32:10.539528+00:00"}
{"message": "Retrieving current member details", "severity": "INFO", "module": "orgs", "funcName": "get_me", "lineno": 661, "user_id": "0dfec177-08aa-4cac-8292-e33dc9fd377e", "org_id": "0dfec177-08aa-4cac-8292-e33dc9fd377e", "ts": "2026-09-10T14:32:10.549775+00:00"}
{"message": "127.0.0.1:58255 - \"GET /api/organizations/0dfec177-08aa-4cac-8292-e33dc9fd377e/me HTTP/1.1\" 200", "severity": "INFO", "module": "h11_impl", "funcName": "send", "lineno": 481, "ts": "2026-09-10T14:32:10.555774+00:00"}
{"message": "127.0.0.1:58255 - \"GET /api/auth/capabilities HTTP/1.1\" 200", "severity": "INFO", "module": "h11_impl", "funcName": "send", "lineno": 481, "ts": "2026-09-10T14:32:10.562745+00:00"}
{"message": "127.0.0.1:58217 - \"POST /api/authenticate HTTP/1.1\" 200", "severity": "INFO", "module": "h11_impl", "funcName": "send", "lineno": 481, "ts": "2026-09-10T14:32:10.569332+00:00"}
{"message": "127.0.0.1:58255 - \"GET /assets/gestures-JaRNb3Lx.js HTTP/1.1\" 200", "severity": "INFO", "module": "h11_impl", "funcName": "send", "lineno": 481, "ts": "2026-09-10T14:32:10.582796+00:00"}
{"message": "127.0.0.1:58217 - \"GET /assets/index-DWt18b-i.js HTTP/1.1\" 200", "severity": "INFO", "module": "h11_impl", "funcName": "send", "lineno": 481, "ts": "2026-09-10T14:32:10.582930+00:00"}
{"message": "127.0.0.1:58251 - \"GET /api/onboarding_status HTTP/1.1\" 200", "severity": "INFO", "module": "h11_impl", "funcName": "send", "lineno": 481, "ts": "2026-09-10T14:32:10.594252+00:00"}
{"message": "127.0.0.1:58245 - \"GET /api/v1/settings HTTP/1.1\" 200", "severity": "INFO", "module": "h11_impl", "funcName": "send", "lineno": 481, "ts": "2026-09-10T14:32:10.610261+00:00"}
{"message": "127.0.0.1:58261 - \"GET /api/auth/csrf HTTP/1.1\" 200", "severity": "INFO", "module": "h11_impl", "funcName": "send", "lineno": 481, "ts": "2026-09-10T14:32:22.015008+00:00"}
{"message": "127.0.0.1:58261 - \"POST /api/auth/password/forgot HTTP/1.1\" 200", "severity": "INFO", "module": "h11_impl", "funcName": "send", "lineno": 481, "ts": "2026-09-10T14:32:22.027497+00:00"}
{"message": "Shutting down", "severity": "INFO", "module": "server", "funcName": "shutdown", "lineno": 272, "ts": "2026-09-10T14:32:24.133818+00:00"}
{"message": "Waiting for connections to close. (CTRL+C to force quit)", "severity": "INFO", "module": "server", "funcName": "_wait_tasks_to_complete", "lineno": 307, "ts": "2026-09-10T14:32:24.236213+00:00"}
{"message": "Finished server process [22113]", "severity": "INFO", "module": "server", "funcName": "_serve", "lineno": 102, "color_message": "Finished server process [\u001b[36m%d\u001b[0m]", "ts": "2026-09-10T14:32:50.749765+00:00"}
