+----------------------------------------------------------------------+
|  OpenHands SDK v1.45.0                                               |
|                                                                      |
|  Report a bug: github.com/OpenHands/software-agent-sdk/issues        |
|  Get help: openhands.dev/joinslack                                   |
|  Scale up: openhands.dev/product/sdk                                 |
|                                                                      |
|  Set OPENHANDS_SUPPRESS_BANNER=1 to hide this message                |
+----------------------------------------------------------------------+

[92m10:32:40 - openhands:INFO[0m: server_config.py:50 - Using config class server.config.SaaSServerConfig
{"message": "Tavily API key not configured, skipping Tavily MCP proxy", "severity": "INFO", "module": "mcp_router", "funcName": "init_tavily_proxy", "lineno": 59, "ts": "2026-09-10T14:32:41.124018+00:00"}
Can't instantiate abstract class UserAuthorizerInjector without an implementation for abstract method 'inject'
{"message": "Using default UserAuthorizer", "severity": "INFO", "module": "user_authorizer", "funcName": "depends_user_authorizer", "lineno": 43, "ts": "2026-09-10T14:32:41.245501+00:00"}
{"message": "Started server process [30012]", "severity": "INFO", "module": "server", "funcName": "_serve", "lineno": 92, "color_message": "Started server process [\u001b[36m%d\u001b[0m]", "ts": "2026-09-10T14:32:42.235003+00:00"}
{"message": "Waiting for application startup.", "severity": "INFO", "module": "on", "funcName": "startup", "lineno": 48, "ts": "2026-09-10T14:32:42.235174+00:00"}
{"message": "StreamableHTTP session manager started", "severity": "INFO", "module": "streamable_http_manager", "funcName": "run", "lineno": 128, "ts": "2026-09-10T14:32:42.240581+00:00"}
{"message": "ApiKey.org setup primary join org.id = api_keys.org_id", "severity": "INFO", "module": "relationships", "funcName": "_log_joins", "lineno": 2339, "ts": "2026-09-10T14:32:42.260761+00:00"}
{"message": "ApiKey.org setup secondary join None", "severity": "INFO", "module": "relationships", "funcName": "_log_joins", "lineno": 2340, "ts": "2026-09-10T14:32:42.260906+00:00"}
{"message": "ApiKey.org synchronize pairs [(org.id => api_keys.org_id)]", "severity": "INFO", "module": "relationships", "funcName": "_log_joins", "lineno": 2341, "ts": "2026-09-10T14:32:42.260938+00:00"}
{"message": "ApiKey.org secondary synchronize pairs []", "severity": "INFO", "module": "relationships", "funcName": "_log_joins", "lineno": 2348, "ts": "2026-09-10T14:32:42.260955+00:00"}
{"message": "ApiKey.org local/remote pairs [(api_keys.org_id / org.id)]", "severity": "INFO", "module": "relationships", "funcName": "_log_joins", "lineno": 2356, "ts": "2026-09-10T14:32:42.260971+00:00"}
{"message": "ApiKey.org remote columns [org.id]", "severity": "INFO", "module": "relationships", "funcName": "_log_joins", "lineno": 2363, "ts": "2026-09-10T14:32:42.260995+00:00"}
{"message": "ApiKey.org local columns [api_keys.org_id]", "severity": "INFO", "module": "relationships", "funcName": "_log_joins", "lineno": 2368, "ts": "2026-09-10T14:32:42.261192+00:00"}
{"message": "ApiKey.org relationship direction RelationshipDirection.MANYTOONE", "severity": "INFO", "module": "relationships", "funcName": "_log_joins", "lineno": 2373, "ts": "2026-09-10T14:32:42.261207+00:00"}
{"message": "ApiKey.org lazy loading clause org.id = :param_1", "severity": "INFO", "module": "strategies", "funcName": "__init__", "lineno": 738, "ts": "2026-09-10T14:32:42.261303+00:00"}
{"message": "ApiKey.org will use Session.get() to optimize instance loads", "severity": "INFO", "module": "strategies", "funcName": "__init__", "lineno": 764, "ts": "2026-09-10T14:32:42.261424+00:00"}
{"message": "BillingSession.org setup primary join org.id = billing_sessions.org_id", "severity": "INFO", "module": "relationships", "funcName": "_log_joins", "lineno": 2339, "ts": "2026-09-10T14:32:42.262305+00:00"}
{"message": "BillingSession.org setup secondary join None", "severity": "INFO", "module": "relationships", "funcName": "_log_joins", "lineno": 2340, "ts": "2026-09-10T14:32:42.262386+00:00"}
{"message": "BillingSession.org synchronize pairs [(org.id => billing_sessions.org_id)]", "severity": "INFO", "module": "relationships", "funcName": "_log_joins", "lineno": 2341, "ts": "2026-09-10T14:32:42.262416+00:00"}
{"message": "BillingSession.org secondary synchronize pairs []", "severity": "INFO", "module": "relationships", "funcName": "_log_joins", "lineno": 2348, "ts": "2026-09-10T14:32:42.262429+00:00"}
{"message": "BillingSession.org local/remote pairs [(billing_sessions.org_id / org.id)]", "severity": "INFO", "module": "relationships", "funcName": "_log_joins", "lineno": 2356, "ts": "2026-09-10T14:32:42.262440+00:00"}
{"message": "BillingSession.org remote columns [org.id]", "severity": "INFO", "module": "relationships", "funcName": "_log_joins", "lineno": 2363, "ts": "2026-09-10T14:32:42.262456+00:00"}
{"message": "BillingSession.org local columns [billing_sessions.org_id]", "severity": "INFO", "module": "relationships", "funcName": "_log_joins", "lineno": 2368, "ts": "2026-09-10T14:32:42.262470+00:00"}
{"message": "BillingSession.org relationship direction RelationshipDirection.MANYTOONE", "severity": "INFO", "module": "relationships", "funcName": "_log_joins", "lineno": 2373, "ts": "2026-09-10T14:32:42.262480+00:00"}
{"message": "BillingSession.org lazy loading clause org.id = :param_1", "severity": "INFO", "module": "strategies", "funcName": "__init__", "lineno": 738, "ts": "2026-09-10T14:32:42.262539+00:00"}
{"message": "BillingSession.org will use Session.get() to optimize instance loads", "severity": "INFO", "module": "strategies", "funcName": "__init__", "lineno": 764, "ts": "2026-09-10T14:32:42.262606+00:00"}
{"message": "Org.org_members setup primary join org.id = org_member.org_id", "severity": "INFO", "module": "relationships", "funcName": "_log_joins", "lineno": 2339, "ts": "2026-09-10T14:32:42.264924+00:00"}
{"message": "Org.org_members setup secondary join None", "severity": "INFO", "module": "relationships", "funcName": "_log_joins", "lineno": 2340, "ts": "2026-09-10T14:32:42.264973+00:00"}
{"message": "Org.org_members synchronize pairs [(org.id => org_member.org_id)]", "severity": "INFO", "module": "relationships", "funcName": "_log_joins", "lineno": 2341, "ts": "2026-09-10T14:32:42.265246+00:00"}
{"message": "Org.org_members secondary synchronize pairs []", "severity": "INFO", "module": "relationships", "funcName": "_log_joins", "lineno": 2348, "ts": "2026-09-10T14:32:42.265286+00:00"}
{"message": "Org.org_members local/remote pairs [(org.id / org_member.org_id)]", "severity": "INFO", "module": "relationships", "funcName": "_log_joins", "lineno": 2356, "ts": "2026-09-10T14:32:42.265306+00:00"}
{"message": "Org.org_members remote columns [org_member.org_id]", "severity": "INFO", "module": "relationships", "funcName": "_log_joins", "lineno": 2363, "ts": "2026-09-10T14:32:42.265336+00:00"}
{"message": "Org.org_members local columns [org.id]", "severity": "INFO", "module": "relationships", "funcName": "_log_joins", "lineno": 2368, "ts": "2026-09-10T14:32:42.265357+00:00"}
{"message": "Org.org_members relationship direction RelationshipDirection.ONETOMANY", "severity": "INFO", "module": "relationships", "funcName": "_log_joins", "lineno": 2373, "ts": "2026-09-10T14:32:42.265372+00:00"}
{"message": "Org.org_members lazy loading clause :param_1 = org_member.org_id", "severity": "INFO", "module": "strategies", "funcName": "__init__", "lineno": 738, "ts": "2026-09-10T14:32:42.265452+00:00"}
{"message": "Org.current_users setup primary join org.id = \"user\".current_org_id", "severity": "INFO", "module": "relationships", "funcName": "_log_joins", "lineno": 2339, "ts": "2026-09-10T14:32:42.265713+00:00"}
{"message": "Org.current_users setup secondary join None", "severity": "INFO", "module": "relationships", "funcName": "_log_joins", "lineno": 2340, "ts": "2026-09-10T14:32:42.265756+00:00"}
{"message": "Org.current_users synchronize pairs [(org.id => user.current_org_id)]", "severity": "INFO", "module": "relationships", "funcName": "_log_joins", "lineno": 2341, "ts": "2026-09-10T14:32:42.265772+00:00"}
{"message": "Org.current_users secondary synchronize pairs []", "severity": "INFO", "module": "relationships", "funcName": "_log_joins", "lineno": 2348, "ts": "2026-09-10T14:32:42.265976+00:00"}
{"message": "Org.current_users local/remote pairs [(org.id / user.current_org_id)]", "severity": "INFO", "module": "relationships", "funcName": "_log_joins", "lineno": 2356, "ts": "2026-09-10T14:32:42.265989+00:00"}
{"message": "Org.current_users remote columns [user.current_org_id]", "severity": "INFO", "module": "relationships", "funcName": "_log_joins", "lineno": 2363, "ts": "2026-09-10T14:32:42.266005+00:00"}
{"message": "Org.current_users local columns [org.id]", "severity": "INFO", "module": "relationships", "funcName": "_log_joins", "lineno": 2368, "ts": "2026-09-10T14:32:42.266021+00:00"}
{"message": "Org.current_users relationship direction RelationshipDirection.ONETOMANY", "severity": "INFO", "module": "relationships", "funcName": "_log_joins", "lineno": 2373, "ts": "2026-09-10T14:32:42.266031+00:00"}
{"message": "Org.current_users lazy loading clause :param_1 = \"user\".current_org_id", "severity": "INFO", "module": "strategies", "funcName": "__init__", "lineno": 738, "ts": "2026-09-10T14:32:42.266084+00:00"}
{"message": "Org.invitations setup primary join org.id = org_invitation.org_id", "severity": "INFO", "module": "relationships", "funcName": "_log_joins", "lineno": 2339, "ts": "2026-09-10T14:32:42.266322+00:00"}
{"message": "Org.invitations setup secondary join None", "severity": "INFO", "module": "relationships", "funcName": "_log_joins", "lineno": 2340, "ts": "2026-09-10T14:32:42.266362+00:00"}
{"message": "Org.invitations synchronize pairs [(org.id => org_invitation.org_id)]", "severity": "INFO", "module": "relationships", "funcName": "_log_joins", "lineno": 2341, "ts": "2026-09-10T14:32:42.266377+00:00"}
{"message": "Org.invitations secondary synchronize pairs []", "severity": "INFO", "module": "relationships", "funcName": "_log_joins", "lineno": 2348, "ts": "2026-09-10T14:32:42.266390+00:00"}
{"message": "Org.invitations local/remote pairs [(org.id / org_invitation.org_id)]", "severity": "INFO", "module": "relationships", "funcName": "_log_joins", "lineno": 2356, "ts": "2026-09-10T14:32:42.266403+00:00"}
{"message": "Org.invitations remote columns [org_invitation.org_id]", "severity": "INFO", "module": "relationships", "funcName": "_log_joins", "lineno": 2363, "ts": "2026-09-10T14:32:42.266422+00:00"}
{"message": "Org.invitations local columns [org.id]", "severity": "INFO", "module": "relationships", "funcName": "_log_joins", "lineno": 2368, "ts": "2026-09-10T14:32:42.266439+00:00"}
{"message": "Org.invitations relationship direction RelationshipDirection.ONETOMANY", "severity": "INFO", "module": "relationships", "funcName": "_log_joins", "lineno": 2373, "ts": "2026-09-10T14:32:42.266452+00:00"}
{"message": "Org.invitations lazy loading clause :param_1 = org_invitation.org_id", "severity": "INFO", "module": "strategies", "funcName": "__init__", "lineno": 738, "ts": "2026-09-10T14:32:42.266498+00:00"}
{"message": "Org.billing_sessions setup primary join org.id = billing_sessions.org_id", "severity": "INFO", "module": "relationships", "funcName": "_log_joins", "lineno": 2339, "ts": "2026-09-10T14:32:42.266679+00:00"}
{"message": "Org.billing_sessions setup secondary join None", "severity": "INFO", "module": "relationships", "funcName": "_log_joins", "lineno": 2340, "ts": "2026-09-10T14:32:42.266710+00:00"}
{"message": "Org.billing_sessions synchronize pairs [(org.id => billing_sessions.org_id)]", "severity": "INFO", "module": "relationships", "funcName": "_log_joins", "lineno": 2341, "ts": "2026-09-10T14:32:42.266725+00:00"}
{"message": "Org.billing_sessions secondary synchronize pairs []", "severity": "INFO", "module": "relationships", "funcName": "_log_joins", "lineno": 2348, "ts": "2026-09-10T14:32:42.266737+00:00"}
{"message": "Org.billing_sessions local/remote pairs [(org.id / billing_sessions.org_id)]", "severity": "INFO", "module": "relationships", "funcName": "_log_joins", "lineno": 2356, "ts": "2026-09-10T14:32:42.266748+00:00"}
{"message": "Org.billing_sessions remote columns [billing_sessions.org_id]", "severity": "INFO", "module": "relationships", "funcName": "_log_joins", "lineno": 2363, "ts": "2026-09-10T14:32:42.266766+00:00"}
{"message": "Org.billing_sessions local columns [org.id]", "severity": "INFO", "module": "relationships", "funcName": "_log_joins", "lineno": 2368, "ts": "2026-09-10T14:32:42.266778+00:00"}
{"message": "Org.billing_sessions relationship direction RelationshipDirection.ONETOMANY", "severity": "INFO", "module": "relationships", "funcName": "_log_joins", "lineno": 2373, "ts": "2026-09-10T14:32:42.266787+00:00"}
{"message": "Org.billing_sessions lazy loading clause :param_1 = billing_sessions.org_id", "severity": "INFO", "module": "strategies", "funcName": "__init__", "lineno": 738, "ts": "2026-09-10T14:32:42.266839+00:00"}
{"message": "Org.stored_conversation_metadata_saas setup primary join org.id = conversation_metadata_saas.org_id", "severity": "INFO", "module": "relationships", "funcName": "_log_joins", "lineno": 2339, "ts": "2026-09-10T14:32:42.267019+00:00"}
{"message": "Org.stored_conversation_metadata_saas setup secondary join None", "severity": "INFO", "module": "relationships", "funcName": "_log_joins", "lineno": 2340, "ts": "2026-09-10T14:32:42.267397+00:00"}
{"message": "Org.stored_conversation_metadata_saas synchronize pairs [(org.id => conversation_metadata_saas.org_id)]", "severity": "INFO", "module": "relationships", "funcName": "_log_joins", "lineno": 2341, "ts": "2026-09-10T14:32:42.267411+00:00"}
{"message": "Org.stored_conversation_metadata_saas secondary synchronize pairs []", "severity": "INFO", "module": "relationships", "funcName": "_log_joins", "lineno": 2348, "ts": "2026-09-10T14:32:42.267423+00:00"}
{"message": "Org.stored_conversation_metadata_saas local/remote pairs [(org.id / conversation_metadata_saas.org_id)]", "severity": "INFO", "module": "relationships", "funcName": "_log_joins", "lineno": 2356, "ts": "2026-09-10T14:32:42.267434+00:00"}
{"message": "Org.stored_conversation_metadata_saas remote columns [conversation_metadata_saas.org_id]", "severity": "INFO", "module": "relationships", "funcName": "_log_joins", "lineno": 2363, "ts": "2026-09-10T14:32:42.267448+00:00"}
{"message": "Org.stored_conversation_metadata_saas local columns [org.id]", "severity": "INFO", "module": "relationships", "funcName": "_log_joins", "lineno": 2368, "ts": "2026-09-10T14:32:42.267461+00:00"}
{"message": "Org.stored_conversation_metadata_saas relationship direction RelationshipDirection.ONETOMANY", "severity": "INFO", "module": "relationships", "funcName": "_log_joins", "lineno": 2373, "ts": "2026-09-10T14:32:42.267471+00:00"}
{"message": "Org.stored_conversation_metadata_saas lazy loading clause :param_1 = conversation_metadata_saas.org_id", "severity": "INFO", "module": "strategies", "funcName": "__init__", "lineno": 738, "ts": "2026-09-10T14:32:42.267510+00:00"}
{"message": "Org.user_secrets setup primary join org.id = custom_secrets.org_id", "severity": "INFO", "module": "relationships", "funcName": "_log_joins", "lineno": 2339, "ts": "2026-09-10T14:32:42.267685+00:00"}
{"message": "Org.user_secrets setup secondary join None", "severity": "INFO", "module": "relationships", "funcName": "_log_joins", "lineno": 2340, "ts": "2026-09-10T14:32:42.267715+00:00"}
{"message": "Org.user_secrets synchronize pairs [(org.id => custom_secrets.org_id)]", "severity": "INFO", "module": "relationships", "funcName": "_log_joins", "lineno": 2341, "ts": "2026-09-10T14:32:42.267728+00:00"}
{"message": "Org.user_secrets secondary synchronize pairs []", "severity": "INFO", "module": "relationships", "funcName": "_log_joins", "lineno": 2348, "ts": "2026-09-10T14:32:42.267765+00:00"}
{"message": "Org.user_secrets local/remote pairs [(org.id / custom_secrets.org_id)]", "severity": "INFO", "module": "relationships", "funcName": "_log_joins", "lineno": 2356, "ts": "2026-09-10T14:32:42.267775+00:00"}
{"message": "Org.user_secrets remote columns [custom_secrets.org_id]", "severity": "INFO", "module": "relationships", "funcName": "_log_joins", "lineno": 2363, "ts": "2026-09-10T14:32:42.267793+00:00"}
{"message": "Org.user_secrets local columns [org.id]", "severity": "INFO", "module": "relationships", "funcName": "_log_joins", "lineno": 2368, "ts": "2026-09-10T14:32:42.267806+00:00"}
{"message": "Org.user_secrets relationship direction RelationshipDirection.ONETOMANY", "severity": "INFO", "module": "relationships", "funcName": "_log_joins", "lineno": 2373, "ts": "2026-09-10T14:32:42.267815+00:00"}
{"message": "Org.user_secrets lazy loading clause :param_1 = custom_secrets.org_id", "severity": "INFO", "module": "strategies", "funcName": "__init__", "lineno": 738, "ts": "2026-09-10T14:32:42.267852+00:00"}
{"message": "Org.api_keys setup primary join org.id = api_keys.org_id", "severity": "INFO", "module": "relationships", "funcName": "_log_joins", "lineno": 2339, "ts": "2026-09-10T14:32:42.268020+00:00"}
{"message": "Org.api_keys setup secondary join None", "severity": "INFO", "module": "relationships", "funcName": "_log_joins", "lineno": 2340, "ts": "2026-09-10T14:32:42.268047+00:00"}
{"message": "Org.api_keys synchronize pairs [(org.id => api_keys.org_id)]", "severity": "INFO", "module": "relationships", "funcName": "_log_joins", "lineno": 2341, "ts": "2026-09-10T14:32:42.268224+00:00"}
{"message": "Org.api_keys secondary synchronize pairs []", "severity": "INFO", "module": "relationships", "funcName": "_log_joins", "lineno": 2348, "ts": "2026-09-10T14:32:42.268236+00:00"}
{"message": "Org.api_keys local/remote pairs [(org.id / api_keys.org_id)]", "severity": "INFO", "module": "relationships", "funcName": "_log_joins", "lineno": 2356, "ts": "2026-09-10T14:32:42.268247+00:00"}
{"message": "Org.api_keys remote columns [api_keys.org_id]", "severity": "INFO", "module": "relationships", "funcName": "_log_joins", "lineno": 2363, "ts": "2026-09-10T14:32:42.268260+00:00"}
{"message": "Org.api_keys local columns [org.id]", "severity": "INFO", "module": "relationships", "funcName": "_log_joins", "lineno": 2368, "ts": "2026-09-10T14:32:42.268273+00:00"}
{"message": "Org.api_keys relationship direction RelationshipDirection.ONETOMANY", "severity": "INFO", "module": "relationships", "funcName": "_log_joins", "lineno": 2373, "ts": "2026-09-10T14:32:42.268282+00:00"}
{"message": "Org.api_keys lazy loading clause :param_1 = api_keys.org_id", "severity": "INFO", "module": "strategies", "funcName": "__init__", "lineno": 738, "ts": "2026-09-10T14:32:42.268331+00:00"}
{"message": "Org.slack_conversations setup primary join org.id = slack_conversation.org_id", "severity": "INFO", "module": "relationships", "funcName": "_log_joins", "lineno": 2339, "ts": "2026-09-10T14:32:42.268501+00:00"}
{"message": "Org.slack_conversations setup secondary join None", "severity": "INFO", "module": "relationships", "funcName": "_log_joins", "lineno": 2340, "ts": "2026-09-10T14:32:42.268534+00:00"}
{"message": "Org.slack_conversations synchronize pairs [(org.id => slack_conversation.org_id)]", "severity": "INFO", "module": "relationships", "funcName": "_log_joins", "lineno": 2341, "ts": "2026-09-10T14:32:42.268548+00:00"}
{"message": "Org.slack_conversations secondary synchronize pairs []", "severity": "INFO", "module": "relationships", "funcName": "_log_joins", "lineno": 2348, "ts": "2026-09-10T14:32:42.268559+00:00"}
{"message": "Org.slack_conversations local/remote pairs [(org.id / slack_conversation.org_id)]", "severity": "INFO", "module": "relationships", "funcName": "_log_joins", "lineno": 2356, "ts": "2026-09-10T14:32:42.268570+00:00"}
{"message": "Org.slack_conversations remote columns [slack_conversation.org_id]", "severity": "INFO", "module": "relationships", "funcName": "_log_joins", "lineno": 2363, "ts": "2026-09-10T14:32:42.268584+00:00"}
{"message": "Org.slack_conversations local columns [org.id]", "severity": "INFO", "module": "relationships", "funcName": "_log_joins", "lineno": 2368, "ts": "2026-09-10T14:32:42.268597+00:00"}
{"message": "Org.slack_conversations relationship direction RelationshipDirection.ONETOMANY", "severity": "INFO", "module": "relationships", "funcName": "_log_joins", "lineno": 2373, "ts": "2026-09-10T14:32:42.268605+00:00"}
{"message": "Org.slack_conversations lazy loading clause :param_1 = slack_conversation.org_id", "severity": "INFO", "module": "strategies", "funcName": "__init__", "lineno": 738, "ts": "2026-09-10T14:32:42.268756+00:00"}
{"message": "Org.slack_users setup primary join org.id = slack_users.org_id", "severity": "INFO", "module": "relationships", "funcName": "_log_joins", "lineno": 2339, "ts": "2026-09-10T14:32:42.270618+00:00"}
{"message": "Org.slack_users setup secondary join None", "severity": "INFO", "module": "relationships", "funcName": "_log_joins", "lineno": 2340, "ts": "2026-09-10T14:32:42.270726+00:00"}
{"message": "Org.slack_users synchronize pairs [(org.id => slack_users.org_id)]", "severity": "INFO", "module": "relationships", "funcName": "_log_joins", "lineno": 2341, "ts": "2026-09-10T14:32:42.270748+00:00"}
{"message": "Org.slack_users secondary synchronize pairs []", "severity": "INFO", "module": "relationships", "funcName": "_log_joins", "lineno": 2348, "ts": "2026-09-10T14:32:42.270762+00:00"}
{"message": "Org.slack_users local/remote pairs [(org.id / slack_users.org_id)]", "severity": "INFO", "module": "relationships", "funcName": "_log_joins", "lineno": 2356, "ts": "2026-09-10T14:32:42.270773+00:00"}
{"message": "Org.slack_users remote columns [slack_users.org_id]", "severity": "INFO", "module": "relationships", "funcName": "_log_joins", "lineno": 2363, "ts": "2026-09-10T14:32:42.270789+00:00"}
{"message": "Org.slack_users local columns [org.id]", "severity": "INFO", "module": "relationships", "funcName": "_log_joins", "lineno": 2368, "ts": "2026-09-10T14:32:42.270805+00:00"}
{"message": "Org.slack_users relationship direction RelationshipDirection.ONETOMANY", "severity": "INFO", "module": "relationships", "funcName": "_log_joins", "lineno": 2373, "ts": "2026-09-10T14:32:42.270814+00:00"}
{"message": "Org.slack_users lazy loading clause :param_1 = slack_users.org_id", "severity": "INFO", "module": "strategies", "funcName": "__init__", "lineno": 738, "ts": "2026-09-10T14:32:42.270875+00:00"}
{"message": "Org.stripe_customers setup primary join org.id = stripe_customers.org_id", "severity": "INFO", "module": "relationships", "funcName": "_log_joins", "lineno": 2339, "ts": "2026-09-10T14:32:42.271122+00:00"}
{"message": "Org.stripe_customers setup secondary join None", "severity": "INFO", "module": "relationships", "funcName": "_log_joins", "lineno": 2340, "ts": "2026-09-10T14:32:42.271159+00:00"}
{"message": "Org.stripe_customers synchronize pairs [(org.id => stripe_customers.org_id)]", "severity": "INFO", "module": "relationships", "funcName": "_log_joins", "lineno": 2341, "ts": "2026-09-10T14:32:42.271173+00:00"}
{"message": "Org.stripe_customers secondary synchronize pairs []", "severity": "INFO", "module": "relationships", "funcName": "_log_joins", "lineno": 2348, "ts": "2026-09-10T14:32:42.271184+00:00"}
{"message": "Org.stripe_customers local/remote pairs [(org.id / stripe_customers.org_id)]", "severity": "INFO", "module": "relationships", "funcName": "_log_joins", "lineno": 2356, "ts": "2026-09-10T14:32:42.271197+00:00"}
{"message": "Org.stripe_customers remote columns [stripe_customers.org_id]", "severity": "INFO", "module": "relationships", "funcName": "_log_joins", "lineno": 2363, "ts": "2026-09-10T14:32:42.271211+00:00"}
{"message": "Org.stripe_customers local columns [org.id]", "severity": "INFO", "module": "relationships", "funcName": "_log_joins", "lineno": 2368, "ts": "2026-09-10T14:32:42.271224+00:00"}
{"message": "Org.stripe_customers relationship direction RelationshipDirection.ONETOMANY", "severity": "INFO", "module": "relationships", "funcName": "_log_joins", "lineno": 2373, "ts": "2026-09-10T14:32:42.271233+00:00"}
{"message": "Org.stripe_customers lazy loading clause :param_1 = stripe_customers.org_id", "severity": "INFO", "module": "strategies", "funcName": "__init__", "lineno": 738, "ts": "2026-09-10T14:32:42.271278+00:00"}
{"message": "Org.git_claims setup primary join org.id = org_git_claim.org_id", "severity": "INFO", "module": "relationships", "funcName": "_log_joins", "lineno": 2339, "ts": "2026-09-10T14:32:42.271512+00:00"}
{"message": "Org.git_claims setup secondary join None", "severity": "INFO", "module": "relationships", "funcName": "_log_joins", "lineno": 2340, "ts": "2026-09-10T14:32:42.271544+00:00"}
{"message": "Org.git_claims synchronize pairs [(org.id => org_git_claim.org_id)]", "severity": "INFO", "module": "relationships", "funcName": "_log_joins", "lineno": 2341, "ts": "2026-09-10T14:32:42.271557+00:00"}
{"message": "Org.git_claims secondary synchronize pairs []", "severity": "INFO", "module": "relationships", "funcName": "_log_joins", "lineno": 2348, "ts": "2026-09-10T14:32:42.271795+00:00"}
{"message": "Org.git_claims local/remote pairs [(org.id / org_git_claim.org_id)]", "severity": "INFO", "module": "relationships", "funcName": "_log_joins", "lineno": 2356, "ts": "2026-09-10T14:32:42.271808+00:00"}
{"message": "Org.git_claims remote columns [org_git_claim.org_id]", "severity": "INFO", "module": "relationships", "funcName": "_log_joins", "lineno": 2363, "ts": "2026-09-10T14:32:42.271823+00:00"}
{"message": "Org.git_claims local columns [org.id]", "severity": "INFO", "module": "relationships", "funcName": "_log_joins", "lineno": 2368, "ts": "2026-09-10T14:32:42.271837+00:00"}
{"message": "Org.git_claims relationship direction RelationshipDirection.ONETOMANY", "severity": "INFO", "module": "relationships", "funcName": "_log_joins", "lineno": 2373, "ts": "2026-09-10T14:32:42.271847+00:00"}
{"message": "Org.git_claims lazy loading clause :param_1 = org_git_claim.org_id", "severity": "INFO", "module": "strategies", "funcName": "__init__", "lineno": 738, "ts": "2026-09-10T14:32:42.271890+00:00"}
{"message": "OrgGitClaim.org setup primary join org.id = org_git_claim.org_id", "severity": "INFO", "module": "relationships", "funcName": "_log_joins", "lineno": 2339, "ts": "2026-09-10T14:32:42.272741+00:00"}
{"message": "OrgGitClaim.org setup secondary join None", "severity": "INFO", "module": "relationships", "funcName": "_log_joins", "lineno": 2340, "ts": "2026-09-10T14:32:42.272775+00:00"}
{"message": "OrgGitClaim.org synchronize pairs [(org.id => org_git_claim.org_id)]", "severity": "INFO", "module": "relationships", "funcName": "_log_joins", "lineno": 2341, "ts": "2026-09-10T14:32:42.272790+00:00"}
{"message": "OrgGitClaim.org secondary synchronize pairs []", "severity": "INFO", "module": "relationships", "funcName": "_log_joins", "lineno": 2348, "ts": "2026-09-10T14:32:42.272802+00:00"}
{"message": "OrgGitClaim.org local/remote pairs [(org_git_claim.org_id / org.id)]", "severity": "INFO", "module": "relationships", "funcName": "_log_joins", "lineno": 2356, "ts": "2026-09-10T14:32:42.272812+00:00"}
{"message": "OrgGitClaim.org remote columns [org.id]", "severity": "INFO", "module": "relationships", "funcName": "_log_joins", "lineno": 2363, "ts": "2026-09-10T14:32:42.272827+00:00"}
{"message": "OrgGitClaim.org local columns [org_git_claim.org_id]", "severity": "INFO", "module": "relationships", "funcName": "_log_joins", "lineno": 2368, "ts": "2026-09-10T14:32:42.272841+00:00"}
{"message": "OrgGitClaim.org relationship direction RelationshipDirection.MANYTOONE", "severity": "INFO", "module": "relationships", "funcName": "_log_joins", "lineno": 2373, "ts": "2026-09-10T14:32:42.272850+00:00"}
{"message": "OrgGitClaim.org lazy loading clause org.id = :param_1", "severity": "INFO", "module": "strategies", "funcName": "__init__", "lineno": 738, "ts": "2026-09-10T14:32:42.272905+00:00"}
{"message": "OrgGitClaim.org will use Session.get() to optimize instance loads", "severity": "INFO", "module": "strategies", "funcName": "__init__", "lineno": 764, "ts": "2026-09-10T14:32:42.272988+00:00"}
{"message": "OrgInvitation.org setup primary join org.id = org_invitation.org_id", "severity": "INFO", "module": "relationships", "funcName": "_log_joins", "lineno": 2339, "ts": "2026-09-10T14:32:42.273270+00:00"}
{"message": "OrgInvitation.org setup secondary join None", "severity": "INFO", "module": "relationships", "funcName": "_log_joins", "lineno": 2340, "ts": "2026-09-10T14:32:42.273421+00:00"}
{"message": "OrgInvitation.org synchronize pairs [(org.id => org_invitation.org_id)]", "severity": "INFO", "module": "relationships", "funcName": "_log_joins", "lineno": 2341, "ts": "2026-09-10T14:32:42.273434+00:00"}
{"message": "OrgInvitation.org secondary synchronize pairs []", "severity": "INFO", "module": "relationships", "funcName": "_log_joins", "lineno": 2348, "ts": "2026-09-10T14:32:42.273444+00:00"}
{"message": "OrgInvitation.org local/remote pairs [(org_invitation.org_id / org.id)]", "severity": "INFO", "module": "relationships", "funcName": "_log_joins", "lineno": 2356, "ts": "2026-09-10T14:32:42.273454+00:00"}
{"message": "OrgInvitation.org remote columns [org.id]", "severity": "INFO", "module": "relationships", "funcName": "_log_joins", "lineno": 2363, "ts": "2026-09-10T14:32:42.273467+00:00"}
{"message": "OrgInvitation.org local columns [org_invitation.org_id]", "severity": "INFO", "module": "relationships", "funcName": "_log_joins", "lineno": 2368, "ts": "2026-09-10T14:32:42.273480+00:00"}
{"message": "OrgInvitation.org relationship direction RelationshipDirection.MANYTOONE", "severity": "INFO", "module": "relationships", "funcName": "_log_joins", "lineno": 2373, "ts": "2026-09-10T14:32:42.273489+00:00"}
{"message": "OrgInvitation.org lazy loading clause org.id = :param_1", "severity": "INFO", "module": "strategies", "funcName": "__init__", "lineno": 738, "ts": "2026-09-10T14:32:42.273539+00:00"}
{"message": "OrgInvitation.org will use Session.get() to optimize instance loads", "severity": "INFO", "module": "strategies", "funcName": "__init__", "lineno": 764, "ts": "2026-09-10T14:32:42.273590+00:00"}
{"message": "OrgInvitation.role setup primary join role.id = org_invitation.role_id", "severity": "INFO", "module": "relationships", "funcName": "_log_joins", "lineno": 2339, "ts": "2026-09-10T14:32:42.273745+00:00"}
{"message": "OrgInvitation.role setup secondary join None", "severity": "INFO", "module": "relationships", "funcName": "_log_joins", "lineno": 2340, "ts": "2026-09-10T14:32:42.274128+00:00"}
{"message": "OrgInvitation.role synchronize pairs [(role.id => org_invitation.role_id)]", "severity": "INFO", "module": "relationships", "funcName": "_log_joins", "lineno": 2341, "ts": "2026-09-10T14:32:42.274142+00:00"}
{"message": "OrgInvitation.role secondary synchronize pairs []", "severity": "INFO", "module": "relationships", "funcName": "_log_joins", "lineno": 2348, "ts": "2026-09-10T14:32:42.274153+00:00"}
{"message": "OrgInvitation.role local/remote pairs [(org_invitation.role_id / role.id)]", "severity": "INFO", "module": "relationships", "funcName": "_log_joins", "lineno": 2356, "ts": "2026-09-10T14:32:42.274164+00:00"}
{"message": "OrgInvitation.role remote columns [role.id]", "severity": "INFO", "module": "relationships", "funcName": "_log_joins", "lineno": 2363, "ts": "2026-09-10T14:32:42.274178+00:00"}
{"message": "OrgInvitation.role local columns [org_invitation.role_id]", "severity": "INFO", "module": "relationships", "funcName": "_log_joins", "lineno": 2368, "ts": "2026-09-10T14:32:42.274191+00:00"}
{"message": "OrgInvitation.role relationship direction RelationshipDirection.MANYTOONE", "severity": "INFO", "module": "relationships", "funcName": "_log_joins", "lineno": 2373, "ts": "2026-09-10T14:32:42.274199+00:00"}
{"message": "OrgInvitation.role lazy loading clause role.id = :param_1", "severity": "INFO", "module": "strategies", "funcName": "__init__", "lineno": 738, "ts": "2026-09-10T14:32:42.274232+00:00"}
{"message": "OrgInvitation.role will use Session.get() to optimize instance loads", "severity": "INFO", "module": "strategies", "funcName": "__init__", "lineno": 764, "ts": "2026-09-10T14:32:42.274292+00:00"}
{"message": "OrgInvitation.inviter setup primary join \"user\".id = org_invitation.inviter_id", "severity": "INFO", "module": "relationships", "funcName": "_log_joins", "lineno": 2339, "ts": "2026-09-10T14:32:42.274584+00:00"}
{"message": "OrgInvitation.inviter setup secondary join None", "severity": "INFO", "module": "relationships", "funcName": "_log_joins", "lineno": 2340, "ts": "2026-09-10T14:32:42.274624+00:00"}
{"message": "OrgInvitation.inviter synchronize pairs [(user.id => org_invitation.inviter_id)]", "severity": "INFO", "module": "relationships", "funcName": "_log_joins", "lineno": 2341, "ts": "2026-09-10T14:32:42.274638+00:00"}
{"message": "OrgInvitation.inviter secondary synchronize pairs []", "severity": "INFO", "module": "relationships", "funcName": "_log_joins", "lineno": 2348, "ts": "2026-09-10T14:32:42.274649+00:00"}
{"message": "OrgInvitation.inviter local/remote pairs [(org_invitation.inviter_id / user.id)]", "severity": "INFO", "module": "relationships", "funcName": "_log_joins", "lineno": 2356, "ts": "2026-09-10T14:32:42.274659+00:00"}
{"message": "OrgInvitation.inviter remote columns [user.id]", "severity": "INFO", "module": "relationships", "funcName": "_log_joins", "lineno": 2363, "ts": "2026-09-10T14:32:42.274672+00:00"}
{"message": "OrgInvitation.inviter local columns [org_invitation.inviter_id]", "severity": "INFO", "module": "relationships", "funcName": "_log_joins", "lineno": 2368, "ts": "2026-09-10T14:32:42.274684+00:00"}
{"message": "OrgInvitation.inviter relationship direction RelationshipDirection.MANYTOONE", "severity": "INFO", "module": "relationships", "funcName": "_log_joins", "lineno": 2373, "ts": "2026-09-10T14:32:42.274693+00:00"}
{"message": "OrgInvitation.inviter lazy loading clause \"user\".id = :param_1", "severity": "INFO", "module": "strategies", "funcName": "__init__", "lineno": 738, "ts": "2026-09-10T14:32:42.274728+00:00"}
{"message": "OrgInvitation.inviter will use Session.get() to optimize instance loads", "severity": "INFO", "module": "strategies", "funcName": "__init__", "lineno": 764, "ts": "2026-09-10T14:32:42.274794+00:00"}
{"message": "OrgInvitation.accepted_by_user setup primary join \"user\".id = org_invitation.accepted_by_user_id", "severity": "INFO", "module": "relationships", "funcName": "_log_joins", "lineno": 2339, "ts": "2026-09-10T14:32:42.275063+00:00"}
{"message": "OrgInvitation.accepted_by_user setup secondary join None", "severity": "INFO", "module": "relationships", "funcName": "_log_joins", "lineno": 2340, "ts": "2026-09-10T14:32:42.275093+00:00"}
{"message": "OrgInvitation.accepted_by_user synchronize pairs [(user.id => org_invitation.accepted_by_user_id)]", "severity": "INFO", "module": "relationships", "funcName": "_log_joins", "lineno": 2341, "ts": "2026-09-10T14:32:42.275106+00:00"}
{"message": "OrgInvitation.accepted_by_user secondary synchronize pairs []", "severity": "INFO", "module": "relationships", "funcName": "_log_joins", "lineno": 2348, "ts": "2026-09-10T14:32:42.275119+00:00"}
{"message": "OrgInvitation.accepted_by_user local/remote pairs [(org_invitation.accepted_by_user_id / user.id)]", "severity": "INFO", "module": "relationships", "funcName": "_log_joins", "lineno": 2356, "ts": "2026-09-10T14:32:42.275130+00:00"}
{"message": "OrgInvitation.accepted_by_user remote columns [user.id]", "severity": "INFO", "module": "relationships", "funcName": "_log_joins", "lineno": 2363, "ts": "2026-09-10T14:32:42.275146+00:00"}
{"message": "OrgInvitation.accepted_by_user local columns [org_invitation.accepted_by_user_id]", "severity": "INFO", "module": "relationships", "funcName": "_log_joins", "lineno": 2368, "ts": "2026-09-10T14:32:42.275173+00:00"}
{"message": "OrgInvitation.accepted_by_user relationship direction RelationshipDirection.MANYTOONE", "severity": "INFO", "module": "relationships", "funcName": "_log_joins", "lineno": 2373, "ts": "2026-09-10T14:32:42.275183+00:00"}
{"message": "OrgInvitation.accepted_by_user lazy loading clause \"user\".id = :param_1", "severity": "INFO", "module": "strategies", "funcName": "__init__", "lineno": 738, "ts": "2026-09-10T14:32:42.275216+00:00"}
{"message": "OrgInvitation.accepted_by_user will use Session.get() to optimize instance loads", "severity": "INFO", "module": "strategies", "funcName": "__init__", "lineno": 764, "ts": "2026-09-10T14:32:42.275265+00:00"}
{"message": "OrgMember.org setup primary join org.id = org_member.org_id", "severity": "INFO", "module": "relationships", "funcName": "_log_joins", "lineno": 2339, "ts": "2026-09-10T14:32:42.275568+00:00"}
{"message": "OrgMember.org setup secondary join None", "severity": "INFO", "module": "relationships", "funcName": "_log_joins", "lineno": 2340, "ts": "2026-09-10T14:32:42.275599+00:00"}
{"message": "OrgMember.org synchronize pairs [(org.id => org_member.org_id)]", "severity": "INFO", "module": "relationships", "funcName": "_log_joins", "lineno": 2341, "ts": "2026-09-10T14:32:42.275612+00:00"}
{"message": "OrgMember.org secondary synchronize pairs []", "severity": "INFO", "module": "relationships", "funcName": "_log_joins", "lineno": 2348, "ts": "2026-09-10T14:32:42.275623+00:00"}
{"message": "OrgMember.org local/remote pairs [(org_member.org_id / org.id)]", "severity": "INFO", "module": "relationships", "funcName": "_log_joins", "lineno": 2356, "ts": "2026-09-10T14:32:42.275634+00:00"}
{"message": "OrgMember.org remote columns [org.id]", "severity": "INFO", "module": "relationships", "funcName": "_log_joins", "lineno": 2363, "ts": "2026-09-10T14:32:42.275648+00:00"}
{"message": "OrgMember.org local columns [org_member.org_id]", "severity": "INFO", "module": "relationships", "funcName": "_log_joins", "lineno": 2368, "ts": "2026-09-10T14:32:42.275660+00:00"}
{"message": "OrgMember.org relationship direction RelationshipDirection.MANYTOONE", "severity": "INFO", "module": "relationships", "funcName": "_log_joins", "lineno": 2373, "ts": "2026-09-10T14:32:42.275669+00:00"}
{"message": "OrgMember.org lazy loading clause org.id = :param_1", "severity": "INFO", "module": "strategies", "funcName": "__init__", "lineno": 738, "ts": "2026-09-10T14:32:42.275898+00:00"}
{"message": "OrgMember.org will use Session.get() to optimize instance loads", "severity": "INFO", "module": "strategies", "funcName": "__init__", "lineno": 764, "ts": "2026-09-10T14:32:42.275984+00:00"}
{"message": "OrgMember.user setup primary join \"user\".id = org_member.user_id", "severity": "INFO", "module": "relationships", "funcName": "_log_joins", "lineno": 2339, "ts": "2026-09-10T14:32:42.276222+00:00"}
{"message": "OrgMember.user setup secondary join None", "severity": "INFO", "module": "relationships", "funcName": "_log_joins", "lineno": 2340, "ts": "2026-09-10T14:32:42.276260+00:00"}
{"message": "OrgMember.user synchronize pairs [(user.id => org_member.user_id)]", "severity": "INFO", "module": "relationships", "funcName": "_log_joins", "lineno": 2341, "ts": "2026-09-10T14:32:42.276276+00:00"}
{"message": "OrgMember.user secondary synchronize pairs []", "severity": "INFO", "module": "relationships", "funcName": "_log_joins", "lineno": 2348, "ts": "2026-09-10T14:32:42.276288+00:00"}
{"message": "OrgMember.user local/remote pairs [(org_member.user_id / user.id)]", "severity": "INFO", "module": "relationships", "funcName": "_log_joins", "lineno": 2356, "ts": "2026-09-10T14:32:42.276300+00:00"}
{"message": "OrgMember.user remote columns [user.id]", "severity": "INFO", "module": "relationships", "funcName": "_log_joins", "lineno": 2363, "ts": "2026-09-10T14:32:42.276315+00:00"}
{"message": "OrgMember.user local columns [org_member.user_id]", "severity": "INFO", "module": "relationships", "funcName": "_log_joins", "lineno": 2368, "ts": "2026-09-10T14:32:42.276329+00:00"}
{"message": "OrgMember.user relationship direction RelationshipDirection.MANYTOONE", "severity": "INFO", "module": "relationships", "funcName": "_log_joins", "lineno": 2373, "ts": "2026-09-10T14:32:42.276339+00:00"}
{"message": "OrgMember.user lazy loading clause \"user\".id = :param_1", "severity": "INFO", "module": "strategies", "funcName": "__init__", "lineno": 738, "ts": "2026-09-10T14:32:42.276388+00:00"}
{"message": "OrgMember.user will use Session.get() to optimize instance loads", "severity": "INFO", "module": "strategies", "funcName": "__init__", "lineno": 764, "ts": "2026-09-10T14:32:42.276445+00:00"}
{"message": "OrgMember.role setup primary join role.id = org_member.role_id", "severity": "INFO", "module": "relationships", "funcName": "_log_joins", "lineno": 2339, "ts": "2026-09-10T14:32:42.276630+00:00"}
{"message": "OrgMember.role setup secondary join None", "severity": "INFO", "module": "relationships", "funcName": "_log_joins", "lineno": 2340, "ts": "2026-09-10T14:32:42.276837+00:00"}
{"message": "OrgMember.role synchronize pairs [(role.id => org_member.role_id)]", "severity": "INFO", "module": "relationships", "funcName": "_log_joins", "lineno": 2341, "ts": "2026-09-10T14:32:42.276852+00:00"}
{"message": "OrgMember.role secondary synchronize pairs []", "severity": "INFO", "module": "relationships", "funcName": "_log_joins", "lineno": 2348, "ts": "2026-09-10T14:32:42.276863+00:00"}
{"message": "OrgMember.role local/remote pairs [(org_member.role_id / role.id)]", "severity": "INFO", "module": "relationships", "funcName": "_log_joins", "lineno": 2356, "ts": "2026-09-10T14:32:42.276874+00:00"}
{"message": "OrgMember.role remote columns [role.id]", "severity": "INFO", "module": "relationships", "funcName": "_log_joins", "lineno": 2363, "ts": "2026-09-10T14:32:42.276889+00:00"}
{"message": "OrgMember.role local columns [org_member.role_id]", "severity": "INFO", "module": "relationships", "funcName": "_log_joins", "lineno": 2368, "ts": "2026-09-10T14:32:42.276902+00:00"}
{"message": "OrgMember.role relationship direction RelationshipDirection.MANYTOONE", "severity": "INFO", "module": "relationships", "funcName": "_log_joins", "lineno": 2373, "ts": "2026-09-10T14:32:42.276911+00:00"}
{"message": "OrgMember.role lazy loading clause role.id = :param_1", "severity": "INFO", "module": "strategies", "funcName": "__init__", "lineno": 738, "ts": "2026-09-10T14:32:42.276952+00:00"}
{"message": "OrgMember.role will use Session.get() to optimize instance loads", "severity": "INFO", "module": "strategies", "funcName": "__init__", "lineno": 764, "ts": "2026-09-10T14:32:42.277004+00:00"}
{"message": "QuotaIncreaseRequest.user setup primary join \"user\".id = quota_increase_request.user_id", "severity": "INFO", "module": "relationships", "funcName": "_log_joins", "lineno": 2339, "ts": "2026-09-10T14:32:42.277494+00:00"}
{"message": "QuotaIncreaseRequest.user setup secondary join None", "severity": "INFO", "module": "relationships", "funcName": "_log_joins", "lineno": 2340, "ts": "2026-09-10T14:32:42.277531+00:00"}
{"message": "QuotaIncreaseRequest.user synchronize pairs [(user.id => quota_increase_request.user_id)]", "severity": "INFO", "module": "relationships", "funcName": "_log_joins", "lineno": 2341, "ts": "2026-09-10T14:32:42.277546+00:00"}
{"message": "QuotaIncreaseRequest.user secondary synchronize pairs []", "severity": "INFO", "module": "relationships", "funcName": "_log_joins", "lineno": 2348, "ts": "2026-09-10T14:32:42.277559+00:00"}
{"message": "QuotaIncreaseRequest.user local/remote pairs [(quota_increase_request.user_id / user.id)]", "severity": "INFO", "module": "relationships", "funcName": "_log_joins", "lineno": 2356, "ts": "2026-09-10T14:32:42.277570+00:00"}
{"message": "QuotaIncreaseRequest.user remote columns [user.id]", "severity": "INFO", "module": "relationships", "funcName": "_log_joins", "lineno": 2363, "ts": "2026-09-10T14:32:42.277584+00:00"}
{"message": "QuotaIncreaseRequest.user local columns [quota_increase_request.user_id]", "severity": "INFO", "module": "relationships", "funcName": "_log_joins", "lineno": 2368, "ts": "2026-09-10T14:32:42.277597+00:00"}
{"message": "QuotaIncreaseRequest.user relationship direction RelationshipDirection.MANYTOONE", "severity": "INFO", "module": "relationships", "funcName": "_log_joins", "lineno": 2373, "ts": "2026-09-10T14:32:42.277609+00:00"}
{"message": "QuotaIncreaseRequest.user lazy loading clause \"user\".id = :param_1", "severity": "INFO", "module": "strategies", "funcName": "__init__", "lineno": 738, "ts": "2026-09-10T14:32:42.277646+00:00"}
{"message": "QuotaIncreaseRequest.user will use Session.get() to optimize instance loads", "severity": "INFO", "module": "strategies", "funcName": "__init__", "lineno": 764, "ts": "2026-09-10T14:32:42.277696+00:00"}
{"message": "Role.users setup primary join role.id = \"user\".role_id", "severity": "INFO", "module": "relationships", "funcName": "_log_joins", "lineno": 2339, "ts": "2026-09-10T14:32:42.278149+00:00"}
{"message": "Role.users setup secondary join None", "severity": "INFO", "module": "relationships", "funcName": "_log_joins", "lineno": 2340, "ts": "2026-09-10T14:32:42.278180+00:00"}
{"message": "Role.users synchronize pairs [(role.id => user.role_id)]", "severity": "INFO", "module": "relationships", "funcName": "_log_joins", "lineno": 2341, "ts": "2026-09-10T14:32:42.278193+00:00"}
{"message": "Role.users secondary synchronize pairs []", "severity": "INFO", "module": "relationships", "funcName": "_log_joins", "lineno": 2348, "ts": "2026-09-10T14:32:42.278203+00:00"}
{"message": "Role.users local/remote pairs [(role.id / user.role_id)]", "severity": "INFO", "module": "relationships", "funcName": "_log_joins", "lineno": 2356, "ts": "2026-09-10T14:32:42.278213+00:00"}
{"message": "Role.users remote columns [user.role_id]", "severity": "INFO", "module": "relationships", "funcName": "_log_joins", "lineno": 2363, "ts": "2026-09-10T14:32:42.278226+00:00"}
{"message": "Role.users local columns [role.id]", "severity": "INFO", "module": "relationships", "funcName": "_log_joins", "lineno": 2368, "ts": "2026-09-10T14:32:42.278240+00:00"}
{"message": "Role.users relationship direction RelationshipDirection.ONETOMANY", "severity": "INFO", "module": "relationships", "funcName": "_log_joins", "lineno": 2373, "ts": "2026-09-10T14:32:42.278249+00:00"}
{"message": "Role.users lazy loading clause :param_1 = \"user\".role_id", "severity": "INFO", "module": "strategies", "funcName": "__init__", "lineno": 738, "ts": "2026-09-10T14:32:42.278289+00:00"}
{"message": "Role.org_members setup primary join role.id = org_member.role_id", "severity": "INFO", "module": "relationships", "funcName": "_log_joins", "lineno": 2339, "ts": "2026-09-10T14:32:42.278470+00:00"}
{"message": "Role.org_members setup secondary join None", "severity": "INFO", "module": "relationships", "funcName": "_log_joins", "lineno": 2340, "ts": "2026-09-10T14:32:42.278634+00:00"}
{"message": "Role.org_members synchronize pairs [(role.id => org_member.role_id)]", "severity": "INFO", "module": "relationships", "funcName": "_log_joins", "lineno": 2341, "ts": "2026-09-10T14:32:42.278647+00:00"}
{"message": "Role.org_members secondary synchronize pairs []", "severity": "INFO", "module": "relationships", "funcName": "_log_joins", "lineno": 2348, "ts": "2026-09-10T14:32:42.278658+00:00"}
{"message": "Role.org_members local/remote pairs [(role.id / org_member.role_id)]", "severity": "INFO", "module": "relationships", "funcName": "_log_joins", "lineno": 2356, "ts": "2026-09-10T14:32:42.278669+00:00"}
{"message": "Role.org_members remote columns [org_member.role_id]", "severity": "INFO", "module": "relationships", "funcName": "_log_joins", "lineno": 2363, "ts": "2026-09-10T14:32:42.278683+00:00"}
{"message": "Role.org_members local columns [role.id]", "severity": "INFO", "module": "relationships", "funcName": "_log_joins", "lineno": 2368, "ts": "2026-09-10T14:32:42.278696+00:00"}
{"message": "Role.org_members relationship direction RelationshipDirection.ONETOMANY", "severity": "INFO", "module": "relationships", "funcName": "_log_joins", "lineno": 2373, "ts": "2026-09-10T14:32:42.278706+00:00"}
{"message": "Role.org_members lazy loading clause :param_1 = org_member.role_id", "severity": "INFO", "module": "strategies", "funcName": "__init__", "lineno": 738, "ts": "2026-09-10T14:32:42.278754+00:00"}
{"message": "SlackConversation.org setup primary join org.id = slack_conversation.org_id", "severity": "INFO", "module": "relationships", "funcName": "_log_joins", "lineno": 2339, "ts": "2026-09-10T14:32:42.278975+00:00"}
{"message": "SlackConversation.org setup secondary join None", "severity": "INFO", "module": "relationships", "funcName": "_log_joins", "lineno": 2340, "ts": "2026-09-10T14:32:42.279005+00:00"}
{"message": "SlackConversation.org synchronize pairs [(org.id => slack_conversation.org_id)]", "severity": "INFO", "module": "relationships", "funcName": "_log_joins", "lineno": 2341, "ts": "2026-09-10T14:32:42.279026+00:00"}
{"message": "SlackConversation.org secondary synchronize pairs []", "severity": "INFO", "module": "relationships", "funcName": "_log_joins", "lineno": 2348, "ts": "2026-09-10T14:32:42.279036+00:00"}
{"message": "SlackConversation.org local/remote pairs [(slack_conversation.org_id / org.id)]", "severity": "INFO", "module": "relationships", "funcName": "_log_joins", "lineno": 2356, "ts": "2026-09-10T14:32:42.279046+00:00"}
{"message": "SlackConversation.org remote columns [org.id]", "severity": "INFO", "module": "relationships", "funcName": "_log_joins", "lineno": 2363, "ts": "2026-09-10T14:32:42.279060+00:00"}
{"message": "SlackConversation.org local columns [slack_conversation.org_id]", "severity": "INFO", "module": "relationships", "funcName": "_log_joins", "lineno": 2368, "ts": "2026-09-10T14:32:42.279072+00:00"}
{"message": "SlackConversation.org relationship direction RelationshipDirection.MANYTOONE", "severity": "INFO", "module": "relationships", "funcName": "_log_joins", "lineno": 2373, "ts": "2026-09-10T14:32:42.279082+00:00"}
{"message": "SlackConversation.org lazy loading clause org.id = :param_1", "severity": "INFO", "module": "strategies", "funcName": "__init__", "lineno": 738, "ts": "2026-09-10T14:32:42.279133+00:00"}
{"message": "SlackConversation.org will use Session.get() to optimize instance loads", "severity": "INFO", "module": "strategies", "funcName": "__init__", "lineno": 764, "ts": "2026-09-10T14:32:42.279184+00:00"}
{"message": "SlackUser.org setup primary join org.id = slack_users.org_id", "severity": "INFO", "module": "relationships", "funcName": "_log_joins", "lineno": 2339, "ts": "2026-09-10T14:32:42.279471+00:00"}
{"message": "SlackUser.org setup secondary join None", "severity": "INFO", "module": "relationships", "funcName": "_log_joins", "lineno": 2340, "ts": "2026-09-10T14:32:42.279500+00:00"}
{"message": "SlackUser.org synchronize pairs [(org.id => slack_users.org_id)]", "severity": "INFO", "module": "relationships", "funcName": "_log_joins", "lineno": 2341, "ts": "2026-09-10T14:32:42.279513+00:00"}
{"message": "SlackUser.org secondary synchronize pairs []", "severity": "INFO", "module": "relationships", "funcName": "_log_joins", "lineno": 2348, "ts": "2026-09-10T14:32:42.279524+00:00"}
{"message": "SlackUser.org local/remote pairs [(slack_users.org_id / org.id)]", "severity": "INFO", "module": "relationships", "funcName": "_log_joins", "lineno": 2356, "ts": "2026-09-10T14:32:42.279535+00:00"}
{"message": "SlackUser.org remote columns [org.id]", "severity": "INFO", "module": "relationships", "funcName": "_log_joins", "lineno": 2363, "ts": "2026-09-10T14:32:42.279549+00:00"}
{"message": "SlackUser.org local columns [slack_users.org_id]", "severity": "INFO", "module": "relationships", "funcName": "_log_joins", "lineno": 2368, "ts": "2026-09-10T14:32:42.279561+00:00"}
{"message": "SlackUser.org relationship direction RelationshipDirection.MANYTOONE", "severity": "INFO", "module": "relationships", "funcName": "_log_joins", "lineno": 2373, "ts": "2026-09-10T14:32:42.279571+00:00"}
{"message": "SlackUser.org lazy loading clause org.id = :param_1", "severity": "INFO", "module": "strategies", "funcName": "__init__", "lineno": 738, "ts": "2026-09-10T14:32:42.279620+00:00"}
{"message": "SlackUser.org will use Session.get() to optimize instance loads", "severity": "INFO", "module": "strategies", "funcName": "__init__", "lineno": 764, "ts": "2026-09-10T14:32:42.279667+00:00"}
{"message": "StoredConversationMetadataSaas.user setup primary join \"user\".id = conversation_metadata_saas.user_id", "severity": "INFO", "module": "relationships", "funcName": "_log_joins", "lineno": 2339, "ts": "2026-09-10T14:32:42.280337+00:00"}
{"message": "StoredConversationMetadataSaas.user setup secondary join None", "severity": "INFO", "module": "relationships", "funcName": "_log_joins", "lineno": 2340, "ts": "2026-09-10T14:32:42.280373+00:00"}
{"message": "StoredConversationMetadataSaas.user synchronize pairs [(user.id => conversation_metadata_saas.user_id)]", "severity": "INFO", "module": "relationships", "funcName": "_log_joins", "lineno": 2341, "ts": "2026-09-10T14:32:42.280391+00:00"}
{"message": "StoredConversationMetadataSaas.user secondary synchronize pairs []", "severity": "INFO", "module": "relationships", "funcName": "_log_joins", "lineno": 2348, "ts": "2026-09-10T14:32:42.280401+00:00"}
{"message": "StoredConversationMetadataSaas.user local/remote pairs [(conversation_metadata_saas.user_id / user.id)]", "severity": "INFO", "module": "relationships", "funcName": "_log_joins", "lineno": 2356, "ts": "2026-09-10T14:32:42.280411+00:00"}
{"message": "StoredConversationMetadataSaas.user remote columns [user.id]", "severity": "INFO", "module": "relationships", "funcName": "_log_joins", "lineno": 2363, "ts": "2026-09-10T14:32:42.280425+00:00"}
{"message": "StoredConversationMetadataSaas.user local columns [conversation_metadata_saas.user_id]", "severity": "INFO", "module": "relationships", "funcName": "_log_joins", "lineno": 2368, "ts": "2026-09-10T14:32:42.280438+00:00"}
{"message": "StoredConversationMetadataSaas.user relationship direction RelationshipDirection.MANYTOONE", "severity": "INFO", "module": "relationships", "funcName": "_log_joins", "lineno": 2373, "ts": "2026-09-10T14:32:42.280448+00:00"}
{"message": "StoredConversationMetadataSaas.user lazy loading clause \"user\".id = :param_1", "severity": "INFO", "module": "strategies", "funcName": "__init__", "lineno": 738, "ts": "2026-09-10T14:32:42.280496+00:00"}
{"message": "StoredConversationMetadataSaas.user will use Session.get() to optimize instance loads", "severity": "INFO", "module": "strategies", "funcName": "__init__", "lineno": 764, "ts": "2026-09-10T14:32:42.280543+00:00"}
{"message": "StoredConversationMetadataSaas.org setup primary join org.id = conversation_metadata_saas.org_id", "severity": "INFO", "module": "relationships", "funcName": "_log_joins", "lineno": 2339, "ts": "2026-09-10T14:32:42.280683+00:00"}
{"message": "StoredConversationMetadataSaas.org setup secondary join None", "severity": "INFO", "module": "relationships", "funcName": "_log_joins", "lineno": 2340, "ts": "2026-09-10T14:32:42.280711+00:00"}
{"message": "StoredConversationMetadataSaas.org synchronize pairs [(org.id => conversation_metadata_saas.org_id)]", "severity": "INFO", "module": "relationships", "funcName": "_log_joins", "lineno": 2341, "ts": "2026-09-10T14:32:42.280724+00:00"}
{"message": "StoredConversationMetadataSaas.org secondary synchronize pairs []", "severity": "INFO", "module": "relationships", "funcName": "_log_joins", "lineno": 2348, "ts": "2026-09-10T14:32:42.280734+00:00"}
{"message": "StoredConversationMetadataSaas.org local/remote pairs [(conversation_metadata_saas.org_id / org.id)]", "severity": "INFO", "module": "relationships", "funcName": "_log_joins", "lineno": 2356, "ts": "2026-09-10T14:32:42.280744+00:00"}
{"message": "StoredConversationMetadataSaas.org remote columns [org.id]", "severity": "INFO", "module": "relationships", "funcName": "_log_joins", "lineno": 2363, "ts": "2026-09-10T14:32:42.280757+00:00"}
{"message": "StoredConversationMetadataSaas.org local columns [conversation_metadata_saas.org_id]", "severity": "INFO", "module": "relationships", "funcName": "_log_joins", "lineno": 2368, "ts": "2026-09-10T14:32:42.280769+00:00"}
{"message": "StoredConversationMetadataSaas.org relationship direction RelationshipDirection.MANYTOONE", "severity": "INFO", "module": "relationships", "funcName": "_log_joins", "lineno": 2373, "ts": "2026-09-10T14:32:42.280778+00:00"}
{"message": "StoredConversationMetadataSaas.org lazy loading clause org.id = :param_1", "severity": "INFO", "module": "strategies", "funcName": "__init__", "lineno": 738, "ts": "2026-09-10T14:32:42.280824+00:00"}
{"message": "StoredConversationMetadataSaas.org will use Session.get() to optimize instance loads", "severity": "INFO", "module": "strategies", "funcName": "__init__", "lineno": 764, "ts": "2026-09-10T14:32:42.280869+00:00"}
{"message": "StoredCustomSecrets.org setup primary join org.id = custom_secrets.org_id", "severity": "INFO", "module": "relationships", "funcName": "_log_joins", "lineno": 2339, "ts": "2026-09-10T14:32:42.281055+00:00"}
{"message": "StoredCustomSecrets.org setup secondary join None", "severity": "INFO", "module": "relationships", "funcName": "_log_joins", "lineno": 2340, "ts": "2026-09-10T14:32:42.281083+00:00"}
{"message": "StoredCustomSecrets.org synchronize pairs [(org.id => custom_secrets.org_id)]", "severity": "INFO", "module": "relationships", "funcName": "_log_joins", "lineno": 2341, "ts": "2026-09-10T14:32:42.281095+00:00"}
{"message": "StoredCustomSecrets.org secondary synchronize pairs []", "severity": "INFO", "module": "relationships", "funcName": "_log_joins", "lineno": 2348, "ts": "2026-09-10T14:32:42.281106+00:00"}
{"message": "StoredCustomSecrets.org local/remote pairs [(custom_secrets.org_id / org.id)]", "severity": "INFO", "module": "relationships", "funcName": "_log_joins", "lineno": 2356, "ts": "2026-09-10T14:32:42.281116+00:00"}
{"message": "StoredCustomSecrets.org remote columns [org.id]", "severity": "INFO", "module": "relationships", "funcName": "_log_joins", "lineno": 2363, "ts": "2026-09-10T14:32:42.281129+00:00"}
{"message": "StoredCustomSecrets.org local columns [custom_secrets.org_id]", "severity": "INFO", "module": "relationships", "funcName": "_log_joins", "lineno": 2368, "ts": "2026-09-10T14:32:42.281140+00:00"}
{"message": "StoredCustomSecrets.org relationship direction RelationshipDirection.MANYTOONE", "severity": "INFO", "module": "relationships", "funcName": "_log_joins", "lineno": 2373, "ts": "2026-09-10T14:32:42.281148+00:00"}
{"message": "StoredCustomSecrets.org lazy loading clause org.id = :param_1", "severity": "INFO", "module": "strategies", "funcName": "__init__", "lineno": 738, "ts": "2026-09-10T14:32:42.281194+00:00"}
{"message": "StoredCustomSecrets.org will use Session.get() to optimize instance loads", "severity": "INFO", "module": "strategies", "funcName": "__init__", "lineno": 764, "ts": "2026-09-10T14:32:42.281346+00:00"}
{"message": "StripeCustomer.org setup primary join org.id = stripe_customers.org_id", "severity": "INFO", "module": "relationships", "funcName": "_log_joins", "lineno": 2339, "ts": "2026-09-10T14:32:42.281681+00:00"}
{"message": "StripeCustomer.org setup secondary join None", "severity": "INFO", "module": "relationships", "funcName": "_log_joins", "lineno": 2340, "ts": "2026-09-10T14:32:42.281709+00:00"}
{"message": "StripeCustomer.org synchronize pairs [(org.id => stripe_customers.org_id)]", "severity": "INFO", "module": "relationships", "funcName": "_log_joins", "lineno": 2341, "ts": "2026-09-10T14:32:42.281723+00:00"}
{"message": "StripeCustomer.org secondary synchronize pairs []", "severity": "INFO", "module": "relationships", "funcName": "_log_joins", "lineno": 2348, "ts": "2026-09-10T14:32:42.281732+00:00"}
{"message": "StripeCustomer.org local/remote pairs [(stripe_customers.org_id / org.id)]", "severity": "INFO", "module": "relationships", "funcName": "_log_joins", "lineno": 2356, "ts": "2026-09-10T14:32:42.281742+00:00"}
{"message": "StripeCustomer.org remote columns [org.id]", "severity": "INFO", "module": "relationships", "funcName": "_log_joins", "lineno": 2363, "ts": "2026-09-10T14:32:42.281755+00:00"}
{"message": "StripeCustomer.org local columns [stripe_customers.org_id]", "severity": "INFO", "module": "relationships", "funcName": "_log_joins", "lineno": 2368, "ts": "2026-09-10T14:32:42.281768+00:00"}
{"message": "StripeCustomer.org relationship direction RelationshipDirection.MANYTOONE", "severity": "INFO", "module": "relationships", "funcName": "_log_joins", "lineno": 2373, "ts": "2026-09-10T14:32:42.281776+00:00"}
{"message": "StripeCustomer.org lazy loading clause org.id = :param_1", "severity": "INFO", "module": "strategies", "funcName": "__init__", "lineno": 738, "ts": "2026-09-10T14:32:42.281823+00:00"}
{"message": "StripeCustomer.org will use Session.get() to optimize instance loads", "severity": "INFO", "module": "strategies", "funcName": "__init__", "lineno": 764, "ts": "2026-09-10T14:32:42.281869+00:00"}
{"message": "User.role setup primary join role.id = \"user\".role_id", "severity": "INFO", "module": "relationships", "funcName": "_log_joins", "lineno": 2339, "ts": "2026-09-10T14:32:42.282210+00:00"}
{"message": "User.role setup secondary join None", "severity": "INFO", "module": "relationships", "funcName": "_log_joins", "lineno": 2340, "ts": "2026-09-10T14:32:42.282238+00:00"}
{"message": "User.role synchronize pairs [(role.id => user.role_id)]", "severity": "INFO", "module": "relationships", "funcName": "_log_joins", "lineno": 2341, "ts": "2026-09-10T14:32:42.282251+00:00"}
{"message": "User.role secondary synchronize pairs []", "severity": "INFO", "module": "relationships", "funcName": "_log_joins", "lineno": 2348, "ts": "2026-09-10T14:32:42.282261+00:00"}
{"message": "User.role local/remote pairs [(user.role_id / role.id)]", "severity": "INFO", "module": "relationships", "funcName": "_log_joins", "lineno": 2356, "ts": "2026-09-10T14:32:42.282271+00:00"}
{"message": "User.role remote columns [role.id]", "severity": "INFO", "module": "relationships", "funcName": "_log_joins", "lineno": 2363, "ts": "2026-09-10T14:32:42.282283+00:00"}
{"message": "User.role local columns [user.role_id]", "severity": "INFO", "module": "relationships", "funcName": "_log_joins", "lineno": 2368, "ts": "2026-09-10T14:32:42.282296+00:00"}
{"message": "User.role relationship direction RelationshipDirection.MANYTOONE", "severity": "INFO", "module": "relationships", "funcName": "_log_joins", "lineno": 2373, "ts": "2026-09-10T14:32:42.282304+00:00"}
{"message": "User.role lazy loading clause role.id = :param_1", "severity": "INFO", "module": "strategies", "funcName": "__init__", "lineno": 738, "ts": "2026-09-10T14:32:42.282354+00:00"}
{"message": "User.role will use Session.get() to optimize instance loads", "severity": "INFO", "module": "strategies", "funcName": "__init__", "lineno": 764, "ts": "2026-09-10T14:32:42.282418+00:00"}
{"message": "User.org_members setup primary join \"user\".id = org_member.user_id", "severity": "INFO", "module": "relationships", "funcName": "_log_joins", "lineno": 2339, "ts": "2026-09-10T14:32:42.282571+00:00"}
{"message": "User.org_members setup secondary join None", "severity": "INFO", "module": "relationships", "funcName": "_log_joins", "lineno": 2340, "ts": "2026-09-10T14:32:42.282765+00:00"}
{"message": "User.org_members synchronize pairs [(user.id => org_member.user_id)]", "severity": "INFO", "module": "relationships", "funcName": "_log_joins", "lineno": 2341, "ts": "2026-09-10T14:32:42.282789+00:00"}
{"message": "User.org_members secondary synchronize pairs []", "severity": "INFO", "module": "relationships", "funcName": "_log_joins", "lineno": 2348, "ts": "2026-09-10T14:32:42.282803+00:00"}
{"message": "User.org_members local/remote pairs [(user.id / org_member.user_id)]", "severity": "INFO", "module": "relationships", "funcName": "_log_joins", "lineno": 2356, "ts": "2026-09-10T14:32:42.282815+00:00"}
{"message": "User.org_members remote columns [org_member.user_id]", "severity": "INFO", "module": "relationships", "funcName": "_log_joins", "lineno": 2363, "ts": "2026-09-10T14:32:42.282834+00:00"}
{"message": "User.org_members local columns [user.id]", "severity": "INFO", "module": "relationships", "funcName": "_log_joins", "lineno": 2368, "ts": "2026-09-10T14:32:42.282849+00:00"}
{"message": "User.org_members relationship direction RelationshipDirection.ONETOMANY", "severity": "INFO", "module": "relationships", "funcName": "_log_joins", "lineno": 2373, "ts": "2026-09-10T14:32:42.282860+00:00"}
{"message": "User.org_members lazy loading clause :param_1 = org_member.user_id", "severity": "INFO", "module": "strategies", "funcName": "__init__", "lineno": 738, "ts": "2026-09-10T14:32:42.282977+00:00"}
{"message": "User.current_org setup primary join org.id = \"user\".current_org_id", "severity": "INFO", "module": "relationships", "funcName": "_log_joins", "lineno": 2339, "ts": "2026-09-10T14:32:42.283319+00:00"}
{"message": "User.current_org setup secondary join None", "severity": "INFO", "module": "relationships", "funcName": "_log_joins", "lineno": 2340, "ts": "2026-09-10T14:32:42.283412+00:00"}
{"message": "User.current_org synchronize pairs [(org.id => user.current_org_id)]", "severity": "INFO", "module": "relationships", "funcName": "_log_joins", "lineno": 2341, "ts": "2026-09-10T14:32:42.283425+00:00"}
{"message": "User.current_org secondary synchronize pairs []", "severity": "INFO", "module": "relationships", "funcName": "_log_joins", "lineno": 2348, "ts": "2026-09-10T14:32:42.283436+00:00"}
{"message": "User.current_org local/remote pairs [(user.current_org_id / org.id)]", "severity": "INFO", "module": "relationships", "funcName": "_log_joins", "lineno": 2356, "ts": "2026-09-10T14:32:42.283449+00:00"}
{"message": "User.current_org remote columns [org.id]", "severity": "INFO", "module": "relationships", "funcName": "_log_joins", "lineno": 2363, "ts": "2026-09-10T14:32:42.283463+00:00"}
{"message": "User.current_org local columns [user.current_org_id]", "severity": "INFO", "module": "relationships", "funcName": "_log_joins", "lineno": 2368, "ts": "2026-09-10T14:32:42.283476+00:00"}
{"message": "User.current_org relationship direction RelationshipDirection.MANYTOONE", "severity": "INFO", "module": "relationships", "funcName": "_log_joins", "lineno": 2373, "ts": "2026-09-10T14:32:42.283487+00:00"}
{"message": "User.current_org lazy loading clause org.id = :param_1", "severity": "INFO", "module": "strategies", "funcName": "__init__", "lineno": 738, "ts": "2026-09-10T14:32:42.283540+00:00"}
{"message": "User.current_org will use Session.get() to optimize instance loads", "severity": "INFO", "module": "strategies", "funcName": "__init__", "lineno": 764, "ts": "2026-09-10T14:32:42.283587+00:00"}
{"message": "User.stored_conversation_metadata_saas setup primary join \"user\".id = conversation_metadata_saas.user_id", "severity": "INFO", "module": "relationships", "funcName": "_log_joins", "lineno": 2339, "ts": "2026-09-10T14:32:42.283736+00:00"}
{"message": "User.stored_conversation_metadata_saas setup secondary join None", "severity": "INFO", "module": "relationships", "funcName": "_log_joins", "lineno": 2340, "ts": "2026-09-10T14:32:42.283764+00:00"}
{"message": "User.stored_conversation_metadata_saas synchronize pairs [(user.id => conversation_metadata_saas.user_id)]", "severity": "INFO", "module": "relationships", "funcName": "_log_joins", "lineno": 2341, "ts": "2026-09-10T14:32:42.283776+00:00"}
{"message": "User.stored_conversation_metadata_saas secondary synchronize pairs []", "severity": "INFO", "module": "relationships", "funcName": "_log_joins", "lineno": 2348, "ts": "2026-09-10T14:32:42.283786+00:00"}
{"message": "User.stored_conversation_metadata_saas local/remote pairs [(user.id / conversation_metadata_saas.user_id)]", "severity": "INFO", "module": "relationships", "funcName": "_log_joins", "lineno": 2356, "ts": "2026-09-10T14:32:42.283796+00:00"}
{"message": "User.stored_conversation_metadata_saas remote columns [conversation_metadata_saas.user_id]", "severity": "INFO", "module": "relationships", "funcName": "_log_joins", "lineno": 2363, "ts": "2026-09-10T14:32:42.283810+00:00"}
{"message": "User.stored_conversation_metadata_saas local columns [user.id]", "severity": "INFO", "module": "relationships", "funcName": "_log_joins", "lineno": 2368, "ts": "2026-09-10T14:32:42.283823+00:00"}
{"message": "User.stored_conversation_metadata_saas relationship direction RelationshipDirection.ONETOMANY", "severity": "INFO", "module": "relationships", "funcName": "_log_joins", "lineno": 2373, "ts": "2026-09-10T14:32:42.283832+00:00"}
{"message": "User.stored_conversation_metadata_saas lazy loading clause :param_1 = conversation_metadata_saas.user_id", "severity": "INFO", "module": "strategies", "funcName": "__init__", "lineno": 738, "ts": "2026-09-10T14:32:42.283877+00:00"}
{"message": "Application startup complete.", "severity": "INFO", "module": "on", "funcName": "startup", "lineno": 62, "ts": "2026-09-10T14:32:42.293542+00:00"}
{"message": "Uvicorn running on https://127.0.0.1:57664 (Press CTRL+C to quit)", "severity": "INFO", "module": "server", "funcName": "_log_started_message", "lineno": 224, "color_message": "Uvicorn running on \u001b[1m%s://%s:%d\u001b[0m (Press CTRL+C to quit)", "ts": "2026-09-10T14:32:42.293803+00:00"}
{"message": "127.0.0.1:58290 - \"GET /settings/integrations HTTP/1.1\" 200", "severity": "INFO", "module": "h11_impl", "funcName": "send", "lineno": 481, "ts": "2026-09-10T14:32:50.773792+00:00"}
{"message": "127.0.0.1:58290 - \"GET /assets/manifest-d7f631c4.js HTTP/1.1\" 200", "severity": "INFO", "module": "h11_impl", "funcName": "send", "lineno": 481, "ts": "2026-09-10T14:32:50.800295+00:00"}
{"message": "127.0.0.1:58303 - \"GET /assets/entry.client-Dw7KE7hM.js HTTP/1.1\" 200", "severity": "INFO", "module": "h11_impl", "funcName": "send", "lineno": 481, "ts": "2026-09-10T14:32:50.802523+00:00"}
{"message": "127.0.0.1:58304 - \"GET /assets/chunk-6CSD65Y2-UpbgoP9j.js HTTP/1.1\" 200", "severity": "INFO", "module": "h11_impl", "funcName": "send", "lineno": 481, "ts": "2026-09-10T14:32:50.803320+00:00"}
{"message": "127.0.0.1:58306 - \"GET /assets/index-tLtD-Cu0.js HTTP/1.1\" 200", "severity": "INFO", "module": "h11_impl", "funcName": "send", "lineno": 481, "ts": "2026-09-10T14:32:50.803664+00:00"}
{"message": "127.0.0.1:58308 - \"GET /assets/custom-toast-handlers-CAVHstGd.js HTTP/1.1\" 200", "severity": "INFO", "module": "h11_impl", "funcName": "send", "lineno": 481, "ts": "2026-09-10T14:32:50.803804+00:00"}
{"message": "127.0.0.1:58310 - \"GET /assets/query-client-config-C2aiFcZM.js HTTP/1.1\" 200", "severity": "INFO", "module": "h11_impl", "funcName": "send", "lineno": 481, "ts": "2026-09-10T14:32:50.803979+00:00"}
{"message": "127.0.0.1:58290 - \"GET /assets/root-D-LbRKNh.css HTTP/1.1\" 200", "severity": "INFO", "module": "h11_impl", "funcName": "send", "lineno": 481, "ts": "2026-09-10T14:32:50.808668+00:00"}
{"message": "127.0.0.1:58308 - \"GET /assets/open-hands-axios-LzNSarGn.js HTTP/1.1\" 200", "severity": "INFO", "module": "h11_impl", "funcName": "send", "lineno": 481, "ts": "2026-09-10T14:32:50.811613+00:00"}
{"message": "127.0.0.1:58306 - \"GET /assets/index-Dt4MV93j.js HTTP/1.1\" 200", "severity": "INFO", "module": "h11_impl", "funcName": "send", "lineno": 481, "ts": "2026-09-10T14:32:50.812739+00:00"}
{"message": "127.0.0.1:58310 - \"GET /assets/query-keys-BSjaytiJ.js HTTP/1.1\" 200", "severity": "INFO", "module": "h11_impl", "funcName": "send", "lineno": 481, "ts": "2026-09-10T14:32:50.812848+00:00"}
{"message": "127.0.0.1:58304 - \"GET /assets/index-CXoKay-T.js HTTP/1.1\" 200", "severity": "INFO", "module": "h11_impl", "funcName": "send", "lineno": 481, "ts": "2026-09-10T14:32:50.813049+00:00"}
{"message": "127.0.0.1:58303 - \"GET /assets/preload-helper-Bc3Pu81E.js HTTP/1.1\" 200", "severity": "INFO", "module": "h11_impl", "funcName": "send", "lineno": 481, "ts": "2026-09-10T14:32:50.813363+00:00"}
{"message": "127.0.0.1:58308 - \"GET /assets/declaration-Bwok30Lo.js HTTP/1.1\" 200", "severity": "INFO", "module": "h11_impl", "funcName": "send", "lineno": 481, "ts": "2026-09-10T14:32:50.821107+00:00"}
{"message": "127.0.0.1:58304 - \"GET /assets/rate-limit-retry-DdZplSiD.js HTTP/1.1\" 200", "severity": "INFO", "module": "h11_impl", "funcName": "send", "lineno": 481, "ts": "2026-09-10T14:32:50.822623+00:00"}
{"message": "127.0.0.1:58310 - \"GET /assets/retrieve-axios-error-message-Dwxjb5f3.js HTTP/1.1\" 200", "severity": "INFO", "module": "h11_impl", "funcName": "send", "lineno": 481, "ts": "2026-09-10T14:32:50.823005+00:00"}
{"message": "127.0.0.1:58303 - \"GET /assets/infiniteQueryBehavior-DZN75Mj9.js HTTP/1.1\" 200", "severity": "INFO", "module": "h11_impl", "funcName": "send", "lineno": 481, "ts": "2026-09-10T14:32:50.824203+00:00"}
{"message": "127.0.0.1:58290 - \"GET /assets/mutation-DSZmfvqD.js HTTP/1.1\" 200", "severity": "INFO", "module": "h11_impl", "funcName": "send", "lineno": 481, "ts": "2026-09-10T14:32:50.824423+00:00"}
{"message": "127.0.0.1:58306 - \"GET /assets/root-Cyf3bcFs.js HTTP/1.1\" 200", "severity": "INFO", "module": "h11_impl", "funcName": "send", "lineno": 481, "ts": "2026-09-10T14:32:50.826863+00:00"}
{"message": "127.0.0.1:58304 - \"GET /assets/use-invitation-M5_iS4Ov.js HTTP/1.1\" 200", "severity": "INFO", "module": "h11_impl", "funcName": "send", "lineno": 481, "ts": "2026-09-10T14:32:50.828655+00:00"}
{"message": "127.0.0.1:58304 - \"GET /locales/en/translation.json HTTP/1.1\" 200", "severity": "INFO", "module": "h11_impl", "funcName": "send", "lineno": 481, "ts": "2026-09-10T14:32:50.848422+00:00"}
{"message": "127.0.0.1:58306 - \"GET /assets/root-layout-ClPiNWoF.js HTTP/1.1\" 200", "severity": "INFO", "module": "h11_impl", "funcName": "send", "lineno": 481, "ts": "2026-09-10T14:32:50.856911+00:00"}
{"message": "127.0.0.1:58303 - \"GET /assets/settings-BGO5WOAS.js HTTP/1.1\" 200", "severity": "INFO", "module": "h11_impl", "funcName": "send", "lineno": 481, "ts": "2026-09-10T14:32:50.857963+00:00"}
{"message": "127.0.0.1:58290 - \"GET /assets/git-settings-SUq9s1w5.js HTTP/1.1\" 200", "severity": "INFO", "module": "h11_impl", "funcName": "send", "lineno": 481, "ts": "2026-09-10T14:32:50.858116+00:00"}
{"message": "127.0.0.1:58303 - \"GET /assets/use-is-authed-D8E0h2Jo.js HTTP/1.1\" 200", "severity": "INFO", "module": "h11_impl", "funcName": "send", "lineno": 481, "ts": "2026-09-10T14:32:50.874836+00:00"}
{"message": "127.0.0.1:58306 - \"GET /assets/user-service.api-CSKE8tMw.js HTTP/1.1\" 200", "severity": "INFO", "module": "h11_impl", "funcName": "send", "lineno": 481, "ts": "2026-09-10T14:32:50.876244+00:00"}
{"message": "127.0.0.1:58308 - \"GET /assets/sandbox-status-indicator-De-qu6-K.js HTTP/1.1\" 200", "severity": "INFO", "module": "h11_impl", "funcName": "send", "lineno": 481, "ts": "2026-09-10T14:32:50.876917+00:00"}
{"message": "127.0.0.1:58290 - \"GET /assets/use-config-Dh7W-dyl.js HTTP/1.1\" 200", "severity": "INFO", "module": "h11_impl", "funcName": "send", "lineno": 481, "ts": "2026-09-10T14:32:50.877624+00:00"}
{"message": "127.0.0.1:58310 - \"GET /assets/use-logout-SxGpq-OD.js HTTP/1.1\" 200", "severity": "INFO", "module": "h11_impl", "funcName": "send", "lineno": 481, "ts": "2026-09-10T14:32:50.880173+00:00"}
{"message": "127.0.0.1:58304 - \"GET /api/v1/web-client/config HTTP/1.1\" 200", "severity": "INFO", "module": "h11_impl", "funcName": "send", "lineno": 481, "ts": "2026-09-10T14:32:50.888784+00:00"}
{"message": "127.0.0.1:58303 - \"GET /assets/loading-spinner-sGH7m1sO.js HTTP/1.1\" 200", "severity": "INFO", "module": "h11_impl", "funcName": "send", "lineno": 481, "ts": "2026-09-10T14:32:50.894529+00:00"}
{"message": "127.0.0.1:58306 - \"GET /assets/utils-BYzDx4ip.js HTTP/1.1\" 200", "severity": "INFO", "module": "h11_impl", "funcName": "send", "lineno": 481, "ts": "2026-09-10T14:32:50.895502+00:00"}
{"message": "127.0.0.1:58290 - \"GET /assets/use-me-Dizf1yD1.js HTTP/1.1\" 200", "severity": "INFO", "module": "h11_impl", "funcName": "send", "lineno": 481, "ts": "2026-09-10T14:32:50.898131+00:00"}
{"message": "127.0.0.1:58308 - \"GET /assets/useTranslation-i1xdxadn.js HTTP/1.1\" 200", "severity": "INFO", "module": "h11_impl", "funcName": "send", "lineno": 481, "ts": "2026-09-10T14:32:50.899070+00:00"}
{"message": "127.0.0.1:58310 - \"GET /assets/index-Cl4PwBnF.js HTTP/1.1\" 200", "severity": "INFO", "module": "h11_impl", "funcName": "send", "lineno": 481, "ts": "2026-09-10T14:32:50.900967+00:00"}
{"message": "127.0.0.1:58304 - \"GET /assets/settings-gear-QGZieQG5.js HTTP/1.1\" 200", "severity": "INFO", "module": "h11_impl", "funcName": "send", "lineno": 481, "ts": "2026-09-10T14:32:50.902081+00:00"}
{"message": "127.0.0.1:58306 - \"GET /assets/settings-nav-divider-DNWs2xzQ.js HTTP/1.1\" 200", "severity": "INFO", "module": "h11_impl", "funcName": "send", "lineno": 481, "ts": "2026-09-10T14:32:50.915770+00:00"}
{"message": "127.0.0.1:58303 - \"GET /assets/index-BA1di30B.js HTTP/1.1\" 200", "severity": "INFO", "module": "h11_impl", "funcName": "send", "lineno": 481, "ts": "2026-09-10T14:32:50.918998+00:00"}
{"message": "127.0.0.1:58308 - \"GET /assets/card-BiCf3WY_.js HTTP/1.1\" 200", "severity": "INFO", "module": "h11_impl", "funcName": "send", "lineno": 481, "ts": "2026-09-10T14:32:50.922474+00:00"}
{"message": "127.0.0.1:58290 - \"GET /assets/context-menu-rVWPDAtP.js HTTP/1.1\" 200", "severity": "INFO", "module": "h11_impl", "funcName": "send", "lineno": 481, "ts": "2026-09-10T14:32:50.924486+00:00"}
{"message": "127.0.0.1:58304 - \"GET /assets/card-title-DNMudsxn.js HTTP/1.1\" 200", "severity": "INFO", "module": "h11_impl", "funcName": "send", "lineno": 481, "ts": "2026-09-10T14:32:50.925340+00:00"}
{"message": "127.0.0.1:58310 - \"GET /assets/typography-CEll3mgr.js HTTP/1.1\" 200", "severity": "INFO", "module": "h11_impl", "funcName": "send", "lineno": 481, "ts": "2026-09-10T14:32:50.928163+00:00"}
{"message": "127.0.0.1:58306 - \"GET /assets/stacked-5ookcZbZ.js HTTP/1.1\" 200", "severity": "INFO", "module": "h11_impl", "funcName": "send", "lineno": 481, "ts": "2026-09-10T14:32:50.938195+00:00"}
{"message": "127.0.0.1:58303 - \"GET /assets/chunk-AUA5GDXN-WvNegR2I.js HTTP/1.1\" 200", "severity": "INFO", "module": "h11_impl", "funcName": "send", "lineno": 481, "ts": "2026-09-10T14:32:50.938492+00:00"}
{"message": "127.0.0.1:58308 - \"GET /assets/use-should-hide-org-selector-CpSd0fQ-.js HTTP/1.1\" 200", "severity": "INFO", "module": "h11_impl", "funcName": "send", "lineno": 481, "ts": "2026-09-10T14:32:50.941161+00:00"}
{"message": "127.0.0.1:58304 - \"GET /assets/use-app-mode-B54Qx7LS.js HTTP/1.1\" 200", "severity": "INFO", "module": "h11_impl", "funcName": "send", "lineno": 481, "ts": "2026-09-10T14:32:50.942364+00:00"}
{"message": "127.0.0.1:58290 - \"GET /assets/settings-nav-header-Dnv4GU50.js HTTP/1.1\" 200", "severity": "INFO", "module": "h11_impl", "funcName": "send", "lineno": 481, "ts": "2026-09-10T14:32:50.942608+00:00"}
{"message": "127.0.0.1:58310 - \"GET /assets/invite-organization-member-modal-D4MJ3CFv.js HTTP/1.1\" 200", "severity": "INFO", "module": "h11_impl", "funcName": "send", "lineno": 481, "ts": "2026-09-10T14:32:50.947369+00:00"}
{"message": "127.0.0.1:58306 - \"GET /assets/org-modal-BRTBwe_B.js HTTP/1.1\" 200", "severity": "INFO", "module": "h11_impl", "funcName": "send", "lineno": 481, "ts": "2026-09-10T14:32:50.955149+00:00"}
{"message": "127.0.0.1:58303 - \"GET /assets/useMutation-8-YK4bsn.js HTTP/1.1\" 200", "severity": "INFO", "module": "h11_impl", "funcName": "send", "lineno": 481, "ts": "2026-09-10T14:32:50.956501+00:00"}
{"message": "127.0.0.1:58308 - \"GET /assets/organization-service.api-DAj5yeBR.js HTTP/1.1\" 200", "severity": "INFO", "module": "h11_impl", "funcName": "send", "lineno": 481, "ts": "2026-09-10T14:32:50.958238+00:00"}
{"message": "127.0.0.1:58290 - \"GET /assets/styled-tooltip-k9fZGNHu.js HTTP/1.1\" 200", "severity": "INFO", "module": "h11_impl", "funcName": "send", "lineno": 481, "ts": "2026-09-10T14:32:50.959441+00:00"}
{"message": "127.0.0.1:58304 - \"GET /assets/openhands-logo-DilX03Hr.js HTTP/1.1\" 200", "severity": "INFO", "module": "h11_impl", "funcName": "send", "lineno": 481, "ts": "2026-09-10T14:32:50.962338+00:00"}
{"message": "127.0.0.1:58310 - \"GET /assets/modal-backdrop-B5BF9mZF.js HTTP/1.1\" 200", "severity": "INFO", "module": "h11_impl", "funcName": "send", "lineno": 481, "ts": "2026-09-10T14:32:50.962894+00:00"}
{"message": "127.0.0.1:58306 - \"GET /assets/base-modal-8sJuGqdJ.js HTTP/1.1\" 200", "severity": "INFO", "module": "h11_impl", "funcName": "send", "lineno": 481, "ts": "2026-09-10T14:32:50.968237+00:00"}
{"message": "127.0.0.1:58303 - \"GET /assets/permissions-a6OWVwNd.js HTTP/1.1\" 200", "severity": "INFO", "module": "h11_impl", "funcName": "send", "lineno": 481, "ts": "2026-09-10T14:32:50.969677+00:00"}
{"message": "127.0.0.1:58308 - \"GET /assets/model-selector-B_esEVWk.js HTTP/1.1\" 200", "severity": "INFO", "module": "h11_impl", "funcName": "send", "lineno": 481, "ts": "2026-09-10T14:32:50.969951+00:00"}
{"message": "127.0.0.1:58290 - \"GET /assets/brand-button-CB2ZqR1E.js HTTP/1.1\" 200", "severity": "INFO", "module": "h11_impl", "funcName": "send", "lineno": 481, "ts": "2026-09-10T14:32:50.970511+00:00"}
{"message": "127.0.0.1:58310 - \"GET /assets/settings-input-DeV8o5x5.js HTTP/1.1\" 200", "severity": "INFO", "module": "h11_impl", "funcName": "send", "lineno": 481, "ts": "2026-09-10T14:32:50.972118+00:00"}
{"message": "127.0.0.1:58304 - \"GET /assets/help-link-DcOVRYm_.js HTTP/1.1\" 200", "severity": "INFO", "module": "h11_impl", "funcName": "send", "lineno": 481, "ts": "2026-09-10T14:32:50.972379+00:00"}
{"message": "127.0.0.1:58306 - \"GET /assets/use-save-settings-DbZtTQUT.js HTTP/1.1\" 200", "severity": "INFO", "module": "h11_impl", "funcName": "send", "lineno": 481, "ts": "2026-09-10T14:32:50.977344+00:00"}
{"message": "127.0.0.1:58303 - \"GET /assets/sdk-settings-schema-ysVUDYQY.js HTTP/1.1\" 200", "severity": "INFO", "module": "h11_impl", "funcName": "send", "lineno": 481, "ts": "2026-09-10T14:32:50.979070+00:00"}
{"message": "127.0.0.1:58308 - \"GET /assets/constants-BAVPcVUC.js HTTP/1.1\" 200", "severity": "INFO", "module": "h11_impl", "funcName": "send", "lineno": 481, "ts": "2026-09-10T14:32:50.979937+00:00"}
{"message": "127.0.0.1:58290 - \"GET /assets/use-settings-DDjmuEGm.js HTTP/1.1\" 200", "severity": "INFO", "module": "h11_impl", "funcName": "send", "lineno": 481, "ts": "2026-09-10T14:32:50.980509+00:00"}
{"message": "127.0.0.1:58304 - \"GET /assets/v1-conversation-service.api-Bp7sNLu0.js HTTP/1.1\" 200", "severity": "INFO", "module": "h11_impl", "funcName": "send", "lineno": 481, "ts": "2026-09-10T14:32:50.982176+00:00"}
{"message": "127.0.0.1:58310 - \"GET /assets/use-infinite-scroll-ug_PCwOE.js HTTP/1.1\" 200", "severity": "INFO", "module": "h11_impl", "funcName": "send", "lineno": 481, "ts": "2026-09-10T14:32:50.982373+00:00"}
{"message": "127.0.0.1:58306 - \"GET /assets/modal-body-C_1-4ovn.js HTTP/1.1\" 200", "severity": "INFO", "module": "h11_impl", "funcName": "send", "lineno": 481, "ts": "2026-09-10T14:32:50.987311+00:00"}
{"message": "127.0.0.1:58303 - \"GET /assets/agent-chip-icon-X2ZJp6do.js HTTP/1.1\" 200", "severity": "INFO", "module": "h11_impl", "funcName": "send", "lineno": 481, "ts": "2026-09-10T14:32:50.988433+00:00"}
{"message": "127.0.0.1:58308 - \"GET /assets/conversation-service.api-EKAoYc9o.js HTTP/1.1\" 200", "severity": "INFO", "module": "h11_impl", "funcName": "send", "lineno": 481, "ts": "2026-09-10T14:32:50.988897+00:00"}
{"message": "127.0.0.1:58290 - \"GET /assets/conversation-name-context-menu-icon-text-B1HvcP85.js HTTP/1.1\" 200", "severity": "INFO", "module": "h11_impl", "funcName": "send", "lineno": 481, "ts": "2026-09-10T14:32:50.989109+00:00"}
{"message": "127.0.0.1:58310 - \"GET /assets/u-edit-Cw7UgFQ4.js HTTP/1.1\" 200", "severity": "INFO", "module": "h11_impl", "funcName": "send", "lineno": 481, "ts": "2026-09-10T14:32:50.990763+00:00"}
{"message": "127.0.0.1:58304 - \"GET /assets/u-delete-CqpdoXH5.js HTTP/1.1\" 200", "severity": "INFO", "module": "h11_impl", "funcName": "send", "lineno": 481, "ts": "2026-09-10T14:32:50.991416+00:00"}
{"message": "127.0.0.1:58306 - \"GET /assets/format-time-delta-CgY-HPrl.js HTTP/1.1\" 200", "severity": "INFO", "module": "h11_impl", "funcName": "send", "lineno": 481, "ts": "2026-09-10T14:32:50.995012+00:00"}
{"message": "127.0.0.1:58303 - \"GET /assets/index-BR5f3GK5.js HTTP/1.1\" 200", "severity": "INFO", "module": "h11_impl", "funcName": "send", "lineno": 481, "ts": "2026-09-10T14:32:50.995297+00:00"}
{"message": "127.0.0.1:58290 - \"GET /assets/azure-devops-logo-DXPdTsmh.js HTTP/1.1\" 200", "severity": "INFO", "module": "h11_impl", "funcName": "send", "lineno": 481, "ts": "2026-09-10T14:32:50.995798+00:00"}
{"message": "127.0.0.1:58308 - \"GET /assets/index-CcBMHdO5.js HTTP/1.1\" 200", "severity": "INFO", "module": "h11_impl", "funcName": "send", "lineno": 481, "ts": "2026-09-10T14:32:50.996164+00:00"}
{"message": "127.0.0.1:58310 - \"GET /assets/handle-capture-consent-BKBd3oL3.js HTTP/1.1\" 200", "severity": "INFO", "module": "h11_impl", "funcName": "send", "lineno": 481, "ts": "2026-09-10T14:32:50.996709+00:00"}
{"message": "127.0.0.1:58304 - \"GET /assets/use-auth-capabilities-EIdFh3Uu.js HTTP/1.1\" 200", "severity": "INFO", "module": "h11_impl", "funcName": "send", "lineno": 481, "ts": "2026-09-10T14:32:50.997128+00:00"}
{"message": "127.0.0.1:58303 - \"GET /assets/local-storage-BL98fNWo.js HTTP/1.1\" 200", "severity": "INFO", "module": "h11_impl", "funcName": "send", "lineno": 481, "ts": "2026-09-10T14:32:51.002718+00:00"}
{"message": "127.0.0.1:58290 - \"GET /assets/cross-app-redirect-CA1RAd_9.js HTTP/1.1\" 200", "severity": "INFO", "module": "h11_impl", "funcName": "send", "lineno": 481, "ts": "2026-09-10T14:32:51.003014+00:00"}
{"message": "127.0.0.1:58306 - \"GET /assets/use-auth-url-M2suDX2e.js HTTP/1.1\" 200", "severity": "INFO", "module": "h11_impl", "funcName": "send", "lineno": 481, "ts": "2026-09-10T14:32:51.003529+00:00"}
{"message": "127.0.0.1:58308 - \"GET /assets/use-organizations-Du6jQWrG.js HTTP/1.1\" 200", "severity": "INFO", "module": "h11_impl", "funcName": "send", "lineno": 481, "ts": "2026-09-10T14:32:51.003976+00:00"}
{"message": "127.0.0.1:58304 - \"GET /assets/close-5k7m9tBa.js HTTP/1.1\" 200", "severity": "INFO", "module": "h11_impl", "funcName": "send", "lineno": 481, "ts": "2026-09-10T14:32:51.004552+00:00"}
{"message": "127.0.0.1:58310 - \"GET /assets/use-onboarding-status-D8-nDDLa.js HTTP/1.1\" 200", "severity": "INFO", "module": "h11_impl", "funcName": "send", "lineno": 481, "ts": "2026-09-10T14:32:51.004633+00:00"}
{"message": "127.0.0.1:58303 - \"GET /assets/use-user-conversation-Cid1kHvb.js HTTP/1.1\" 200", "severity": "INFO", "module": "h11_impl", "funcName": "send", "lineno": 481, "ts": "2026-09-10T14:32:51.010549+00:00"}
{"message": "127.0.0.1:58306 - \"GET /assets/auth-service.api-DG-mQZWV.js HTTP/1.1\" 200", "severity": "INFO", "module": "h11_impl", "funcName": "send", "lineno": 481, "ts": "2026-09-10T14:32:51.010730+00:00"}
{"message": "127.0.0.1:58290 - \"GET /assets/use-user-providers-De-NIh9j.js HTTP/1.1\" 200", "severity": "INFO", "module": "h11_impl", "funcName": "send", "lineno": 481, "ts": "2026-09-10T14:32:51.011474+00:00"}
{"message": "127.0.0.1:58308 - \"GET /assets/useInfiniteQuery-bO1xC7Iy.js HTTP/1.1\" 200", "severity": "INFO", "module": "h11_impl", "funcName": "send", "lineno": 481, "ts": "2026-09-10T14:32:51.011770+00:00"}
{"message": "127.0.0.1:58304 - \"GET /assets/iconBase-Dv4KA39o.js HTTP/1.1\" 200", "severity": "INFO", "module": "h11_impl", "funcName": "send", "lineno": 481, "ts": "2026-09-10T14:32:51.012412+00:00"}
{"message": "127.0.0.1:58310 - \"GET /assets/dropdown-npgxgKWR.js HTTP/1.1\" 200", "severity": "INFO", "module": "h11_impl", "funcName": "send", "lineno": 481, "ts": "2026-09-10T14:32:51.012537+00:00"}
{"message": "127.0.0.1:58306 - \"GET /assets/downshift.esm-BbaUJ_tW.js HTTP/1.1\" 200", "severity": "INFO", "module": "h11_impl", "funcName": "send", "lineno": 481, "ts": "2026-09-10T14:32:51.020438+00:00"}
{"message": "127.0.0.1:58290 - \"GET /assets/x-BsgLjmSr.js HTTP/1.1\" 200", "severity": "INFO", "module": "h11_impl", "funcName": "send", "lineno": 481, "ts": "2026-09-10T14:32:51.021378+00:00"}
{"message": "127.0.0.1:58303 - \"GET /assets/createLucideIcon-BxzTDeUp.js HTTP/1.1\" 200", "severity": "INFO", "module": "h11_impl", "funcName": "send", "lineno": 481, "ts": "2026-09-10T14:32:51.021758+00:00"}
{"message": "127.0.0.1:58310 - \"GET /assets/user-BZaYcIDI.js HTTP/1.1\" 200", "severity": "INFO", "module": "h11_impl", "funcName": "send", "lineno": 481, "ts": "2026-09-10T14:32:51.022136+00:00"}
{"message": "127.0.0.1:58308 - \"GET /assets/chevron-down-DJLF3NWr.js HTTP/1.1\" 200", "severity": "INFO", "module": "h11_impl", "funcName": "send", "lineno": 481, "ts": "2026-09-10T14:32:51.022348+00:00"}
{"message": "127.0.0.1:58304 - \"GET /assets/u-puzzle-piece-DZAj73nM.js HTTP/1.1\" 200", "severity": "INFO", "module": "h11_impl", "funcName": "send", "lineno": 481, "ts": "2026-09-10T14:32:51.022540+00:00"}
{"message": "127.0.0.1:58306 - \"GET /assets/billing-visibility-D5M6Ccfy.js HTTP/1.1\" 200", "severity": "INFO", "module": "h11_impl", "funcName": "send", "lineno": 481, "ts": "2026-09-10T14:32:51.028511+00:00"}
{"message": "127.0.0.1:58290 - \"GET /assets/use-permissions-Cw6_6mp8.js HTTP/1.1\" 200", "severity": "INFO", "module": "h11_impl", "funcName": "send", "lineno": 481, "ts": "2026-09-10T14:32:51.028868+00:00"}
{"message": "127.0.0.1:58303 - \"GET /assets/Trans-B9E-JHZU.js HTTP/1.1\" 200", "severity": "INFO", "module": "h11_impl", "funcName": "send", "lineno": 481, "ts": "2026-09-10T14:32:51.028968+00:00"}
{"message": "127.0.0.1:58304 - \"GET /assets/chunk-RXKUWVQZ-D1OtVlZP.js HTTP/1.1\" 200", "severity": "INFO", "module": "h11_impl", "funcName": "send", "lineno": 481, "ts": "2026-09-10T14:32:51.029100+00:00"}
{"message": "127.0.0.1:58308 - \"GET /assets/input-validation-hr7xwKOy.js HTTP/1.1\" 200", "severity": "INFO", "module": "h11_impl", "funcName": "send", "lineno": 481, "ts": "2026-09-10T14:32:51.029620+00:00"}
{"message": "127.0.0.1:58310 - \"GET /assets/index-OXd_jqD1.js HTTP/1.1\" 200", "severity": "INFO", "module": "h11_impl", "funcName": "send", "lineno": 481, "ts": "2026-09-10T14:32:51.029826+00:00"}
{"message": "127.0.0.1:58306 - \"GET /assets/sandbox-service.api--HJWqUv9.js HTTP/1.1\" 200", "severity": "INFO", "module": "h11_impl", "funcName": "send", "lineno": 481, "ts": "2026-09-10T14:32:51.036900+00:00"}
{"message": "127.0.0.1:58303 - \"GET /assets/openhands-logo-white-cxeMkDJA.js HTTP/1.1\" 200", "severity": "INFO", "module": "h11_impl", "funcName": "send", "lineno": 481, "ts": "2026-09-10T14:32:51.038075+00:00"}
{"message": "127.0.0.1:58308 - \"GET /assets/permission-checks-Ce96Mh3q.js HTTP/1.1\" 200", "severity": "INFO", "module": "h11_impl", "funcName": "send", "lineno": 481, "ts": "2026-09-10T14:32:51.039097+00:00"}
{"message": "127.0.0.1:58290 - \"GET /assets/optional-tag-CEdAG4AY.js HTTP/1.1\" 200", "severity": "INFO", "module": "h11_impl", "funcName": "send", "lineno": 481, "ts": "2026-09-10T14:32:51.039504+00:00"}
{"message": "127.0.0.1:58304 - \"GET /assets/info-circle-C7uY3qjj.js HTTP/1.1\" 200", "severity": "INFO", "module": "h11_impl", "funcName": "send", "lineno": 481, "ts": "2026-09-10T14:32:51.040235+00:00"}
{"message": "127.0.0.1:58310 - \"GET /assets/permission-guard-C6cuQw9v.js HTTP/1.1\" 200", "severity": "INFO", "module": "h11_impl", "funcName": "send", "lineno": 481, "ts": "2026-09-10T14:32:51.044518+00:00"}
{"message": "127.0.0.1:58306 - \"GET /assets/secrets-service-DXxIzDnn.js HTTP/1.1\" 200", "severity": "INFO", "module": "h11_impl", "funcName": "send", "lineno": 481, "ts": "2026-09-10T14:32:51.046737+00:00"}
{"message": "127.0.0.1:58303 - \"GET /assets/key-status-icon-BqqQh2bb.js HTTP/1.1\" 200", "severity": "INFO", "module": "h11_impl", "funcName": "send", "lineno": 481, "ts": "2026-09-10T14:32:51.047999+00:00"}
{"message": "127.0.0.1:58308 - \"GET /assets/confirmation-modal-zGKvtsEB.js HTTP/1.1\" 200", "severity": "INFO", "module": "h11_impl", "funcName": "send", "lineno": 481, "ts": "2026-09-10T14:32:51.048151+00:00"}
{"message": "127.0.0.1:58290 - \"GET /assets/debug-stackframe-dot-Du04LfGz.js HTTP/1.1\" 200", "severity": "INFO", "module": "h11_impl", "funcName": "send", "lineno": 481, "ts": "2026-09-10T14:32:51.048953+00:00"}
{"message": "127.0.0.1:58304 - \"GET /assets/settings-switch-CEdTfuA2.js HTTP/1.1\" 200", "severity": "INFO", "module": "h11_impl", "funcName": "send", "lineno": 481, "ts": "2026-09-10T14:32:51.049151+00:00"}
{"message": "127.0.0.1:58310 - \"GET /assets/subtext-skeleton-fINAEz1v.js HTTP/1.1\" 200", "severity": "INFO", "module": "h11_impl", "funcName": "send", "lineno": 481, "ts": "2026-09-10T14:32:51.050931+00:00"}
{"message": "Listing organizations for user", "severity": "INFO", "module": "orgs", "funcName": "list_user_orgs", "lineno": 161, "user_id": "0dfec177-08aa-4cac-8292-e33dc9fd377e", "page_id": null, "limit": 100, "ts": "2026-09-10T14:32:51.073820+00:00"}
{"message": "Successfully retrieved organizations", "severity": "INFO", "module": "orgs", "funcName": "list_user_orgs", "lineno": 189, "user_id": "0dfec177-08aa-4cac-8292-e33dc9fd377e", "org_count": 1, "has_more": false, "ts": "2026-09-10T14:32:51.099285+00:00"}
{"message": "127.0.0.1:58310 - \"GET /api/organizations HTTP/1.1\" 200", "severity": "INFO", "module": "h11_impl", "funcName": "send", "lineno": 481, "ts": "2026-09-10T14:32:51.100026+00:00"}
{"message": "Retrieving current member details", "severity": "INFO", "module": "orgs", "funcName": "get_me", "lineno": 661, "user_id": "0dfec177-08aa-4cac-8292-e33dc9fd377e", "org_id": "0dfec177-08aa-4cac-8292-e33dc9fd377e", "ts": "2026-09-10T14:32:51.111097+00:00"}
{"message": "127.0.0.1:58310 - \"GET /api/organizations/0dfec177-08aa-4cac-8292-e33dc9fd377e/me HTTP/1.1\" 200", "severity": "INFO", "module": "h11_impl", "funcName": "send", "lineno": 481, "ts": "2026-09-10T14:32:51.118642+00:00"}
{"message": "127.0.0.1:58310 - \"GET /api/auth/capabilities HTTP/1.1\" 200", "severity": "INFO", "module": "h11_impl", "funcName": "send", "lineno": 481, "ts": "2026-09-10T14:32:51.129555+00:00"}
{"message": "127.0.0.1:58304 - \"POST /api/authenticate HTTP/1.1\" 200", "severity": "INFO", "module": "h11_impl", "funcName": "send", "lineno": 481, "ts": "2026-09-10T14:32:51.139106+00:00"}
{"message": "127.0.0.1:58304 - \"GET /assets/index-DWt18b-i.js HTTP/1.1\" 200", "severity": "INFO", "module": "h11_impl", "funcName": "send", "lineno": 481, "ts": "2026-09-10T14:32:51.153917+00:00"}
{"message": "127.0.0.1:58310 - \"GET /assets/gestures-JaRNb3Lx.js HTTP/1.1\" 200", "severity": "INFO", "module": "h11_impl", "funcName": "send", "lineno": 481, "ts": "2026-09-10T14:32:51.154187+00:00"}
{"message": "127.0.0.1:58308 - \"GET /api/onboarding_status HTTP/1.1\" 200", "severity": "INFO", "module": "h11_impl", "funcName": "send", "lineno": 481, "ts": "2026-09-10T14:32:51.177300+00:00"}
{"message": "127.0.0.1:58290 - \"GET /api/v1/settings HTTP/1.1\" 200", "severity": "INFO", "module": "h11_impl", "funcName": "send", "lineno": 481, "ts": "2026-09-10T14:32:51.186978+00:00"}
{"message": "127.0.0.1:58320 - \"POST /api/v1/secrets/git-providers HTTP/1.1\" 200", "severity": "INFO", "module": "h11_impl", "funcName": "send", "lineno": 481, "ts": "2026-09-10T14:32:59.754812+00:00"}
{"message": "127.0.0.1:58320 - \"GET /api/v1/settings HTTP/1.1\" 200", "severity": "INFO", "module": "h11_impl", "funcName": "send", "lineno": 481, "ts": "2026-09-10T14:32:59.789671+00:00"}
{"message": "127.0.0.1:58320 - \"GET /api/v1/users/git-info HTTP/1.1\" 200", "severity": "INFO", "module": "h11_impl", "funcName": "send", "lineno": 481, "ts": "2026-09-10T14:32:59.826866+00:00"}
{"message": "127.0.0.1:58332 - \"GET /settings/integrations HTTP/1.1\" 200", "severity": "INFO", "module": "h11_impl", "funcName": "send", "lineno": 481, "ts": "2026-09-10T14:33:13.941677+00:00"}
{"message": "127.0.0.1:58332 - \"GET /assets/manifest-d7f631c4.js HTTP/1.1\" 200", "severity": "INFO", "module": "h11_impl", "funcName": "send", "lineno": 481, "ts": "2026-09-10T14:33:13.951470+00:00"}
{"message": "127.0.0.1:58332 - \"GET /assets/entry.client-Dw7KE7hM.js HTTP/1.1\" 200", "severity": "INFO", "module": "h11_impl", "funcName": "send", "lineno": 481, "ts": "2026-09-10T14:33:13.961768+00:00"}
{"message": "127.0.0.1:58332 - \"GET /assets/declaration-Bwok30Lo.js HTTP/1.1\" 200", "severity": "INFO", "module": "h11_impl", "funcName": "send", "lineno": 481, "ts": "2026-09-10T14:33:13.985109+00:00"}
{"message": "127.0.0.1:58436 - \"GET /assets/query-client-config-C2aiFcZM.js HTTP/1.1\" 200", "severity": "INFO", "module": "h11_impl", "funcName": "send", "lineno": 481, "ts": "2026-09-10T14:33:13.986393+00:00"}
{"message": "127.0.0.1:58438 - \"GET /assets/index-Dt4MV93j.js HTTP/1.1\" 200", "severity": "INFO", "module": "h11_impl", "funcName": "send", "lineno": 481, "ts": "2026-09-10T14:33:13.986552+00:00"}
{"message": "127.0.0.1:58440 - \"GET /assets/query-keys-BSjaytiJ.js HTTP/1.1\" 200", "severity": "INFO", "module": "h11_impl", "funcName": "send", "lineno": 481, "ts": "2026-09-10T14:33:13.986757+00:00"}
{"message": "127.0.0.1:58442 - \"GET /assets/index-CXoKay-T.js HTTP/1.1\" 200", "severity": "INFO", "module": "h11_impl", "funcName": "send", "lineno": 481, "ts": "2026-09-10T14:33:13.986923+00:00"}
{"message": "127.0.0.1:58444 - \"GET /assets/preload-helper-Bc3Pu81E.js HTTP/1.1\" 200", "severity": "INFO", "module": "h11_impl", "funcName": "send", "lineno": 481, "ts": "2026-09-10T14:33:13.987660+00:00"}
{"message": "127.0.0.1:58436 - \"GET /assets/rate-limit-retry-DdZplSiD.js HTTP/1.1\" 200", "severity": "INFO", "module": "h11_impl", "funcName": "send", "lineno": 481, "ts": "2026-09-10T14:33:13.992627+00:00"}
{"message": "127.0.0.1:58332 - \"GET /assets/retrieve-axios-error-message-Dwxjb5f3.js HTTP/1.1\" 200", "severity": "INFO", "module": "h11_impl", "funcName": "send", "lineno": 481, "ts": "2026-09-10T14:33:13.992948+00:00"}
{"message": "127.0.0.1:58442 - \"GET /assets/mutation-DSZmfvqD.js HTTP/1.1\" 200", "severity": "INFO", "module": "h11_impl", "funcName": "send", "lineno": 481, "ts": "2026-09-10T14:33:13.993457+00:00"}
{"message": "127.0.0.1:58440 - \"GET /assets/infiniteQueryBehavior-DZN75Mj9.js HTTP/1.1\" 200", "severity": "INFO", "module": "h11_impl", "funcName": "send", "lineno": 481, "ts": "2026-09-10T14:33:13.993987+00:00"}
{"message": "127.0.0.1:58444 - \"GET /assets/root-Cyf3bcFs.js HTTP/1.1\" 200", "severity": "INFO", "module": "h11_impl", "funcName": "send", "lineno": 481, "ts": "2026-09-10T14:33:13.994155+00:00"}
{"message": "127.0.0.1:58438 - \"GET /assets/use-invitation-M5_iS4Ov.js HTTP/1.1\" 200", "severity": "INFO", "module": "h11_impl", "funcName": "send", "lineno": 481, "ts": "2026-09-10T14:33:13.994939+00:00"}
{"message": "127.0.0.1:58436 - \"GET /assets/chunk-6CSD65Y2-UpbgoP9j.js HTTP/1.1\" 200", "severity": "INFO", "module": "h11_impl", "funcName": "send", "lineno": 481, "ts": "2026-09-10T14:33:13.998026+00:00"}
{"message": "127.0.0.1:58332 - \"GET /assets/index-tLtD-Cu0.js HTTP/1.1\" 200", "severity": "INFO", "module": "h11_impl", "funcName": "send", "lineno": 481, "ts": "2026-09-10T14:33:13.998320+00:00"}
{"message": "127.0.0.1:58442 - \"GET /assets/custom-toast-handlers-CAVHstGd.js HTTP/1.1\" 200", "severity": "INFO", "module": "h11_impl", "funcName": "send", "lineno": 481, "ts": "2026-09-10T14:33:13.998523+00:00"}
{"message": "127.0.0.1:58440 - \"GET /assets/open-hands-axios-LzNSarGn.js HTTP/1.1\" 200", "severity": "INFO", "module": "h11_impl", "funcName": "send", "lineno": 481, "ts": "2026-09-10T14:33:13.999070+00:00"}
{"message": "127.0.0.1:58440 - \"GET /locales/en/translation.json HTTP/1.1\" 200", "severity": "INFO", "module": "h11_impl", "funcName": "send", "lineno": 481, "ts": "2026-09-10T14:33:14.011218+00:00"}
{"message": "127.0.0.1:58436 - \"GET /assets/root-layout-ClPiNWoF.js HTTP/1.1\" 200", "severity": "INFO", "module": "h11_impl", "funcName": "send", "lineno": 481, "ts": "2026-09-10T14:33:14.017851+00:00"}
{"message": "127.0.0.1:58440 - \"GET /assets/settings-BGO5WOAS.js HTTP/1.1\" 200", "severity": "INFO", "module": "h11_impl", "funcName": "send", "lineno": 481, "ts": "2026-09-10T14:33:14.018479+00:00"}
{"message": "127.0.0.1:58442 - \"GET /assets/git-settings-SUq9s1w5.js HTTP/1.1\" 200", "severity": "INFO", "module": "h11_impl", "funcName": "send", "lineno": 481, "ts": "2026-09-10T14:33:14.019335+00:00"}
{"message": "127.0.0.1:58332 - \"GET /api/v1/web-client/config HTTP/1.1\" 200", "severity": "INFO", "module": "h11_impl", "funcName": "send", "lineno": 481, "ts": "2026-09-10T14:33:14.023804+00:00"}
{"message": "127.0.0.1:58444 - \"GET /assets/utils-BYzDx4ip.js HTTP/1.1\" 200", "severity": "INFO", "module": "h11_impl", "funcName": "send", "lineno": 481, "ts": "2026-09-10T14:33:14.033873+00:00"}
{"message": "127.0.0.1:58332 - \"GET /assets/typography-CEll3mgr.js HTTP/1.1\" 200", "severity": "INFO", "module": "h11_impl", "funcName": "send", "lineno": 481, "ts": "2026-09-10T14:33:14.034271+00:00"}
{"message": "127.0.0.1:58442 - \"GET /assets/organization-service.api-DAj5yeBR.js HTTP/1.1\" 200", "severity": "INFO", "module": "h11_impl", "funcName": "send", "lineno": 481, "ts": "2026-09-10T14:33:14.034504+00:00"}
{"message": "127.0.0.1:58436 - \"GET /assets/settings-gear-QGZieQG5.js HTTP/1.1\" 200", "severity": "INFO", "module": "h11_impl", "funcName": "send", "lineno": 481, "ts": "2026-09-10T14:33:14.034590+00:00"}
{"message": "127.0.0.1:58438 - \"GET /assets/useTranslation-i1xdxadn.js HTTP/1.1\" 200", "severity": "INFO", "module": "h11_impl", "funcName": "send", "lineno": 481, "ts": "2026-09-10T14:33:14.034822+00:00"}
{"message": "127.0.0.1:58440 - \"GET /assets/use-config-Dh7W-dyl.js HTTP/1.1\" 200", "severity": "INFO", "module": "h11_impl", "funcName": "send", "lineno": 481, "ts": "2026-09-10T14:33:14.035036+00:00"}
{"message": "127.0.0.1:58444 - \"GET /assets/settings-nav-divider-DNWs2xzQ.js HTTP/1.1\" 200", "severity": "INFO", "module": "h11_impl", "funcName": "send", "lineno": 481, "ts": "2026-09-10T14:33:14.042105+00:00"}
{"message": "127.0.0.1:58436 - \"GET /assets/close-5k7m9tBa.js HTTP/1.1\" 200", "severity": "INFO", "module": "h11_impl", "funcName": "send", "lineno": 481, "ts": "2026-09-10T14:33:14.042339+00:00"}
{"message": "127.0.0.1:58442 - \"GET /assets/settings-nav-header-Dnv4GU50.js HTTP/1.1\" 200", "severity": "INFO", "module": "h11_impl", "funcName": "send", "lineno": 481, "ts": "2026-09-10T14:33:14.043891+00:00"}
{"message": "127.0.0.1:58438 - \"GET /assets/use-should-hide-org-selector-CpSd0fQ-.js HTTP/1.1\" 200", "severity": "INFO", "module": "h11_impl", "funcName": "send", "lineno": 481, "ts": "2026-09-10T14:33:14.044554+00:00"}
{"message": "127.0.0.1:58332 - \"GET /assets/use-settings-DDjmuEGm.js HTTP/1.1\" 200", "severity": "INFO", "module": "h11_impl", "funcName": "send", "lineno": 481, "ts": "2026-09-10T14:33:14.045098+00:00"}
{"message": "127.0.0.1:58440 - \"GET /assets/chunk-AUA5GDXN-WvNegR2I.js HTTP/1.1\" 200", "severity": "INFO", "module": "h11_impl", "funcName": "send", "lineno": 481, "ts": "2026-09-10T14:33:14.045602+00:00"}
{"message": "127.0.0.1:58444 - \"GET /assets/permission-checks-Ce96Mh3q.js HTTP/1.1\" 200", "severity": "INFO", "module": "h11_impl", "funcName": "send", "lineno": 481, "ts": "2026-09-10T14:33:14.053113+00:00"}
{"message": "127.0.0.1:58436 - \"GET /assets/permissions-a6OWVwNd.js HTTP/1.1\" 200", "severity": "INFO", "module": "h11_impl", "funcName": "send", "lineno": 481, "ts": "2026-09-10T14:33:14.054006+00:00"}
{"message": "127.0.0.1:58438 - \"GET /assets/use-me-Dizf1yD1.js HTTP/1.1\" 200", "severity": "INFO", "module": "h11_impl", "funcName": "send", "lineno": 481, "ts": "2026-09-10T14:33:14.055062+00:00"}
{"message": "127.0.0.1:58442 - \"GET /assets/billing-visibility-D5M6Ccfy.js HTTP/1.1\" 200", "severity": "INFO", "module": "h11_impl", "funcName": "send", "lineno": 481, "ts": "2026-09-10T14:33:14.055461+00:00"}
{"message": "127.0.0.1:58332 - \"GET /assets/use-organizations-Du6jQWrG.js HTTP/1.1\" 200", "severity": "INFO", "module": "h11_impl", "funcName": "send", "lineno": 481, "ts": "2026-09-10T14:33:14.056213+00:00"}
{"message": "127.0.0.1:58440 - \"GET /assets/info-circle-C7uY3qjj.js HTTP/1.1\" 200", "severity": "INFO", "module": "h11_impl", "funcName": "send", "lineno": 481, "ts": "2026-09-10T14:33:14.056463+00:00"}
{"message": "127.0.0.1:58442 - \"GET /assets/use-is-authed-D8E0h2Jo.js HTTP/1.1\" 200", "severity": "INFO", "module": "h11_impl", "funcName": "send", "lineno": 481, "ts": "2026-09-10T14:33:14.062918+00:00"}
{"message": "127.0.0.1:58444 - \"GET /assets/dropdown-npgxgKWR.js HTTP/1.1\" 200", "severity": "INFO", "module": "h11_impl", "funcName": "send", "lineno": 481, "ts": "2026-09-10T14:33:14.063164+00:00"}
{"message": "127.0.0.1:58436 - \"GET /assets/downshift.esm-BbaUJ_tW.js HTTP/1.1\" 200", "severity": "INFO", "module": "h11_impl", "funcName": "send", "lineno": 481, "ts": "2026-09-10T14:33:14.063794+00:00"}
{"message": "127.0.0.1:58438 - \"GET /assets/auth-service.api-DG-mQZWV.js HTTP/1.1\" 200", "severity": "INFO", "module": "h11_impl", "funcName": "send", "lineno": 481, "ts": "2026-09-10T14:33:14.063954+00:00"}
{"message": "127.0.0.1:58332 - \"GET /assets/x-BsgLjmSr.js HTTP/1.1\" 200", "severity": "INFO", "module": "h11_impl", "funcName": "send", "lineno": 481, "ts": "2026-09-10T14:33:14.064449+00:00"}
{"message": "127.0.0.1:58440 - \"GET /assets/createLucideIcon-BxzTDeUp.js HTTP/1.1\" 200", "severity": "INFO", "module": "h11_impl", "funcName": "send", "lineno": 481, "ts": "2026-09-10T14:33:14.064827+00:00"}
{"message": "127.0.0.1:58442 - \"GET /assets/root-D-LbRKNh.css HTTP/1.1\" 200", "severity": "INFO", "module": "h11_impl", "funcName": "send", "lineno": 481, "ts": "2026-09-10T14:33:14.069521+00:00"}
{"message": "127.0.0.1:58444 - \"GET /assets/chevron-down-DJLF3NWr.js HTTP/1.1\" 200", "severity": "INFO", "module": "h11_impl", "funcName": "send", "lineno": 481, "ts": "2026-09-10T14:33:14.069891+00:00"}
{"message": "127.0.0.1:58436 - \"GET /assets/u-puzzle-piece-DZAj73nM.js HTTP/1.1\" 200", "severity": "INFO", "module": "h11_impl", "funcName": "send", "lineno": 481, "ts": "2026-09-10T14:33:14.070332+00:00"}
{"message": "127.0.0.1:58438 - \"GET /assets/iconBase-Dv4KA39o.js HTTP/1.1\" 200", "severity": "INFO", "module": "h11_impl", "funcName": "send", "lineno": 481, "ts": "2026-09-10T14:33:14.070696+00:00"}
{"message": "127.0.0.1:58332 - \"GET /assets/user-BZaYcIDI.js HTTP/1.1\" 200", "severity": "INFO", "module": "h11_impl", "funcName": "send", "lineno": 481, "ts": "2026-09-10T14:33:14.070822+00:00"}
{"message": "127.0.0.1:58440 - \"GET /assets/use-permissions-Cw6_6mp8.js HTTP/1.1\" 200", "severity": "INFO", "module": "h11_impl", "funcName": "send", "lineno": 481, "ts": "2026-09-10T14:33:14.071121+00:00"}
{"message": "127.0.0.1:58444 - \"GET /assets/use-auth-capabilities-EIdFh3Uu.js HTTP/1.1\" 200", "severity": "INFO", "module": "h11_impl", "funcName": "send", "lineno": 481, "ts": "2026-09-10T14:33:14.078949+00:00"}
{"message": "127.0.0.1:58436 - \"GET /assets/useMutation-8-YK4bsn.js HTTP/1.1\" 200", "severity": "INFO", "module": "h11_impl", "funcName": "send", "lineno": 481, "ts": "2026-09-10T14:33:14.079616+00:00"}
{"message": "127.0.0.1:58438 - \"GET /assets/local-storage-BL98fNWo.js HTTP/1.1\" 200", "severity": "INFO", "module": "h11_impl", "funcName": "send", "lineno": 481, "ts": "2026-09-10T14:33:14.080689+00:00"}
{"message": "127.0.0.1:58332 - \"GET /assets/index-OXd_jqD1.js HTTP/1.1\" 200", "severity": "INFO", "module": "h11_impl", "funcName": "send", "lineno": 481, "ts": "2026-09-10T14:33:14.080929+00:00"}
{"message": "127.0.0.1:58440 - \"GET /assets/user-service.api-CSKE8tMw.js HTTP/1.1\" 200", "severity": "INFO", "module": "h11_impl", "funcName": "send", "lineno": 481, "ts": "2026-09-10T14:33:14.081231+00:00"}
{"message": "127.0.0.1:58442 - \"GET /assets/sandbox-status-indicator-De-qu6-K.js HTTP/1.1\" 200", "severity": "INFO", "module": "h11_impl", "funcName": "send", "lineno": 481, "ts": "2026-09-10T14:33:14.083034+00:00"}
{"message": "127.0.0.1:58444 - \"GET /assets/use-logout-SxGpq-OD.js HTTP/1.1\" 200", "severity": "INFO", "module": "h11_impl", "funcName": "send", "lineno": 481, "ts": "2026-09-10T14:33:14.085618+00:00"}
{"message": "127.0.0.1:58436 - \"GET /assets/loading-spinner-sGH7m1sO.js HTTP/1.1\" 200", "severity": "INFO", "module": "h11_impl", "funcName": "send", "lineno": 481, "ts": "2026-09-10T14:33:14.086570+00:00"}
{"message": "127.0.0.1:58438 - \"GET /assets/index-Cl4PwBnF.js HTTP/1.1\" 200", "severity": "INFO", "module": "h11_impl", "funcName": "send", "lineno": 481, "ts": "2026-09-10T14:33:14.087162+00:00"}
{"message": "127.0.0.1:58440 - \"GET /assets/index-BA1di30B.js HTTP/1.1\" 200", "severity": "INFO", "module": "h11_impl", "funcName": "send", "lineno": 481, "ts": "2026-09-10T14:33:14.087784+00:00"}
{"message": "127.0.0.1:58442 - \"GET /assets/context-menu-rVWPDAtP.js HTTP/1.1\" 200", "severity": "INFO", "module": "h11_impl", "funcName": "send", "lineno": 481, "ts": "2026-09-10T14:33:14.088591+00:00"}
{"message": "127.0.0.1:58332 - \"GET /assets/card-BiCf3WY_.js HTTP/1.1\" 200", "severity": "INFO", "module": "h11_impl", "funcName": "send", "lineno": 481, "ts": "2026-09-10T14:33:14.091718+00:00"}
{"message": "127.0.0.1:58436 - \"GET /assets/card-title-DNMudsxn.js HTTP/1.1\" 200", "severity": "INFO", "module": "h11_impl", "funcName": "send", "lineno": 481, "ts": "2026-09-10T14:33:14.105990+00:00"}
{"message": "127.0.0.1:58438 - \"GET /assets/use-app-mode-B54Qx7LS.js HTTP/1.1\" 200", "severity": "INFO", "module": "h11_impl", "funcName": "send", "lineno": 481, "ts": "2026-09-10T14:33:14.111504+00:00"}
{"message": "127.0.0.1:58444 - \"GET /assets/stacked-5ookcZbZ.js HTTP/1.1\" 200", "severity": "INFO", "module": "h11_impl", "funcName": "send", "lineno": 481, "ts": "2026-09-10T14:33:14.111899+00:00"}
{"message": "127.0.0.1:58442 - \"GET /assets/org-modal-BRTBwe_B.js HTTP/1.1\" 200", "severity": "INFO", "module": "h11_impl", "funcName": "send", "lineno": 481, "ts": "2026-09-10T14:33:14.121215+00:00"}
{"message": "127.0.0.1:58440 - \"GET /assets/invite-organization-member-modal-D4MJ3CFv.js HTTP/1.1\" 200", "severity": "INFO", "module": "h11_impl", "funcName": "send", "lineno": 481, "ts": "2026-09-10T14:33:14.127994+00:00"}
{"message": "127.0.0.1:58332 - \"GET /assets/openhands-logo-DilX03Hr.js HTTP/1.1\" 200", "severity": "INFO", "module": "h11_impl", "funcName": "send", "lineno": 481, "ts": "2026-09-10T14:33:14.139846+00:00"}
{"message": "127.0.0.1:58442 - \"GET /assets/model-selector-B_esEVWk.js HTTP/1.1\" 200", "severity": "INFO", "module": "h11_impl", "funcName": "send", "lineno": 481, "ts": "2026-09-10T14:33:14.146214+00:00"}
{"message": "127.0.0.1:58438 - \"GET /assets/modal-backdrop-B5BF9mZF.js HTTP/1.1\" 200", "severity": "INFO", "module": "h11_impl", "funcName": "send", "lineno": 481, "ts": "2026-09-10T14:33:14.146527+00:00"}
{"message": "127.0.0.1:58436 - \"GET /assets/styled-tooltip-k9fZGNHu.js HTTP/1.1\" 200", "severity": "INFO", "module": "h11_impl", "funcName": "send", "lineno": 481, "ts": "2026-09-10T14:33:14.146734+00:00"}
{"message": "127.0.0.1:58444 - \"GET /assets/base-modal-8sJuGqdJ.js HTTP/1.1\" 200", "severity": "INFO", "module": "h11_impl", "funcName": "send", "lineno": 481, "ts": "2026-09-10T14:33:14.146839+00:00"}
{"message": "127.0.0.1:58440 - \"GET /assets/brand-button-CB2ZqR1E.js HTTP/1.1\" 200", "severity": "INFO", "module": "h11_impl", "funcName": "send", "lineno": 481, "ts": "2026-09-10T14:33:14.147244+00:00"}
{"message": "127.0.0.1:58332 - \"GET /assets/settings-input-DeV8o5x5.js HTTP/1.1\" 200", "severity": "INFO", "module": "h11_impl", "funcName": "send", "lineno": 481, "ts": "2026-09-10T14:33:14.155031+00:00"}
{"message": "127.0.0.1:58442 - \"GET /assets/help-link-DcOVRYm_.js HTTP/1.1\" 200", "severity": "INFO", "module": "h11_impl", "funcName": "send", "lineno": 481, "ts": "2026-09-10T14:33:14.155595+00:00"}
{"message": "127.0.0.1:58438 - \"GET /assets/sdk-settings-schema-ysVUDYQY.js HTTP/1.1\" 200", "severity": "INFO", "module": "h11_impl", "funcName": "send", "lineno": 481, "ts": "2026-09-10T14:33:14.155902+00:00"}
{"message": "127.0.0.1:58440 - \"GET /assets/constants-BAVPcVUC.js HTTP/1.1\" 200", "severity": "INFO", "module": "h11_impl", "funcName": "send", "lineno": 481, "ts": "2026-09-10T14:33:14.156173+00:00"}
{"message": "127.0.0.1:58444 - \"GET /assets/v1-conversation-service.api-Bp7sNLu0.js HTTP/1.1\" 200", "severity": "INFO", "module": "h11_impl", "funcName": "send", "lineno": 481, "ts": "2026-09-10T14:33:14.156442+00:00"}
{"message": "127.0.0.1:58436 - \"GET /assets/use-save-settings-DbZtTQUT.js HTTP/1.1\" 200", "severity": "INFO", "module": "h11_impl", "funcName": "send", "lineno": 481, "ts": "2026-09-10T14:33:14.156523+00:00"}
{"message": "127.0.0.1:58332 - \"GET /assets/use-infinite-scroll-ug_PCwOE.js HTTP/1.1\" 200", "severity": "INFO", "module": "h11_impl", "funcName": "send", "lineno": 481, "ts": "2026-09-10T14:33:14.161489+00:00"}
{"message": "127.0.0.1:58442 - \"GET /assets/agent-chip-icon-X2ZJp6do.js HTTP/1.1\" 200", "severity": "INFO", "module": "h11_impl", "funcName": "send", "lineno": 481, "ts": "2026-09-10T14:33:14.161658+00:00"}
{"message": "127.0.0.1:58438 - \"GET /assets/modal-body-C_1-4ovn.js HTTP/1.1\" 200", "severity": "INFO", "module": "h11_impl", "funcName": "send", "lineno": 481, "ts": "2026-09-10T14:33:14.161978+00:00"}
{"message": "127.0.0.1:58440 - \"GET /assets/conversation-service.api-EKAoYc9o.js HTTP/1.1\" 200", "severity": "INFO", "module": "h11_impl", "funcName": "send", "lineno": 481, "ts": "2026-09-10T14:33:14.162890+00:00"}
{"message": "127.0.0.1:58436 - \"GET /assets/conversation-name-context-menu-icon-text-B1HvcP85.js HTTP/1.1\" 200", "severity": "INFO", "module": "h11_impl", "funcName": "send", "lineno": 481, "ts": "2026-09-10T14:33:14.163338+00:00"}
{"message": "127.0.0.1:58444 - \"GET /assets/u-edit-Cw7UgFQ4.js HTTP/1.1\" 200", "severity": "INFO", "module": "h11_impl", "funcName": "send", "lineno": 481, "ts": "2026-09-10T14:33:14.163751+00:00"}
{"message": "127.0.0.1:58442 - \"GET /assets/u-delete-CqpdoXH5.js HTTP/1.1\" 200", "severity": "INFO", "module": "h11_impl", "funcName": "send", "lineno": 481, "ts": "2026-09-10T14:33:14.168001+00:00"}
{"message": "127.0.0.1:58438 - \"GET /assets/index-BR5f3GK5.js HTTP/1.1\" 200", "severity": "INFO", "module": "h11_impl", "funcName": "send", "lineno": 481, "ts": "2026-09-10T14:33:14.168502+00:00"}
{"message": "127.0.0.1:58332 - \"GET /assets/index-CcBMHdO5.js HTTP/1.1\" 200", "severity": "INFO", "module": "h11_impl", "funcName": "send", "lineno": 481, "ts": "2026-09-10T14:33:14.168645+00:00"}
{"message": "127.0.0.1:58440 - \"GET /assets/format-time-delta-CgY-HPrl.js HTTP/1.1\" 200", "severity": "INFO", "module": "h11_impl", "funcName": "send", "lineno": 481, "ts": "2026-09-10T14:33:14.168739+00:00"}
{"message": "127.0.0.1:58436 - \"GET /assets/azure-devops-logo-DXPdTsmh.js HTTP/1.1\" 200", "severity": "INFO", "module": "h11_impl", "funcName": "send", "lineno": 481, "ts": "2026-09-10T14:33:14.169496+00:00"}
{"message": "127.0.0.1:58444 - \"GET /assets/handle-capture-consent-BKBd3oL3.js HTTP/1.1\" 200", "severity": "INFO", "module": "h11_impl", "funcName": "send", "lineno": 481, "ts": "2026-09-10T14:33:14.169653+00:00"}
{"message": "127.0.0.1:58332 - \"GET /assets/cross-app-redirect-CA1RAd_9.js HTTP/1.1\" 200", "severity": "INFO", "module": "h11_impl", "funcName": "send", "lineno": 481, "ts": "2026-09-10T14:33:14.174176+00:00"}
{"message": "127.0.0.1:58438 - \"GET /assets/use-onboarding-status-D8-nDDLa.js HTTP/1.1\" 200", "severity": "INFO", "module": "h11_impl", "funcName": "send", "lineno": 481, "ts": "2026-09-10T14:33:14.174530+00:00"}
{"message": "127.0.0.1:58442 - \"GET /assets/use-auth-url-M2suDX2e.js HTTP/1.1\" 200", "severity": "INFO", "module": "h11_impl", "funcName": "send", "lineno": 481, "ts": "2026-09-10T14:33:14.174930+00:00"}
{"message": "127.0.0.1:58440 - \"GET /assets/use-user-conversation-Cid1kHvb.js HTTP/1.1\" 200", "severity": "INFO", "module": "h11_impl", "funcName": "send", "lineno": 481, "ts": "2026-09-10T14:33:14.175103+00:00"}
{"message": "127.0.0.1:58444 - \"GET /assets/use-user-providers-De-NIh9j.js HTTP/1.1\" 200", "severity": "INFO", "module": "h11_impl", "funcName": "send", "lineno": 481, "ts": "2026-09-10T14:33:14.175397+00:00"}
{"message": "127.0.0.1:58436 - \"GET /assets/useInfiniteQuery-bO1xC7Iy.js HTTP/1.1\" 200", "severity": "INFO", "module": "h11_impl", "funcName": "send", "lineno": 481, "ts": "2026-09-10T14:33:14.175775+00:00"}
{"message": "127.0.0.1:58332 - \"GET /assets/Trans-B9E-JHZU.js HTTP/1.1\" 200", "severity": "INFO", "module": "h11_impl", "funcName": "send", "lineno": 481, "ts": "2026-09-10T14:33:14.180069+00:00"}
{"message": "127.0.0.1:58438 - \"GET /assets/input-validation-hr7xwKOy.js HTTP/1.1\" 200", "severity": "INFO", "module": "h11_impl", "funcName": "send", "lineno": 481, "ts": "2026-09-10T14:33:14.181127+00:00"}
{"message": "127.0.0.1:58440 - \"GET /assets/chunk-RXKUWVQZ-D1OtVlZP.js HTTP/1.1\" 200", "severity": "INFO", "module": "h11_impl", "funcName": "send", "lineno": 481, "ts": "2026-09-10T14:33:14.181742+00:00"}
{"message": "127.0.0.1:58444 - \"GET /assets/openhands-logo-white-cxeMkDJA.js HTTP/1.1\" 200", "severity": "INFO", "module": "h11_impl", "funcName": "send", "lineno": 481, "ts": "2026-09-10T14:33:14.181859+00:00"}
{"message": "127.0.0.1:58442 - \"GET /assets/optional-tag-CEdAG4AY.js HTTP/1.1\" 200", "severity": "INFO", "module": "h11_impl", "funcName": "send", "lineno": 481, "ts": "2026-09-10T14:33:14.181951+00:00"}
{"message": "127.0.0.1:58436 - \"GET /assets/sandbox-service.api--HJWqUv9.js HTTP/1.1\" 200", "severity": "INFO", "module": "h11_impl", "funcName": "send", "lineno": 481, "ts": "2026-09-10T14:33:14.182396+00:00"}
{"message": "127.0.0.1:58438 - \"GET /assets/secrets-service-DXxIzDnn.js HTTP/1.1\" 200", "severity": "INFO", "module": "h11_impl", "funcName": "send", "lineno": 481, "ts": "2026-09-10T14:33:14.188056+00:00"}
{"message": "127.0.0.1:58332 - \"GET /assets/permission-guard-C6cuQw9v.js HTTP/1.1\" 200", "severity": "INFO", "module": "h11_impl", "funcName": "send", "lineno": 481, "ts": "2026-09-10T14:33:14.188569+00:00"}
{"message": "127.0.0.1:58442 - \"GET /assets/confirmation-modal-zGKvtsEB.js HTTP/1.1\" 200", "severity": "INFO", "module": "h11_impl", "funcName": "send", "lineno": 481, "ts": "2026-09-10T14:33:14.189029+00:00"}
{"message": "127.0.0.1:58444 - \"GET /assets/key-status-icon-BqqQh2bb.js HTTP/1.1\" 200", "severity": "INFO", "module": "h11_impl", "funcName": "send", "lineno": 481, "ts": "2026-09-10T14:33:14.189428+00:00"}
{"message": "127.0.0.1:58436 - \"GET /assets/debug-stackframe-dot-Du04LfGz.js HTTP/1.1\" 200", "severity": "INFO", "module": "h11_impl", "funcName": "send", "lineno": 481, "ts": "2026-09-10T14:33:14.189585+00:00"}
{"message": "127.0.0.1:58440 - \"GET /assets/settings-switch-CEdTfuA2.js HTTP/1.1\" 200", "severity": "INFO", "module": "h11_impl", "funcName": "send", "lineno": 481, "ts": "2026-09-10T14:33:14.191427+00:00"}
{"message": "127.0.0.1:58332 - \"GET /assets/subtext-skeleton-fINAEz1v.js HTTP/1.1\" 200", "severity": "INFO", "module": "h11_impl", "funcName": "send", "lineno": 481, "ts": "2026-09-10T14:33:14.193061+00:00"}
{"message": "Listing organizations for user", "severity": "INFO", "module": "orgs", "funcName": "list_user_orgs", "lineno": 161, "user_id": "0dfec177-08aa-4cac-8292-e33dc9fd377e", "page_id": null, "limit": 100, "ts": "2026-09-10T14:33:14.204117+00:00"}
{"message": "Successfully retrieved organizations", "severity": "INFO", "module": "orgs", "funcName": "list_user_orgs", "lineno": 189, "user_id": "0dfec177-08aa-4cac-8292-e33dc9fd377e", "org_count": 1, "has_more": false, "ts": "2026-09-10T14:33:14.208611+00:00"}
{"message": "127.0.0.1:58332 - \"GET /api/organizations HTTP/1.1\" 200", "severity": "INFO", "module": "h11_impl", "funcName": "send", "lineno": 481, "ts": "2026-09-10T14:33:14.209248+00:00"}
{"message": "Retrieving current member details", "severity": "INFO", "module": "orgs", "funcName": "get_me", "lineno": 661, "user_id": "0dfec177-08aa-4cac-8292-e33dc9fd377e", "org_id": "0dfec177-08aa-4cac-8292-e33dc9fd377e", "ts": "2026-09-10T14:33:14.218786+00:00"}
{"message": "127.0.0.1:58332 - \"GET /api/organizations/0dfec177-08aa-4cac-8292-e33dc9fd377e/me HTTP/1.1\" 200", "severity": "INFO", "module": "h11_impl", "funcName": "send", "lineno": 481, "ts": "2026-09-10T14:33:14.225392+00:00"}
{"message": "127.0.0.1:58332 - \"GET /api/auth/capabilities HTTP/1.1\" 200", "severity": "INFO", "module": "h11_impl", "funcName": "send", "lineno": 481, "ts": "2026-09-10T14:33:14.232757+00:00"}
{"message": "127.0.0.1:58440 - \"POST /api/authenticate HTTP/1.1\" 200", "severity": "INFO", "module": "h11_impl", "funcName": "send", "lineno": 481, "ts": "2026-09-10T14:33:14.239568+00:00"}
{"message": "127.0.0.1:58440 - \"GET /assets/index-DWt18b-i.js HTTP/1.1\" 200", "severity": "INFO", "module": "h11_impl", "funcName": "send", "lineno": 481, "ts": "2026-09-10T14:33:14.254227+00:00"}
{"message": "127.0.0.1:58332 - \"GET /assets/gestures-JaRNb3Lx.js HTTP/1.1\" 200", "severity": "INFO", "module": "h11_impl", "funcName": "send", "lineno": 481, "ts": "2026-09-10T14:33:14.254518+00:00"}
{"message": "127.0.0.1:58444 - \"GET /api/onboarding_status HTTP/1.1\" 200", "severity": "INFO", "module": "h11_impl", "funcName": "send", "lineno": 481, "ts": "2026-09-10T14:33:14.267801+00:00"}
{"message": "127.0.0.1:58436 - \"GET /api/v1/settings HTTP/1.1\" 200", "severity": "INFO", "module": "h11_impl", "funcName": "send", "lineno": 481, "ts": "2026-09-10T14:33:14.285057+00:00"}
{"message": "127.0.0.1:58436 - \"GET /api/v1/users/git-info HTTP/1.1\" 200", "severity": "INFO", "module": "h11_impl", "funcName": "send", "lineno": 481, "ts": "2026-09-10T14:33:14.316888+00:00"}
{"message": "127.0.0.1:58436 - \"GET /api/v1/settings HTTP/1.1\" 200", "severity": "INFO", "module": "h11_impl", "funcName": "send", "lineno": 481, "ts": "2026-09-10T14:33:17.084145+00:00"}
{"message": "127.0.0.1:58452 - \"GET / HTTP/1.1\" 200", "severity": "INFO", "module": "h11_impl", "funcName": "send", "lineno": 481, "ts": "2026-09-10T14:33:25.465957+00:00"}
{"message": "127.0.0.1:58452 - \"GET /assets/manifest-d7f631c4.js HTTP/1.1\" 200", "severity": "INFO", "module": "h11_impl", "funcName": "send", "lineno": 481, "ts": "2026-09-10T14:33:25.479177+00:00"}
{"message": "127.0.0.1:58463 - \"GET /assets/entry.client-Dw7KE7hM.js HTTP/1.1\" 200", "severity": "INFO", "module": "h11_impl", "funcName": "send", "lineno": 481, "ts": "2026-09-10T14:33:25.482058+00:00"}
{"message": "127.0.0.1:58466 - \"GET /assets/root-D-LbRKNh.css HTTP/1.1\" 200", "severity": "INFO", "module": "h11_impl", "funcName": "send", "lineno": 481, "ts": "2026-09-10T14:33:25.482416+00:00"}
{"message": "127.0.0.1:58470 - \"GET /assets/query-client-config-C2aiFcZM.js HTTP/1.1\" 200", "severity": "INFO", "module": "h11_impl", "funcName": "send", "lineno": 481, "ts": "2026-09-10T14:33:25.483048+00:00"}
{"message": "127.0.0.1:58472 - \"GET /assets/index-Dt4MV93j.js HTTP/1.1\" 200", "severity": "INFO", "module": "h11_impl", "funcName": "send", "lineno": 481, "ts": "2026-09-10T14:33:25.483550+00:00"}
{"message": "127.0.0.1:58476 - \"GET /assets/index-tLtD-Cu0.js HTTP/1.1\" 200", "severity": "INFO", "module": "h11_impl", "funcName": "send", "lineno": 481, "ts": "2026-09-10T14:33:25.484725+00:00"}
{"message": "127.0.0.1:58452 - \"GET /assets/index-CXoKay-T.js HTTP/1.1\" 200", "severity": "INFO", "module": "h11_impl", "funcName": "send", "lineno": 481, "ts": "2026-09-10T14:33:25.487114+00:00"}
{"message": "127.0.0.1:58470 - \"GET /assets/preload-helper-Bc3Pu81E.js HTTP/1.1\" 200", "severity": "INFO", "module": "h11_impl", "funcName": "send", "lineno": 481, "ts": "2026-09-10T14:33:25.489748+00:00"}
{"message": "127.0.0.1:58463 - \"GET /assets/declaration-Bwok30Lo.js HTTP/1.1\" 200", "severity": "INFO", "module": "h11_impl", "funcName": "send", "lineno": 481, "ts": "2026-09-10T14:33:25.490442+00:00"}
{"message": "127.0.0.1:58476 - \"GET /assets/custom-toast-handlers-CAVHstGd.js HTTP/1.1\" 200", "severity": "INFO", "module": "h11_impl", "funcName": "send", "lineno": 481, "ts": "2026-09-10T14:33:25.496400+00:00"}
{"message": "127.0.0.1:58466 - \"GET /assets/rate-limit-retry-DdZplSiD.js HTTP/1.1\" 200", "severity": "INFO", "module": "h11_impl", "funcName": "send", "lineno": 481, "ts": "2026-09-10T14:33:25.496698+00:00"}
{"message": "127.0.0.1:58452 - \"GET /assets/retrieve-axios-error-message-Dwxjb5f3.js HTTP/1.1\" 200", "severity": "INFO", "module": "h11_impl", "funcName": "send", "lineno": 481, "ts": "2026-09-10T14:33:25.496794+00:00"}
{"message": "127.0.0.1:58472 - \"GET /assets/mutation-DSZmfvqD.js HTTP/1.1\" 200", "severity": "INFO", "module": "h11_impl", "funcName": "send", "lineno": 481, "ts": "2026-09-10T14:33:25.497281+00:00"}
{"message": "127.0.0.1:58470 - \"GET /assets/infiniteQueryBehavior-DZN75Mj9.js HTTP/1.1\" 200", "severity": "INFO", "module": "h11_impl", "funcName": "send", "lineno": 481, "ts": "2026-09-10T14:33:25.497793+00:00"}
{"message": "127.0.0.1:58463 - \"GET /assets/root-Cyf3bcFs.js HTTP/1.1\" 200", "severity": "INFO", "module": "h11_impl", "funcName": "send", "lineno": 481, "ts": "2026-09-10T14:33:25.503886+00:00"}
{"message": "127.0.0.1:58476 - \"GET /assets/use-invitation-M5_iS4Ov.js HTTP/1.1\" 200", "severity": "INFO", "module": "h11_impl", "funcName": "send", "lineno": 481, "ts": "2026-09-10T14:33:25.505156+00:00"}
{"message": "127.0.0.1:58472 - \"GET /assets/open-hands-axios-LzNSarGn.js HTTP/1.1\" 200", "severity": "INFO", "module": "h11_impl", "funcName": "send", "lineno": 481, "ts": "2026-09-10T14:33:25.505516+00:00"}
{"message": "127.0.0.1:58452 - \"GET /assets/query-keys-BSjaytiJ.js HTTP/1.1\" 200", "severity": "INFO", "module": "h11_impl", "funcName": "send", "lineno": 481, "ts": "2026-09-10T14:33:25.506194+00:00"}
{"message": "127.0.0.1:58466 - \"GET /assets/chunk-6CSD65Y2-UpbgoP9j.js HTTP/1.1\" 200", "severity": "INFO", "module": "h11_impl", "funcName": "send", "lineno": 481, "ts": "2026-09-10T14:33:25.506288+00:00"}
{"message": "127.0.0.1:58466 - \"GET /locales/en/translation.json HTTP/1.1\" 200", "severity": "INFO", "module": "h11_impl", "funcName": "send", "lineno": 481, "ts": "2026-09-10T14:33:25.528470+00:00"}
{"message": "127.0.0.1:58452 - \"GET /assets/root-layout-ClPiNWoF.js HTTP/1.1\" 200", "severity": "INFO", "module": "h11_impl", "funcName": "send", "lineno": 481, "ts": "2026-09-10T14:33:25.529257+00:00"}
{"message": "127.0.0.1:58476 - \"GET /assets/home-B9be-sc-.js HTTP/1.1\" 200", "severity": "INFO", "module": "h11_impl", "funcName": "send", "lineno": 481, "ts": "2026-09-10T14:33:25.529849+00:00"}
{"message": "127.0.0.1:58472 - \"GET /api/v1/web-client/config HTTP/1.1\" 200", "severity": "INFO", "module": "h11_impl", "funcName": "send", "lineno": 481, "ts": "2026-09-10T14:33:25.533887+00:00"}
{"message": "127.0.0.1:58472 - \"GET /assets/use-is-authed-D8E0h2Jo.js HTTP/1.1\" 200", "severity": "INFO", "module": "h11_impl", "funcName": "send", "lineno": 481, "ts": "2026-09-10T14:33:25.544327+00:00"}
{"message": "127.0.0.1:58470 - \"GET /assets/loading-spinner-sGH7m1sO.js HTTP/1.1\" 200", "severity": "INFO", "module": "h11_impl", "funcName": "send", "lineno": 481, "ts": "2026-09-10T14:33:25.544821+00:00"}
{"message": "127.0.0.1:58452 - \"GET /assets/sandbox-status-indicator-De-qu6-K.js HTTP/1.1\" 200", "severity": "INFO", "module": "h11_impl", "funcName": "send", "lineno": 481, "ts": "2026-09-10T14:33:25.544975+00:00"}
{"message": "127.0.0.1:58466 - \"GET /assets/user-service.api-CSKE8tMw.js HTTP/1.1\" 200", "severity": "INFO", "module": "h11_impl", "funcName": "send", "lineno": 481, "ts": "2026-09-10T14:33:25.545242+00:00"}
{"message": "127.0.0.1:58476 - \"GET /assets/use-config-Dh7W-dyl.js HTTP/1.1\" 200", "severity": "INFO", "module": "h11_impl", "funcName": "send", "lineno": 481, "ts": "2026-09-10T14:33:25.545430+00:00"}
{"message": "127.0.0.1:58463 - \"GET /assets/use-logout-SxGpq-OD.js HTTP/1.1\" 200", "severity": "INFO", "module": "h11_impl", "funcName": "send", "lineno": 481, "ts": "2026-09-10T14:33:25.546315+00:00"}
{"message": "127.0.0.1:58472 - \"GET /assets/utils-BYzDx4ip.js HTTP/1.1\" 200", "severity": "INFO", "module": "h11_impl", "funcName": "send", "lineno": 481, "ts": "2026-09-10T14:33:25.551164+00:00"}
{"message": "127.0.0.1:58470 - \"GET /assets/settings-gear-QGZieQG5.js HTTP/1.1\" 200", "severity": "INFO", "module": "h11_impl", "funcName": "send", "lineno": 481, "ts": "2026-09-10T14:33:25.552140+00:00"}
{"message": "127.0.0.1:58452 - \"GET /assets/useTranslation-i1xdxadn.js HTTP/1.1\" 200", "severity": "INFO", "module": "h11_impl", "funcName": "send", "lineno": 481, "ts": "2026-09-10T14:33:25.552580+00:00"}
{"message": "127.0.0.1:58476 - \"GET /assets/use-me-Dizf1yD1.js HTTP/1.1\" 200", "severity": "INFO", "module": "h11_impl", "funcName": "send", "lineno": 481, "ts": "2026-09-10T14:33:25.552892+00:00"}
{"message": "127.0.0.1:58466 - \"GET /assets/index-Cl4PwBnF.js HTTP/1.1\" 200", "severity": "INFO", "module": "h11_impl", "funcName": "send", "lineno": 481, "ts": "2026-09-10T14:33:25.553081+00:00"}
{"message": "127.0.0.1:58463 - \"GET /assets/settings-nav-divider-DNWs2xzQ.js HTTP/1.1\" 200", "severity": "INFO", "module": "h11_impl", "funcName": "send", "lineno": 481, "ts": "2026-09-10T14:33:25.553656+00:00"}
{"message": "127.0.0.1:58472 - \"GET /assets/index-BA1di30B.js HTTP/1.1\" 200", "severity": "INFO", "module": "h11_impl", "funcName": "send", "lineno": 481, "ts": "2026-09-10T14:33:25.558549+00:00"}
{"message": "127.0.0.1:58470 - \"GET /assets/context-menu-rVWPDAtP.js HTTP/1.1\" 200", "severity": "INFO", "module": "h11_impl", "funcName": "send", "lineno": 481, "ts": "2026-09-10T14:33:25.559581+00:00"}
{"message": "127.0.0.1:58452 - \"GET /assets/card-BiCf3WY_.js HTTP/1.1\" 200", "severity": "INFO", "module": "h11_impl", "funcName": "send", "lineno": 481, "ts": "2026-09-10T14:33:25.561116+00:00"}
{"message": "127.0.0.1:58466 - \"GET /assets/card-title-DNMudsxn.js HTTP/1.1\" 200", "severity": "INFO", "module": "h11_impl", "funcName": "send", "lineno": 481, "ts": "2026-09-10T14:33:25.561251+00:00"}
{"message": "127.0.0.1:58476 - \"GET /assets/typography-CEll3mgr.js HTTP/1.1\" 200", "severity": "INFO", "module": "h11_impl", "funcName": "send", "lineno": 481, "ts": "2026-09-10T14:33:25.561474+00:00"}
{"message": "127.0.0.1:58463 - \"GET /assets/stacked-5ookcZbZ.js HTTP/1.1\" 200", "severity": "INFO", "module": "h11_impl", "funcName": "send", "lineno": 481, "ts": "2026-09-10T14:33:25.561630+00:00"}
{"message": "127.0.0.1:58470 - \"GET /assets/chunk-AUA5GDXN-WvNegR2I.js HTTP/1.1\" 200", "severity": "INFO", "module": "h11_impl", "funcName": "send", "lineno": 481, "ts": "2026-09-10T14:33:25.572494+00:00"}
{"message": "127.0.0.1:58472 - \"GET /assets/use-should-hide-org-selector-CpSd0fQ-.js HTTP/1.1\" 200", "severity": "INFO", "module": "h11_impl", "funcName": "send", "lineno": 481, "ts": "2026-09-10T14:33:25.573112+00:00"}
{"message": "127.0.0.1:58466 - \"GET /assets/use-app-mode-B54Qx7LS.js HTTP/1.1\" 200", "severity": "INFO", "module": "h11_impl", "funcName": "send", "lineno": 481, "ts": "2026-09-10T14:33:25.574229+00:00"}
{"message": "127.0.0.1:58452 - \"GET /assets/settings-nav-header-Dnv4GU50.js HTTP/1.1\" 200", "severity": "INFO", "module": "h11_impl", "funcName": "send", "lineno": 481, "ts": "2026-09-10T14:33:25.574857+00:00"}
{"message": "127.0.0.1:58463 - \"GET /assets/org-modal-BRTBwe_B.js HTTP/1.1\" 200", "severity": "INFO", "module": "h11_impl", "funcName": "send", "lineno": 481, "ts": "2026-09-10T14:33:25.576369+00:00"}
{"message": "127.0.0.1:58476 - \"GET /assets/invite-organization-member-modal-D4MJ3CFv.js HTTP/1.1\" 200", "severity": "INFO", "module": "h11_impl", "funcName": "send", "lineno": 481, "ts": "2026-09-10T14:33:25.576740+00:00"}
{"message": "127.0.0.1:58470 - \"GET /assets/useMutation-8-YK4bsn.js HTTP/1.1\" 200", "severity": "INFO", "module": "h11_impl", "funcName": "send", "lineno": 481, "ts": "2026-09-10T14:33:25.582372+00:00"}
{"message": "127.0.0.1:58466 - \"GET /assets/openhands-logo-DilX03Hr.js HTTP/1.1\" 200", "severity": "INFO", "module": "h11_impl", "funcName": "send", "lineno": 481, "ts": "2026-09-10T14:33:25.583289+00:00"}
{"message": "127.0.0.1:58472 - \"GET /assets/organization-service.api-DAj5yeBR.js HTTP/1.1\" 200", "severity": "INFO", "module": "h11_impl", "funcName": "send", "lineno": 481, "ts": "2026-09-10T14:33:25.583458+00:00"}
{"message": "127.0.0.1:58452 - \"GET /assets/styled-tooltip-k9fZGNHu.js HTTP/1.1\" 200", "severity": "INFO", "module": "h11_impl", "funcName": "send", "lineno": 481, "ts": "2026-09-10T14:33:25.584312+00:00"}
{"message": "127.0.0.1:58463 - \"GET /assets/modal-backdrop-B5BF9mZF.js HTTP/1.1\" 200", "severity": "INFO", "module": "h11_impl", "funcName": "send", "lineno": 481, "ts": "2026-09-10T14:33:25.584677+00:00"}
{"message": "127.0.0.1:58476 - \"GET /assets/base-modal-8sJuGqdJ.js HTTP/1.1\" 200", "severity": "INFO", "module": "h11_impl", "funcName": "send", "lineno": 481, "ts": "2026-09-10T14:33:25.585292+00:00"}
{"message": "127.0.0.1:58470 - \"GET /assets/permissions-a6OWVwNd.js HTTP/1.1\" 200", "severity": "INFO", "module": "h11_impl", "funcName": "send", "lineno": 481, "ts": "2026-09-10T14:33:25.590034+00:00"}
{"message": "127.0.0.1:58472 - \"GET /assets/model-selector-B_esEVWk.js HTTP/1.1\" 200", "severity": "INFO", "module": "h11_impl", "funcName": "send", "lineno": 481, "ts": "2026-09-10T14:33:25.590670+00:00"}
{"message": "127.0.0.1:58452 - \"GET /assets/brand-button-CB2ZqR1E.js HTTP/1.1\" 200", "severity": "INFO", "module": "h11_impl", "funcName": "send", "lineno": 481, "ts": "2026-09-10T14:33:25.591667+00:00"}
{"message": "127.0.0.1:58463 - \"GET /assets/use-save-settings-DbZtTQUT.js HTTP/1.1\" 200", "severity": "INFO", "module": "h11_impl", "funcName": "send", "lineno": 481, "ts": "2026-09-10T14:33:25.592101+00:00"}
{"message": "127.0.0.1:58476 - \"GET /assets/help-link-DcOVRYm_.js HTTP/1.1\" 200", "severity": "INFO", "module": "h11_impl", "funcName": "send", "lineno": 481, "ts": "2026-09-10T14:33:25.592309+00:00"}
{"message": "127.0.0.1:58466 - \"GET /assets/settings-input-DeV8o5x5.js HTTP/1.1\" 200", "severity": "INFO", "module": "h11_impl", "funcName": "send", "lineno": 481, "ts": "2026-09-10T14:33:25.593693+00:00"}
{"message": "127.0.0.1:58470 - \"GET /assets/sdk-settings-schema-ysVUDYQY.js HTTP/1.1\" 200", "severity": "INFO", "module": "h11_impl", "funcName": "send", "lineno": 481, "ts": "2026-09-10T14:33:25.597509+00:00"}
{"message": "127.0.0.1:58472 - \"GET /assets/constants-BAVPcVUC.js HTTP/1.1\" 200", "severity": "INFO", "module": "h11_impl", "funcName": "send", "lineno": 481, "ts": "2026-09-10T14:33:25.597789+00:00"}
{"message": "127.0.0.1:58452 - \"GET /assets/use-settings-DDjmuEGm.js HTTP/1.1\" 200", "severity": "INFO", "module": "h11_impl", "funcName": "send", "lineno": 481, "ts": "2026-09-10T14:33:25.598752+00:00"}
{"message": "127.0.0.1:58463 - \"GET /assets/v1-conversation-service.api-Bp7sNLu0.js HTTP/1.1\" 200", "severity": "INFO", "module": "h11_impl", "funcName": "send", "lineno": 481, "ts": "2026-09-10T14:33:25.598848+00:00"}
{"message": "127.0.0.1:58476 - \"GET /assets/use-infinite-scroll-ug_PCwOE.js HTTP/1.1\" 200", "severity": "INFO", "module": "h11_impl", "funcName": "send", "lineno": 481, "ts": "2026-09-10T14:33:25.598941+00:00"}
{"message": "127.0.0.1:58466 - \"GET /assets/modal-body-C_1-4ovn.js HTTP/1.1\" 200", "severity": "INFO", "module": "h11_impl", "funcName": "send", "lineno": 481, "ts": "2026-09-10T14:33:25.599471+00:00"}
{"message": "127.0.0.1:58470 - \"GET /assets/agent-chip-icon-X2ZJp6do.js HTTP/1.1\" 200", "severity": "INFO", "module": "h11_impl", "funcName": "send", "lineno": 481, "ts": "2026-09-10T14:33:25.603869+00:00"}
{"message": "127.0.0.1:58472 - \"GET /assets/conversation-service.api-EKAoYc9o.js HTTP/1.1\" 200", "severity": "INFO", "module": "h11_impl", "funcName": "send", "lineno": 481, "ts": "2026-09-10T14:33:25.604285+00:00"}
{"message": "127.0.0.1:58452 - \"GET /assets/conversation-name-context-menu-icon-text-B1HvcP85.js HTTP/1.1\" 200", "severity": "INFO", "module": "h11_impl", "funcName": "send", "lineno": 481, "ts": "2026-09-10T14:33:25.605045+00:00"}
{"message": "127.0.0.1:58466 - \"GET /assets/u-delete-CqpdoXH5.js HTTP/1.1\" 200", "severity": "INFO", "module": "h11_impl", "funcName": "send", "lineno": 481, "ts": "2026-09-10T14:33:25.605842+00:00"}
{"message": "127.0.0.1:58463 - \"GET /assets/format-time-delta-CgY-HPrl.js HTTP/1.1\" 200", "severity": "INFO", "module": "h11_impl", "funcName": "send", "lineno": 481, "ts": "2026-09-10T14:33:25.606189+00:00"}
{"message": "127.0.0.1:58476 - \"GET /assets/u-edit-Cw7UgFQ4.js HTTP/1.1\" 200", "severity": "INFO", "module": "h11_impl", "funcName": "send", "lineno": 481, "ts": "2026-09-10T14:33:25.606385+00:00"}
{"message": "127.0.0.1:58470 - \"GET /assets/index-BR5f3GK5.js HTTP/1.1\" 200", "severity": "INFO", "module": "h11_impl", "funcName": "send", "lineno": 481, "ts": "2026-09-10T14:33:25.609910+00:00"}
{"message": "127.0.0.1:58472 - \"GET /assets/index-CcBMHdO5.js HTTP/1.1\" 200", "severity": "INFO", "module": "h11_impl", "funcName": "send", "lineno": 481, "ts": "2026-09-10T14:33:25.610425+00:00"}
{"message": "127.0.0.1:58452 - \"GET /assets/azure-devops-logo-DXPdTsmh.js HTTP/1.1\" 200", "severity": "INFO", "module": "h11_impl", "funcName": "send", "lineno": 481, "ts": "2026-09-10T14:33:25.611371+00:00"}
{"message": "127.0.0.1:58476 - \"GET /assets/use-auth-capabilities-EIdFh3Uu.js HTTP/1.1\" 200", "severity": "INFO", "module": "h11_impl", "funcName": "send", "lineno": 481, "ts": "2026-09-10T14:33:25.611689+00:00"}
{"message": "127.0.0.1:58466 - \"GET /assets/handle-capture-consent-BKBd3oL3.js HTTP/1.1\" 200", "severity": "INFO", "module": "h11_impl", "funcName": "send", "lineno": 481, "ts": "2026-09-10T14:33:25.611793+00:00"}
{"message": "127.0.0.1:58463 - \"GET /assets/local-storage-BL98fNWo.js HTTP/1.1\" 200", "severity": "INFO", "module": "h11_impl", "funcName": "send", "lineno": 481, "ts": "2026-09-10T14:33:25.612372+00:00"}
{"message": "127.0.0.1:58470 - \"GET /assets/use-auth-url-M2suDX2e.js HTTP/1.1\" 200", "severity": "INFO", "module": "h11_impl", "funcName": "send", "lineno": 481, "ts": "2026-09-10T14:33:25.616956+00:00"}
{"message": "127.0.0.1:58472 - \"GET /assets/cross-app-redirect-CA1RAd_9.js HTTP/1.1\" 200", "severity": "INFO", "module": "h11_impl", "funcName": "send", "lineno": 481, "ts": "2026-09-10T14:33:25.617268+00:00"}
{"message": "127.0.0.1:58466 - \"GET /assets/use-organizations-Du6jQWrG.js HTTP/1.1\" 200", "severity": "INFO", "module": "h11_impl", "funcName": "send", "lineno": 481, "ts": "2026-09-10T14:33:25.618296+00:00"}
{"message": "127.0.0.1:58476 - \"GET /assets/use-onboarding-status-D8-nDDLa.js HTTP/1.1\" 200", "severity": "INFO", "module": "h11_impl", "funcName": "send", "lineno": 481, "ts": "2026-09-10T14:33:25.618442+00:00"}
{"message": "127.0.0.1:58463 - \"GET /assets/use-user-conversation-Cid1kHvb.js HTTP/1.1\" 200", "severity": "INFO", "module": "h11_impl", "funcName": "send", "lineno": 481, "ts": "2026-09-10T14:33:25.618981+00:00"}
{"message": "127.0.0.1:58452 - \"GET /assets/close-5k7m9tBa.js HTTP/1.1\" 200", "severity": "INFO", "module": "h11_impl", "funcName": "send", "lineno": 481, "ts": "2026-09-10T14:33:25.619554+00:00"}
{"message": "127.0.0.1:58470 - \"GET /assets/auth-service.api-DG-mQZWV.js HTTP/1.1\" 200", "severity": "INFO", "module": "h11_impl", "funcName": "send", "lineno": 481, "ts": "2026-09-10T14:33:25.622584+00:00"}
{"message": "127.0.0.1:58472 - \"GET /assets/use-user-providers-De-NIh9j.js HTTP/1.1\" 200", "severity": "INFO", "module": "h11_impl", "funcName": "send", "lineno": 481, "ts": "2026-09-10T14:33:25.623020+00:00"}
{"message": "127.0.0.1:58466 - \"GET /assets/useInfiniteQuery-bO1xC7Iy.js HTTP/1.1\" 200", "severity": "INFO", "module": "h11_impl", "funcName": "send", "lineno": 481, "ts": "2026-09-10T14:33:25.624107+00:00"}
{"message": "127.0.0.1:58476 - \"GET /assets/iconBase-Dv4KA39o.js HTTP/1.1\" 200", "severity": "INFO", "module": "h11_impl", "funcName": "send", "lineno": 481, "ts": "2026-09-10T14:33:25.624856+00:00"}
{"message": "127.0.0.1:58452 - \"GET /assets/downshift.esm-BbaUJ_tW.js HTTP/1.1\" 200", "severity": "INFO", "module": "h11_impl", "funcName": "send", "lineno": 481, "ts": "2026-09-10T14:33:25.625388+00:00"}
{"message": "127.0.0.1:58463 - \"GET /assets/dropdown-npgxgKWR.js HTTP/1.1\" 200", "severity": "INFO", "module": "h11_impl", "funcName": "send", "lineno": 481, "ts": "2026-09-10T14:33:25.625561+00:00"}
{"message": "127.0.0.1:58472 - \"GET /assets/x-BsgLjmSr.js HTTP/1.1\" 200", "severity": "INFO", "module": "h11_impl", "funcName": "send", "lineno": 481, "ts": "2026-09-10T14:33:25.630118+00:00"}
{"message": "127.0.0.1:58470 - \"GET /assets/createLucideIcon-BxzTDeUp.js HTTP/1.1\" 200", "severity": "INFO", "module": "h11_impl", "funcName": "send", "lineno": 481, "ts": "2026-09-10T14:33:25.630316+00:00"}
{"message": "127.0.0.1:58466 - \"GET /assets/chevron-down-DJLF3NWr.js HTTP/1.1\" 200", "severity": "INFO", "module": "h11_impl", "funcName": "send", "lineno": 481, "ts": "2026-09-10T14:33:25.631187+00:00"}
{"message": "127.0.0.1:58476 - \"GET /assets/u-puzzle-piece-DZAj73nM.js HTTP/1.1\" 200", "severity": "INFO", "module": "h11_impl", "funcName": "send", "lineno": 481, "ts": "2026-09-10T14:33:25.631515+00:00"}
{"message": "127.0.0.1:58452 - \"GET /assets/user-BZaYcIDI.js HTTP/1.1\" 200", "severity": "INFO", "module": "h11_impl", "funcName": "send", "lineno": 481, "ts": "2026-09-10T14:33:25.631696+00:00"}
{"message": "127.0.0.1:58463 - \"GET /assets/billing-visibility-D5M6Ccfy.js HTTP/1.1\" 200", "severity": "INFO", "module": "h11_impl", "funcName": "send", "lineno": 481, "ts": "2026-09-10T14:33:25.632833+00:00"}
{"message": "127.0.0.1:58470 - \"GET /assets/use-permissions-Cw6_6mp8.js HTTP/1.1\" 200", "severity": "INFO", "module": "h11_impl", "funcName": "send", "lineno": 481, "ts": "2026-09-10T14:33:25.636550+00:00"}
{"message": "127.0.0.1:58472 - \"GET /assets/Trans-B9E-JHZU.js HTTP/1.1\" 200", "severity": "INFO", "module": "h11_impl", "funcName": "send", "lineno": 481, "ts": "2026-09-10T14:33:25.636986+00:00"}
{"message": "127.0.0.1:58466 - \"GET /assets/index-OXd_jqD1.js HTTP/1.1\" 200", "severity": "INFO", "module": "h11_impl", "funcName": "send", "lineno": 481, "ts": "2026-09-10T14:33:25.637331+00:00"}
{"message": "127.0.0.1:58452 - \"GET /assets/chunk-RXKUWVQZ-D1OtVlZP.js HTTP/1.1\" 200", "severity": "INFO", "module": "h11_impl", "funcName": "send", "lineno": 481, "ts": "2026-09-10T14:33:25.637876+00:00"}
{"message": "127.0.0.1:58476 - \"GET /assets/input-validation-hr7xwKOy.js HTTP/1.1\" 200", "severity": "INFO", "module": "h11_impl", "funcName": "send", "lineno": 481, "ts": "2026-09-10T14:33:25.638251+00:00"}
{"message": "127.0.0.1:58463 - \"GET /assets/optional-tag-CEdAG4AY.js HTTP/1.1\" 200", "severity": "INFO", "module": "h11_impl", "funcName": "send", "lineno": 481, "ts": "2026-09-10T14:33:25.638826+00:00"}
{"message": "127.0.0.1:58470 - \"GET /assets/openhands-logo-white-cxeMkDJA.js HTTP/1.1\" 200", "severity": "INFO", "module": "h11_impl", "funcName": "send", "lineno": 481, "ts": "2026-09-10T14:33:25.642393+00:00"}
{"message": "127.0.0.1:58472 - \"GET /assets/sandbox-service.api--HJWqUv9.js HTTP/1.1\" 200", "severity": "INFO", "module": "h11_impl", "funcName": "send", "lineno": 481, "ts": "2026-09-10T14:33:25.643175+00:00"}
{"message": "127.0.0.1:58476 - \"GET /assets/use-create-conversation-Cq1eb-NT.js HTTP/1.1\" 200", "severity": "INFO", "module": "h11_impl", "funcName": "send", "lineno": 481, "ts": "2026-09-10T14:33:25.645255+00:00"}
{"message": "127.0.0.1:58463 - \"GET /assets/git-repo-dropdown-g69fC8tx.js HTTP/1.1\" 200", "severity": "INFO", "module": "h11_impl", "funcName": "send", "lineno": 481, "ts": "2026-09-10T14:33:25.646232+00:00"}
{"message": "127.0.0.1:58452 - \"GET /assets/optimistic-user-message-store-Cxxipzgc.js HTTP/1.1\" 200", "severity": "INFO", "module": "h11_impl", "funcName": "send", "lineno": 481, "ts": "2026-09-10T14:33:25.646938+00:00"}
{"message": "127.0.0.1:58466 - \"GET /assets/use-debounce-Ws-HtAm7.js HTTP/1.1\" 200", "severity": "INFO", "module": "h11_impl", "funcName": "send", "lineno": 481, "ts": "2026-09-10T14:33:25.648958+00:00"}
{"message": "127.0.0.1:58470 - \"GET /assets/settings-yZvhRmJJ.js HTTP/1.1\" 200", "severity": "INFO", "module": "h11_impl", "funcName": "send", "lineno": 481, "ts": "2026-09-10T14:33:25.649294+00:00"}
{"message": "127.0.0.1:58470 - \"GET /api/auth/capabilities HTTP/1.1\" 200", "severity": "INFO", "module": "h11_impl", "funcName": "send", "lineno": 481, "ts": "2026-09-10T14:33:25.656399+00:00"}
{"message": "127.0.0.1:58466 - \"POST /api/authenticate HTTP/1.1\" 200", "severity": "INFO", "module": "h11_impl", "funcName": "send", "lineno": 481, "ts": "2026-09-10T14:33:25.665294+00:00"}
{"message": "127.0.0.1:58466 - \"GET /assets/index-DWt18b-i.js HTTP/1.1\" 200", "severity": "INFO", "module": "h11_impl", "funcName": "send", "lineno": 481, "ts": "2026-09-10T14:33:25.677544+00:00"}
{"message": "127.0.0.1:58470 - \"GET /assets/gestures-JaRNb3Lx.js HTTP/1.1\" 200", "severity": "INFO", "module": "h11_impl", "funcName": "send", "lineno": 481, "ts": "2026-09-10T14:33:25.678054+00:00"}
{"message": "Listing organizations for user", "severity": "INFO", "module": "orgs", "funcName": "list_user_orgs", "lineno": 161, "user_id": "0dfec177-08aa-4cac-8292-e33dc9fd377e", "page_id": null, "limit": 100, "ts": "2026-09-10T14:33:25.695385+00:00"}
{"message": "Successfully retrieved organizations", "severity": "INFO", "module": "orgs", "funcName": "list_user_orgs", "lineno": 189, "user_id": "0dfec177-08aa-4cac-8292-e33dc9fd377e", "org_count": 1, "has_more": false, "ts": "2026-09-10T14:33:25.705769+00:00"}
{"message": "127.0.0.1:58452 - \"GET /api/organizations HTTP/1.1\" 200", "severity": "INFO", "module": "h11_impl", "funcName": "send", "lineno": 481, "ts": "2026-09-10T14:33:25.706899+00:00"}
{"message": "127.0.0.1:58476 - \"GET /api/onboarding_status HTTP/1.1\" 200", "severity": "INFO", "module": "h11_impl", "funcName": "send", "lineno": 481, "ts": "2026-09-10T14:33:25.716814+00:00"}
{"message": "127.0.0.1:58463 - \"GET /api/v1/app-conversations/search?limit=10 HTTP/1.1\" 200", "severity": "INFO", "module": "h11_impl", "funcName": "send", "lineno": 481, "ts": "2026-09-10T14:33:25.719796+00:00"}
{"message": "Retrieving current member details", "severity": "INFO", "module": "orgs", "funcName": "get_me", "lineno": 661, "user_id": "0dfec177-08aa-4cac-8292-e33dc9fd377e", "org_id": "0dfec177-08aa-4cac-8292-e33dc9fd377e", "ts": "2026-09-10T14:33:25.725280+00:00"}
{"message": "127.0.0.1:58452 - \"GET /api/organizations/0dfec177-08aa-4cac-8292-e33dc9fd377e/me HTTP/1.1\" 200", "severity": "INFO", "module": "h11_impl", "funcName": "send", "lineno": 481, "ts": "2026-09-10T14:33:25.733215+00:00"}
{"message": "127.0.0.1:58470 - \"GET /api/v1/settings HTTP/1.1\" 200", "severity": "INFO", "module": "h11_impl", "funcName": "send", "lineno": 481, "ts": "2026-09-10T14:33:25.745353+00:00"}
{"message": "127.0.0.1:58452 - \"GET /api/v1/git/installations/search?provider=github&limit=100 HTTP/1.1\" 200", "severity": "INFO", "module": "h11_impl", "funcName": "send", "lineno": 481, "ts": "2026-09-10T14:33:26.791683+00:00"}
{"message": "127.0.0.1:58470 - \"GET /api/v1/users/git-info HTTP/1.1\" 200", "severity": "INFO", "module": "h11_impl", "funcName": "send", "lineno": 481, "ts": "2026-09-10T14:33:26.799438+00:00"}
{"message": "Error processing PR response: 'user'", "severity": "INFO", "module": "features", "funcName": "get_suggested_tasks", "lineno": 96, "signal": "github_suggested_tasks", "user_id": "0dfec177-08aa-4cac-8292-e33dc9fd377e", "ts": "2026-09-10T14:33:26.801352+00:00"}
{"message": "Error processing issue response: 'user'", "severity": "INFO", "module": "features", "funcName": "get_suggested_tasks", "lineno": 130, "signal": "github_suggested_tasks", "user_id": "0dfec177-08aa-4cac-8292-e33dc9fd377e", "ts": "2026-09-10T14:33:26.801531+00:00"}
{"message": "127.0.0.1:58463 - \"GET /api/v1/git/suggested-tasks/search?limit=30 HTTP/1.1\" 200", "severity": "INFO", "module": "h11_impl", "funcName": "send", "lineno": 481, "ts": "2026-09-10T14:33:26.801961+00:00"}
{"message": "Starting agent process for sandbox 23xAA6eutY2GZgUy7Gnfrk: /Users/jlaverty/dev/enterprise/.venv/bin/python -m openhands.agent_server --port 8000", "severity": "INFO", "module": "process_sandbox_service", "funcName": "_start_agent_process", "lineno": 138, "ts": "2026-09-10T14:33:41.577595+00:00"}
{"message": "127.0.0.1:58489 - \"POST /api/v1/app-conversations HTTP/1.1\" 200", "severity": "INFO", "module": "h11_impl", "funcName": "send", "lineno": 481, "ts": "2026-09-10T14:33:41.584167+00:00"}
{"message": "127.0.0.1:58489 - \"GET /assets/conversation-BYMeMp9f.js HTTP/1.1\" 200", "severity": "INFO", "module": "h11_impl", "funcName": "send", "lineno": 481, "ts": "2026-09-10T14:33:41.593546+00:00"}
{"message": "127.0.0.1:58493 - \"GET /assets/conversation-DDGTF8rc.css HTTP/1.1\" 200", "severity": "INFO", "module": "h11_impl", "funcName": "send", "lineno": 481, "ts": "2026-09-10T14:33:41.595632+00:00"}
{"message": "127.0.0.1:58493 - \"GET /assets/conversation-D7ToVldC.js HTTP/1.1\" 200", "severity": "INFO", "module": "h11_impl", "funcName": "send", "lineno": 481, "ts": "2026-09-10T14:33:41.614525+00:00"}
{"message": "127.0.0.1:58489 - \"GET /assets/messages-C7XHRDT-.js HTTP/1.1\" 200", "severity": "INFO", "module": "h11_impl", "funcName": "send", "lineno": 481, "ts": "2026-09-10T14:33:41.615895+00:00"}
{"message": "127.0.0.1:58511 - \"GET /assets/debug-stackframe-dot-Du04LfGz.js HTTP/1.1\" 200", "severity": "INFO", "module": "h11_impl", "funcName": "send", "lineno": 481, "ts": "2026-09-10T14:33:41.621670+00:00"}
{"message": "127.0.0.1:58517 - \"GET /assets/loader-circle-CCC9sr7h.js HTTP/1.1\" 200", "severity": "INFO", "module": "h11_impl", "funcName": "send", "lineno": 481, "ts": "2026-09-10T14:33:41.623062+00:00"}
{"message": "127.0.0.1:58519 - \"GET /assets/checkmark-IcLh33Cd.js HTTP/1.1\" 200", "severity": "INFO", "module": "h11_impl", "funcName": "send", "lineno": 481, "ts": "2026-09-10T14:33:41.624237+00:00"}
{"message": "127.0.0.1:58511 - \"GET /assets/three-dots-vertical-K21LTmC1.js HTTP/1.1\" 200", "severity": "INFO", "module": "h11_impl", "funcName": "send", "lineno": 481, "ts": "2026-09-10T14:33:41.633708+00:00"}
{"message": "127.0.0.1:58517 - \"GET /assets/chevron-right-CFctWU65.js HTTP/1.1\" 200", "severity": "INFO", "module": "h11_impl", "funcName": "send", "lineno": 481, "ts": "2026-09-10T14:33:41.635304+00:00"}
{"message": "127.0.0.1:58519 - \"GET /assets/u-warning-BQLPbZ6H.js HTTP/1.1\" 200", "severity": "INFO", "module": "h11_impl", "funcName": "send", "lineno": 481, "ts": "2026-09-10T14:33:41.636482+00:00"}
{"message": "127.0.0.1:58497 - \"GET /api/v1/app-conversations/search?limit=10 HTTP/1.1\" 200", "severity": "INFO", "module": "h11_impl", "funcName": "send", "lineno": 481, "ts": "2026-09-10T14:33:41.656244+00:00"}
{"message": "127.0.0.1:58497 - \"GET /assets/changes-tab-B63vQB3d.js HTTP/1.1\" 200", "severity": "INFO", "module": "h11_impl", "funcName": "send", "lineno": 481, "ts": "2026-09-10T14:33:41.748677+00:00"}
{"message": "127.0.0.1:58489 - \"GET /assets/changes-tab-Dvl_Svmm.css HTTP/1.1\" 200", "severity": "INFO", "module": "h11_impl", "funcName": "send", "lineno": 481, "ts": "2026-09-10T14:33:41.748887+00:00"}
{"message": "127.0.0.1:58517 - \"GET /assets/notification-Cyeyy5ud.mp3 HTTP/1.1\" 206", "severity": "INFO", "module": "h11_impl", "funcName": "send", "lineno": 481, "ts": "2026-09-10T14:33:41.775289+00:00"}
{"message": "127.0.0.1:58489 - \"GET /api/v1/app-conversations/start-tasks?ids=ba73c4f392be409792e1a4195a7f078e HTTP/1.1\" 200", "severity": "INFO", "module": "h11_impl", "funcName": "send", "lineno": 481, "ts": "2026-09-10T14:33:41.801685+00:00"}
{"message": "127.0.0.1:58519 - \"GET /api/v1/settings/profiles HTTP/1.1\" 200", "severity": "INFO", "module": "h11_impl", "funcName": "send", "lineno": 481, "ts": "2026-09-10T14:33:41.809474+00:00"}
{"message": "127.0.0.1:58519 - \"GET /api/v1/app-conversations/start-tasks?ids=ba73c4f392be409792e1a4195a7f078e HTTP/1.1\" 200", "severity": "INFO", "module": "h11_impl", "funcName": "send", "lineno": 481, "ts": "2026-09-10T14:33:44.870197+00:00"}
{"message": "Assigned sandbox 23xAA6eutY2GZgUy7Gnfrk to conversation unknown", "severity": "INFO", "module": "live_status_app_conversation_service", "funcName": "_wait_for_sandbox_start", "lineno": 1036, "ts": "2026-09-10T14:33:46.602770+00:00"}
{"message": "127.0.0.1:58519 - \"GET /api/v1/app-conversations/start-tasks?ids=ba73c4f392be409792e1a4195a7f078e HTTP/1.1\" 200", "severity": "INFO", "module": "h11_impl", "funcName": "send", "lineno": 481, "ts": "2026-09-10T14:33:47.882747+00:00"}
{"message": "Loaded 75 skills from agent-server: sources={'sandbox': 0, 'registered_marketplaces': 0, 'sdk_base': 75, 'org': 0, 'project': 0}, names=['add-javadoc', 'add-skill', 'agent-canvas-environment', 'agent-creator', 'agent-memory', 'agent-sdk-builder', 'azure-devops', 'bitbucket', 'bitbucket-cloud', 'bitbucket-data-center', 'code-review', 'code-simplifier', 'datadog', 'deno', 'discord', 'docker', 'evidence-based-citations', 'flarglebargle', 'frontend-design', 'github', 'github-actions', 'github-agents-md-maintainer', 'github-issue-to-pr', 'github-pr-review', 'github-pr-reviewer', 'github-repo-monitor', 'gitlab', 'incident-retrospective', 'iterate', 'jira-issue-to-pr', 'jupyter', 'kubernetes', 'learn-from-code-review', 'linear', 'linear-triage', 'news-digest', 'notion', 'npm', 'openhands-api', 'openhands-automation', 'openhands-sdk', 'pdflatex', 'plain-english-content', 'prd', 'qa-changes', 'release-notes', 'research-brief', 'security', 'skill-creator', 'slack-channel-monitor', 'slack-standup-digest', 'spark-version-upgrade', 'ssh', 'swift-linux', 'technical-writing', 'theme-factory', 'ticket-to-code-change', 'upstream-fork-sync', 'uv', 'vercel', 'argocd-diff', 'codereview-roasted', 'delegate', 'docs-writing', 'find-docs', 'gh-stack', 'helm-chart-review', 'laminar-quickstart-trace', 'playwright-cli', 'pull-request', 'quint-pr-analysis', 'replicated-clean-install', 'replicated-cluster', 'replicated-debug', 'replicated-test']", "severity": "INFO", "module": "skill_loader", "funcName": "load_skills_from_agent_server", "lineno": 708, "ts": "2026-09-10T14:33:47.982228+00:00"}
{"message": "Loaded 75 total skills from agent-server: ['add-javadoc', 'add-skill', 'agent-canvas-environment', 'agent-creator', 'agent-memory', 'agent-sdk-builder', 'azure-devops', 'bitbucket', 'bitbucket-cloud', 'bitbucket-data-center', 'code-review', 'code-simplifier', 'datadog', 'deno', 'discord', 'docker', 'evidence-based-citations', 'flarglebargle', 'frontend-design', 'github', 'github-actions', 'github-agents-md-maintainer', 'github-issue-to-pr', 'github-pr-review', 'github-pr-reviewer', 'github-repo-monitor', 'gitlab', 'incident-retrospective', 'iterate', 'jira-issue-to-pr', 'jupyter', 'kubernetes', 'learn-from-code-review', 'linear', 'linear-triage', 'news-digest', 'notion', 'npm', 'openhands-api', 'openhands-automation', 'openhands-sdk', 'pdflatex', 'plain-english-content', 'prd', 'qa-changes', 'release-notes', 'research-brief', 'security', 'skill-creator', 'slack-channel-monitor', 'slack-standup-digest', 'spark-version-upgrade', 'ssh', 'swift-linux', 'technical-writing', 'theme-factory', 'ticket-to-code-change', 'upstream-fork-sync', 'uv', 'vercel', 'argocd-diff', 'codereview-roasted', 'delegate', 'docs-writing', 'find-docs', 'gh-stack', 'helm-chart-review', 'laminar-quickstart-trace', 'playwright-cli', 'pull-request', 'quint-pr-analysis', 'replicated-clean-install', 'replicated-cluster', 'replicated-debug', 'replicated-test']", "severity": "INFO", "module": "app_conversation_service_base", "funcName": "load_and_merge_all_skills", "lineno": 176, "ts": "2026-09-10T14:33:47.982317+00:00"}
{"message": "app_conversation_start:building_start_request", "severity": "INFO", "module": "live_status_app_conversation_service", "funcName": "_start_app_conversation", "lineno": 528, "user_id": "0dfec177-08aa-4cac-8292-e33dc9fd377e", "task_id": "ba73c4f3-92be-4097-92e1-a4195a7f078e", "conversation_id": "fe4ac3a0-0ce4-44b3-8b5c-3d8a66067e01", "agent_type": "default", "llm_model_override": null, "ts": "2026-09-10T14:33:47.982378+00:00"}
{"message": "Registered file-based agent 'bash-runner' from /Users/jlaverty/dev/enterprise/.venv/lib/python3.13/site-packages/openhands/tools/preset/subagents/bash_runner.md", "severity": "INFO", "module": "default", "funcName": "register_builtins_agents", "lineno": 167, "ts": "2026-09-10T14:33:47.999264+00:00"}
{"message": "Registered file-based agent 'code-explorer' from /Users/jlaverty/dev/enterprise/.venv/lib/python3.13/site-packages/openhands/tools/preset/subagents/code_explorer.md", "severity": "INFO", "module": "default", "funcName": "register_builtins_agents", "lineno": 167, "ts": "2026-09-10T14:33:47.999340+00:00"}
{"message": "Registered file-based agent 'general-purpose' from /Users/jlaverty/dev/enterprise/.venv/lib/python3.13/site-packages/openhands/tools/preset/subagents/default.md", "severity": "INFO", "module": "default", "funcName": "register_builtins_agents", "lineno": 167, "ts": "2026-09-10T14:33:47.999360+00:00"}
{"message": "Registered file-based agent 'web-researcher' from /Users/jlaverty/dev/enterprise/.venv/lib/python3.13/site-packages/openhands/tools/preset/subagents/web_researcher.md", "severity": "INFO", "module": "default", "funcName": "register_builtins_agents", "lineno": 167, "ts": "2026-09-10T14:33:47.999374+00:00"}
{"message": "Loaded 75 skills from agent-server: sources={'sandbox': 0, 'registered_marketplaces': 0, 'sdk_base': 75, 'org': 0, 'project': 0}, names=['add-javadoc', 'add-skill', 'agent-canvas-environment', 'agent-creator', 'agent-memory', 'agent-sdk-builder', 'azure-devops', 'bitbucket', 'bitbucket-cloud', 'bitbucket-data-center', 'code-review', 'code-simplifier', 'datadog', 'deno', 'discord', 'docker', 'evidence-based-citations', 'flarglebargle', 'frontend-design', 'github', 'github-actions', 'github-agents-md-maintainer', 'github-issue-to-pr', 'github-pr-review', 'github-pr-reviewer', 'github-repo-monitor', 'gitlab', 'incident-retrospective', 'iterate', 'jira-issue-to-pr', 'jupyter', 'kubernetes', 'learn-from-code-review', 'linear', 'linear-triage', 'news-digest', 'notion', 'npm', 'openhands-api', 'openhands-automation', 'openhands-sdk', 'pdflatex', 'plain-english-content', 'prd', 'qa-changes', 'release-notes', 'research-brief', 'security', 'skill-creator', 'slack-channel-monitor', 'slack-standup-digest', 'spark-version-upgrade', 'ssh', 'swift-linux', 'technical-writing', 'theme-factory', 'ticket-to-code-change', 'upstream-fork-sync', 'uv', 'vercel', 'argocd-diff', 'codereview-roasted', 'delegate', 'docs-writing', 'find-docs', 'gh-stack', 'helm-chart-review', 'laminar-quickstart-trace', 'playwright-cli', 'pull-request', 'quint-pr-analysis', 'replicated-clean-install', 'replicated-cluster', 'replicated-debug', 'replicated-test']", "severity": "INFO", "module": "skill_loader", "funcName": "load_skills_from_agent_server", "lineno": 708, "ts": "2026-09-10T14:33:48.051256+00:00"}
{"message": "Loaded 75 total skills from agent-server: ['add-javadoc', 'add-skill', 'agent-canvas-environment', 'agent-creator', 'agent-memory', 'agent-sdk-builder', 'azure-devops', 'bitbucket', 'bitbucket-cloud', 'bitbucket-data-center', 'code-review', 'code-simplifier', 'datadog', 'deno', 'discord', 'docker', 'evidence-based-citations', 'flarglebargle', 'frontend-design', 'github', 'github-actions', 'github-agents-md-maintainer', 'github-issue-to-pr', 'github-pr-review', 'github-pr-reviewer', 'github-repo-monitor', 'gitlab', 'incident-retrospective', 'iterate', 'jira-issue-to-pr', 'jupyter', 'kubernetes', 'learn-from-code-review', 'linear', 'linear-triage', 'news-digest', 'notion', 'npm', 'openhands-api', 'openhands-automation', 'openhands-sdk', 'pdflatex', 'plain-english-content', 'prd', 'qa-changes', 'release-notes', 'research-brief', 'security', 'skill-creator', 'slack-channel-monitor', 'slack-standup-digest', 'spark-version-upgrade', 'ssh', 'swift-linux', 'technical-writing', 'theme-factory', 'ticket-to-code-change', 'upstream-fork-sync', 'uv', 'vercel', 'argocd-diff', 'codereview-roasted', 'delegate', 'docs-writing', 'find-docs', 'gh-stack', 'helm-chart-review', 'laminar-quickstart-trace', 'playwright-cli', 'pull-request', 'quint-pr-analysis', 'replicated-clean-install', 'replicated-cluster', 'replicated-debug', 'replicated-test']", "severity": "INFO", "module": "app_conversation_service_base", "funcName": "load_and_merge_all_skills", "lineno": 176, "ts": "2026-09-10T14:33:48.051339+00:00"}
{"message": "task_id=task-ba73c4f392be409792e1a4195a7f078e conversation_id=fe4ac3a0-0ce4-44b3-8b5c-3d8a66067e01", "severity": "INFO", "module": "live_status_app_conversation_service", "funcName": "_process_pending_messages", "lineno": 2614, "ts": "2026-09-10T14:33:48.114681+00:00"}
{"message": "updated_count=0 ", "severity": "INFO", "module": "live_status_app_conversation_service", "funcName": "_process_pending_messages", "lineno": 2621, "ts": "2026-09-10T14:33:48.116271+00:00"}
{"message": "127.0.0.1:58519 - \"GET /api/v1/app-conversations/start-tasks?ids=ba73c4f392be409792e1a4195a7f078e HTTP/1.1\" 200", "severity": "INFO", "module": "h11_impl", "funcName": "send", "lineno": 481, "ts": "2026-09-10T14:33:50.902232+00:00"}
{"message": "127.0.0.1:58519 - \"GET /api/v1/app-conversations?ids=fe4ac3a00ce444b38b5c3d8a66067e01 HTTP/1.1\" 200", "severity": "INFO", "module": "h11_impl", "funcName": "send", "lineno": 481, "ts": "2026-09-10T14:33:50.982825+00:00"}
{"message": "127.0.0.1:58555 - \"GET /api/v1/conversation/fe4ac3a00ce444b38b5c3d8a66067e01/events/search?limit=100 HTTP/1.1\" 200", "severity": "INFO", "module": "h11_impl", "funcName": "send", "lineno": 481, "ts": "2026-09-10T14:33:51.011817+00:00"}
{"message": "Loading skills for conversation fe4ac3a0-0ce4-44b3-8b5c-3d8a66067e01", "severity": "INFO", "module": "app_conversation_router", "funcName": "get_conversation_skills", "lineno": 1799, "ts": "2026-09-10T14:33:51.028477+00:00"}
{"message": "Loaded 75 skills from agent-server: sources={'sandbox': 0, 'registered_marketplaces': 0, 'sdk_base': 75, 'org': 0, 'project': 0}, names=['add-javadoc', 'add-skill', 'agent-canvas-environment', 'agent-creator', 'agent-memory', 'agent-sdk-builder', 'azure-devops', 'bitbucket', 'bitbucket-cloud', 'bitbucket-data-center', 'code-review', 'code-simplifier', 'datadog', 'deno', 'discord', 'docker', 'evidence-based-citations', 'flarglebargle', 'frontend-design', 'github', 'github-actions', 'github-agents-md-maintainer', 'github-issue-to-pr', 'github-pr-review', 'github-pr-reviewer', 'github-repo-monitor', 'gitlab', 'incident-retrospective', 'iterate', 'jira-issue-to-pr', 'jupyter', 'kubernetes', 'learn-from-code-review', 'linear', 'linear-triage', 'news-digest', 'notion', 'npm', 'openhands-api', 'openhands-automation', 'openhands-sdk', 'pdflatex', 'plain-english-content', 'prd', 'qa-changes', 'release-notes', 'research-brief', 'security', 'skill-creator', 'slack-channel-monitor', 'slack-standup-digest', 'spark-version-upgrade', 'ssh', 'swift-linux', 'technical-writing', 'theme-factory', 'ticket-to-code-change', 'upstream-fork-sync', 'uv', 'vercel', 'argocd-diff', 'codereview-roasted', 'delegate', 'docs-writing', 'find-docs', 'gh-stack', 'helm-chart-review', 'laminar-quickstart-trace', 'playwright-cli', 'pull-request', 'quint-pr-analysis', 'replicated-clean-install', 'replicated-cluster', 'replicated-debug', 'replicated-test']", "severity": "INFO", "module": "skill_loader", "funcName": "load_skills_from_agent_server", "lineno": 708, "ts": "2026-09-10T14:33:51.095398+00:00"}
{"message": "Loaded 75 total skills from agent-server: ['add-javadoc', 'add-skill', 'agent-canvas-environment', 'agent-creator', 'agent-memory', 'agent-sdk-builder', 'azure-devops', 'bitbucket', 'bitbucket-cloud', 'bitbucket-data-center', 'code-review', 'code-simplifier', 'datadog', 'deno', 'discord', 'docker', 'evidence-based-citations', 'flarglebargle', 'frontend-design', 'github', 'github-actions', 'github-agents-md-maintainer', 'github-issue-to-pr', 'github-pr-review', 'github-pr-reviewer', 'github-repo-monitor', 'gitlab', 'incident-retrospective', 'iterate', 'jira-issue-to-pr', 'jupyter', 'kubernetes', 'learn-from-code-review', 'linear', 'linear-triage', 'news-digest', 'notion', 'npm', 'openhands-api', 'openhands-automation', 'openhands-sdk', 'pdflatex', 'plain-english-content', 'prd', 'qa-changes', 'release-notes', 'research-brief', 'security', 'skill-creator', 'slack-channel-monitor', 'slack-standup-digest', 'spark-version-upgrade', 'ssh', 'swift-linux', 'technical-writing', 'theme-factory', 'ticket-to-code-change', 'upstream-fork-sync', 'uv', 'vercel', 'argocd-diff', 'codereview-roasted', 'delegate', 'docs-writing', 'find-docs', 'gh-stack', 'helm-chart-review', 'laminar-quickstart-trace', 'playwright-cli', 'pull-request', 'quint-pr-analysis', 'replicated-clean-install', 'replicated-cluster', 'replicated-debug', 'replicated-test']", "severity": "INFO", "module": "app_conversation_service_base", "funcName": "load_and_merge_all_skills", "lineno": 176, "ts": "2026-09-10T14:33:51.095474+00:00"}
{"message": "Loaded 75 skills for conversation fe4ac3a0-0ce4-44b3-8b5c-3d8a66067e01: ['add-javadoc', 'add-skill', 'agent-canvas-environment', 'agent-creator', 'agent-memory', 'agent-sdk-builder', 'azure-devops', 'bitbucket', 'bitbucket-cloud', 'bitbucket-data-center', 'code-review', 'code-simplifier', 'datadog', 'deno', 'discord', 'docker', 'evidence-based-citations', 'flarglebargle', 'frontend-design', 'github', 'github-actions', 'github-agents-md-maintainer', 'github-issue-to-pr', 'github-pr-review', 'github-pr-reviewer', 'github-repo-monitor', 'gitlab', 'incident-retrospective', 'iterate', 'jira-issue-to-pr', 'jupyter', 'kubernetes', 'learn-from-code-review', 'linear', 'linear-triage', 'news-digest', 'notion', 'npm', 'openhands-api', 'openhands-automation', 'openhands-sdk', 'pdflatex', 'plain-english-content', 'prd', 'qa-changes', 'release-notes', 'research-brief', 'security', 'skill-creator', 'slack-channel-monitor', 'slack-standup-digest', 'spark-version-upgrade', 'ssh', 'swift-linux', 'technical-writing', 'theme-factory', 'ticket-to-code-change', 'upstream-fork-sync', 'uv', 'vercel', 'argocd-diff', 'codereview-roasted', 'delegate', 'docs-writing', 'find-docs', 'gh-stack', 'helm-chart-review', 'laminar-quickstart-trace', 'playwright-cli', 'pull-request', 'quint-pr-analysis', 'replicated-clean-install', 'replicated-cluster', 'replicated-debug', 'replicated-test']", "severity": "INFO", "module": "app_conversation_router", "funcName": "get_conversation_skills", "lineno": 1821, "ts": "2026-09-10T14:33:51.095507+00:00"}
{"message": "127.0.0.1:58519 - \"GET /api/v1/app-conversations/fe4ac3a00ce444b38b5c3d8a66067e01/skills HTTP/1.1\" 200", "severity": "INFO", "module": "h11_impl", "funcName": "send", "lineno": 481, "ts": "2026-09-10T14:33:51.098188+00:00"}
{"message": "127.0.0.1:58622 - \"GET /api/v1/app-conversations?ids=fe4ac3a00ce444b38b5c3d8a66067e01 HTTP/1.1\" 200", "severity": "INFO", "module": "h11_impl", "funcName": "send", "lineno": 481, "ts": "2026-09-10T14:34:21.047712+00:00"}
{"message": "127.0.0.1:58665 - \"GET /api/v1/app-conversations?ids=fe4ac3a00ce444b38b5c3d8a66067e01 HTTP/1.1\" 200", "severity": "INFO", "module": "h11_impl", "funcName": "send", "lineno": 481, "ts": "2026-09-10T14:34:51.097494+00:00"}
{"message": "127.0.0.1:58692 - \"GET /conversations/fe4ac3a00ce444b38b5c3d8a66067e01 HTTP/1.1\" 404", "severity": "INFO", "module": "h11_impl", "funcName": "send", "lineno": 481, "ts": "2026-09-10T14:35:13.881699+00:00"}
{"message": "127.0.0.1:58754 - \"GET /conversations/fe4ac3a00ce444b38b5c3d8a66067e01 HTTP/1.1\" 200", "severity": "INFO", "module": "h11_impl", "funcName": "send", "lineno": 481, "ts": "2026-09-10T14:36:03.586838+00:00"}
{"message": "127.0.0.1:58754 - \"GET /assets/manifest-d7f631c4.js HTTP/1.1\" 200", "severity": "INFO", "module": "h11_impl", "funcName": "send", "lineno": 481, "ts": "2026-09-10T14:36:03.615209+00:00"}
{"message": "127.0.0.1:58761 - \"GET /assets/entry.client-Dw7KE7hM.js HTTP/1.1\" 200", "severity": "INFO", "module": "h11_impl", "funcName": "send", "lineno": 481, "ts": "2026-09-10T14:36:03.619621+00:00"}
{"message": "127.0.0.1:58765 - \"GET /assets/chunk-6CSD65Y2-UpbgoP9j.js HTTP/1.1\" 200", "severity": "INFO", "module": "h11_impl", "funcName": "send", "lineno": 481, "ts": "2026-09-10T14:36:03.623165+00:00"}
{"message": "127.0.0.1:58770 - \"GET /assets/custom-toast-handlers-CAVHstGd.js HTTP/1.1\" 200", "severity": "INFO", "module": "h11_impl", "funcName": "send", "lineno": 481, "ts": "2026-09-10T14:36:03.625724+00:00"}
{"message": "127.0.0.1:58754 - \"GET /assets/open-hands-axios-LzNSarGn.js HTTP/1.1\" 200", "severity": "INFO", "module": "h11_impl", "funcName": "send", "lineno": 481, "ts": "2026-09-10T14:36:03.630748+00:00"}
{"message": "127.0.0.1:58786 - \"GET /assets/root-D-LbRKNh.css HTTP/1.1\" 200", "severity": "INFO", "module": "h11_impl", "funcName": "send", "lineno": 481, "ts": "2026-09-10T14:36:03.632825+00:00"}
{"message": "127.0.0.1:58788 - \"GET /assets/index-tLtD-Cu0.js HTTP/1.1\" 200", "severity": "INFO", "module": "h11_impl", "funcName": "send", "lineno": 481, "ts": "2026-09-10T14:36:03.633389+00:00"}
{"message": "127.0.0.1:58761 - \"GET /assets/query-client-config-C2aiFcZM.js HTTP/1.1\" 200", "severity": "INFO", "module": "h11_impl", "funcName": "send", "lineno": 481, "ts": "2026-09-10T14:36:03.636112+00:00"}
{"message": "127.0.0.1:58770 - \"GET /assets/index-Dt4MV93j.js HTTP/1.1\" 200", "severity": "INFO", "module": "h11_impl", "funcName": "send", "lineno": 481, "ts": "2026-09-10T14:36:03.636584+00:00"}
{"message": "127.0.0.1:58765 - \"GET /assets/query-keys-BSjaytiJ.js HTTP/1.1\" 200", "severity": "INFO", "module": "h11_impl", "funcName": "send", "lineno": 481, "ts": "2026-09-10T14:36:03.638043+00:00"}
{"message": "127.0.0.1:58754 - \"GET /assets/index-CXoKay-T.js HTTP/1.1\" 200", "severity": "INFO", "module": "h11_impl", "funcName": "send", "lineno": 481, "ts": "2026-09-10T14:36:03.641762+00:00"}
{"message": "127.0.0.1:58788 - \"GET /assets/preload-helper-Bc3Pu81E.js HTTP/1.1\" 200", "severity": "INFO", "module": "h11_impl", "funcName": "send", "lineno": 481, "ts": "2026-09-10T14:36:03.647384+00:00"}
{"message": "127.0.0.1:58761 - \"GET /assets/declaration-Bwok30Lo.js HTTP/1.1\" 200", "severity": "INFO", "module": "h11_impl", "funcName": "send", "lineno": 481, "ts": "2026-09-10T14:36:03.650010+00:00"}
{"message": "127.0.0.1:58765 - \"GET /assets/retrieve-axios-error-message-Dwxjb5f3.js HTTP/1.1\" 200", "severity": "INFO", "module": "h11_impl", "funcName": "send", "lineno": 481, "ts": "2026-09-10T14:36:03.653771+00:00"}
{"message": "127.0.0.1:58770 - \"GET /assets/rate-limit-retry-DdZplSiD.js HTTP/1.1\" 200", "severity": "INFO", "module": "h11_impl", "funcName": "send", "lineno": 481, "ts": "2026-09-10T14:36:03.656775+00:00"}
{"message": "127.0.0.1:58786 - \"GET /assets/mutation-DSZmfvqD.js HTTP/1.1\" 200", "severity": "INFO", "module": "h11_impl", "funcName": "send", "lineno": 481, "ts": "2026-09-10T14:36:03.657870+00:00"}
{"message": "127.0.0.1:58754 - \"GET /assets/infiniteQueryBehavior-DZN75Mj9.js HTTP/1.1\" 200", "severity": "INFO", "module": "h11_impl", "funcName": "send", "lineno": 481, "ts": "2026-09-10T14:36:03.658825+00:00"}
{"message": "127.0.0.1:58788 - \"GET /assets/root-Cyf3bcFs.js HTTP/1.1\" 200", "severity": "INFO", "module": "h11_impl", "funcName": "send", "lineno": 481, "ts": "2026-09-10T14:36:03.661645+00:00"}
{"message": "127.0.0.1:58765 - \"GET /assets/use-invitation-M5_iS4Ov.js HTTP/1.1\" 200", "severity": "INFO", "module": "h11_impl", "funcName": "send", "lineno": 481, "ts": "2026-09-10T14:36:03.664497+00:00"}
{"message": "127.0.0.1:58765 - \"GET /locales/en/translation.json HTTP/1.1\" 200", "severity": "INFO", "module": "h11_impl", "funcName": "send", "lineno": 481, "ts": "2026-09-10T14:36:03.685362+00:00"}
{"message": "127.0.0.1:58788 - \"GET /assets/root-layout-ClPiNWoF.js HTTP/1.1\" 200", "severity": "INFO", "module": "h11_impl", "funcName": "send", "lineno": 481, "ts": "2026-09-10T14:36:03.691647+00:00"}
{"message": "127.0.0.1:58786 - \"GET /assets/conversation-DDGTF8rc.css HTTP/1.1\" 200", "severity": "INFO", "module": "h11_impl", "funcName": "send", "lineno": 481, "ts": "2026-09-10T14:36:03.692999+00:00"}
{"message": "127.0.0.1:58754 - \"GET /assets/conversation-BYMeMp9f.js HTTP/1.1\" 200", "severity": "INFO", "module": "h11_impl", "funcName": "send", "lineno": 481, "ts": "2026-09-10T14:36:03.693388+00:00"}
{"message": "127.0.0.1:58765 - \"GET /assets/sandbox-status-indicator-De-qu6-K.js HTTP/1.1\" 200", "severity": "INFO", "module": "h11_impl", "funcName": "send", "lineno": 481, "ts": "2026-09-10T14:36:03.714462+00:00"}
{"message": "127.0.0.1:58786 - \"GET /assets/use-config-Dh7W-dyl.js HTTP/1.1\" 200", "severity": "INFO", "module": "h11_impl", "funcName": "send", "lineno": 481, "ts": "2026-09-10T14:36:03.718758+00:00"}
{"message": "127.0.0.1:58788 - \"GET /assets/user-service.api-CSKE8tMw.js HTTP/1.1\" 200", "severity": "INFO", "module": "h11_impl", "funcName": "send", "lineno": 481, "ts": "2026-09-10T14:36:03.720919+00:00"}
{"message": "127.0.0.1:58761 - \"GET /assets/use-logout-SxGpq-OD.js HTTP/1.1\" 200", "severity": "INFO", "module": "h11_impl", "funcName": "send", "lineno": 481, "ts": "2026-09-10T14:36:03.721603+00:00"}
{"message": "127.0.0.1:58754 - \"GET /assets/use-is-authed-D8E0h2Jo.js HTTP/1.1\" 200", "severity": "INFO", "module": "h11_impl", "funcName": "send", "lineno": 481, "ts": "2026-09-10T14:36:03.722190+00:00"}
{"message": "127.0.0.1:58770 - \"GET /api/v1/web-client/config HTTP/1.1\" 200", "severity": "INFO", "module": "h11_impl", "funcName": "send", "lineno": 481, "ts": "2026-09-10T14:36:03.723961+00:00"}
{"message": "127.0.0.1:58770 - \"GET /assets/loading-spinner-sGH7m1sO.js HTTP/1.1\" 200", "severity": "INFO", "module": "h11_impl", "funcName": "send", "lineno": 481, "ts": "2026-09-10T14:36:03.743255+00:00"}
{"message": "127.0.0.1:58765 - \"GET /assets/utils-BYzDx4ip.js HTTP/1.1\" 200", "severity": "INFO", "module": "h11_impl", "funcName": "send", "lineno": 481, "ts": "2026-09-10T14:36:03.744526+00:00"}
{"message": "127.0.0.1:58754 - \"GET /assets/useTranslation-i1xdxadn.js HTTP/1.1\" 200", "severity": "INFO", "module": "h11_impl", "funcName": "send", "lineno": 481, "ts": "2026-09-10T14:36:03.745264+00:00"}
{"message": "127.0.0.1:58786 - \"GET /assets/use-me-Dizf1yD1.js HTTP/1.1\" 200", "severity": "INFO", "module": "h11_impl", "funcName": "send", "lineno": 481, "ts": "2026-09-10T14:36:03.746155+00:00"}
{"message": "127.0.0.1:58761 - \"GET /assets/index-Cl4PwBnF.js HTTP/1.1\" 200", "severity": "INFO", "module": "h11_impl", "funcName": "send", "lineno": 481, "ts": "2026-09-10T14:36:03.746906+00:00"}
{"message": "127.0.0.1:58788 - \"GET /assets/settings-gear-QGZieQG5.js HTTP/1.1\" 200", "severity": "INFO", "module": "h11_impl", "funcName": "send", "lineno": 481, "ts": "2026-09-10T14:36:03.747528+00:00"}
{"message": "127.0.0.1:58770 - \"GET /assets/settings-nav-divider-DNWs2xzQ.js HTTP/1.1\" 200", "severity": "INFO", "module": "h11_impl", "funcName": "send", "lineno": 481, "ts": "2026-09-10T14:36:03.756604+00:00"}
{"message": "127.0.0.1:58754 - \"GET /assets/context-menu-rVWPDAtP.js HTTP/1.1\" 200", "severity": "INFO", "module": "h11_impl", "funcName": "send", "lineno": 481, "ts": "2026-09-10T14:36:03.757891+00:00"}
{"message": "127.0.0.1:58765 - \"GET /assets/index-BA1di30B.js HTTP/1.1\" 200", "severity": "INFO", "module": "h11_impl", "funcName": "send", "lineno": 481, "ts": "2026-09-10T14:36:03.758284+00:00"}
{"message": "127.0.0.1:58761 - \"GET /assets/card-title-DNMudsxn.js HTTP/1.1\" 200", "severity": "INFO", "module": "h11_impl", "funcName": "send", "lineno": 481, "ts": "2026-09-10T14:36:03.759737+00:00"}
{"message": "127.0.0.1:58786 - \"GET /assets/card-BiCf3WY_.js HTTP/1.1\" 200", "severity": "INFO", "module": "h11_impl", "funcName": "send", "lineno": 481, "ts": "2026-09-10T14:36:03.761275+00:00"}
{"message": "127.0.0.1:58788 - \"GET /assets/typography-CEll3mgr.js HTTP/1.1\" 200", "severity": "INFO", "module": "h11_impl", "funcName": "send", "lineno": 481, "ts": "2026-09-10T14:36:03.761405+00:00"}
{"message": "127.0.0.1:58770 - \"GET /assets/stacked-5ookcZbZ.js HTTP/1.1\" 200", "severity": "INFO", "module": "h11_impl", "funcName": "send", "lineno": 481, "ts": "2026-09-10T14:36:03.770512+00:00"}
{"message": "127.0.0.1:58765 - \"GET /assets/chunk-AUA5GDXN-WvNegR2I.js HTTP/1.1\" 200", "severity": "INFO", "module": "h11_impl", "funcName": "send", "lineno": 481, "ts": "2026-09-10T14:36:03.772403+00:00"}
{"message": "127.0.0.1:58754 - \"GET /assets/use-should-hide-org-selector-CpSd0fQ-.js HTTP/1.1\" 200", "severity": "INFO", "module": "h11_impl", "funcName": "send", "lineno": 481, "ts": "2026-09-10T14:36:03.774113+00:00"}
{"message": "127.0.0.1:58761 - \"GET /assets/settings-nav-header-Dnv4GU50.js HTTP/1.1\" 200", "severity": "INFO", "module": "h11_impl", "funcName": "send", "lineno": 481, "ts": "2026-09-10T14:36:03.775565+00:00"}
{"message": "127.0.0.1:58788 - \"GET /assets/use-app-mode-B54Qx7LS.js HTTP/1.1\" 200", "severity": "INFO", "module": "h11_impl", "funcName": "send", "lineno": 481, "ts": "2026-09-10T14:36:03.775844+00:00"}
{"message": "127.0.0.1:58786 - \"GET /assets/invite-organization-member-modal-D4MJ3CFv.js HTTP/1.1\" 200", "severity": "INFO", "module": "h11_impl", "funcName": "send", "lineno": 481, "ts": "2026-09-10T14:36:03.775967+00:00"}
{"message": "127.0.0.1:58770 - \"GET /assets/org-modal-BRTBwe_B.js HTTP/1.1\" 200", "severity": "INFO", "module": "h11_impl", "funcName": "send", "lineno": 481, "ts": "2026-09-10T14:36:03.785237+00:00"}
{"message": "127.0.0.1:58765 - \"GET /assets/useMutation-8-YK4bsn.js HTTP/1.1\" 200", "severity": "INFO", "module": "h11_impl", "funcName": "send", "lineno": 481, "ts": "2026-09-10T14:36:03.787381+00:00"}
{"message": "127.0.0.1:58788 - \"GET /assets/openhands-logo-DilX03Hr.js HTTP/1.1\" 200", "severity": "INFO", "module": "h11_impl", "funcName": "send", "lineno": 481, "ts": "2026-09-10T14:36:03.788460+00:00"}
{"message": "127.0.0.1:58754 - \"GET /assets/organization-service.api-DAj5yeBR.js HTTP/1.1\" 200", "severity": "INFO", "module": "h11_impl", "funcName": "send", "lineno": 481, "ts": "2026-09-10T14:36:03.788895+00:00"}
{"message": "127.0.0.1:58786 - \"GET /assets/styled-tooltip-k9fZGNHu.js HTTP/1.1\" 200", "severity": "INFO", "module": "h11_impl", "funcName": "send", "lineno": 481, "ts": "2026-09-10T14:36:03.789211+00:00"}
{"message": "127.0.0.1:58761 - \"GET /assets/modal-backdrop-B5BF9mZF.js HTTP/1.1\" 200", "severity": "INFO", "module": "h11_impl", "funcName": "send", "lineno": 481, "ts": "2026-09-10T14:36:03.789371+00:00"}
{"message": "127.0.0.1:58770 - \"GET /assets/base-modal-8sJuGqdJ.js HTTP/1.1\" 200", "severity": "INFO", "module": "h11_impl", "funcName": "send", "lineno": 481, "ts": "2026-09-10T14:36:03.796657+00:00"}
{"message": "127.0.0.1:58754 - \"GET /assets/model-selector-B_esEVWk.js HTTP/1.1\" 200", "severity": "INFO", "module": "h11_impl", "funcName": "send", "lineno": 481, "ts": "2026-09-10T14:36:03.797584+00:00"}
{"message": "127.0.0.1:58786 - \"GET /assets/permissions-a6OWVwNd.js HTTP/1.1\" 200", "severity": "INFO", "module": "h11_impl", "funcName": "send", "lineno": 481, "ts": "2026-09-10T14:36:03.798429+00:00"}
{"message": "127.0.0.1:58765 - \"GET /assets/help-link-DcOVRYm_.js HTTP/1.1\" 200", "severity": "INFO", "module": "h11_impl", "funcName": "send", "lineno": 481, "ts": "2026-09-10T14:36:03.800017+00:00"}
{"message": "127.0.0.1:58788 - \"GET /assets/brand-button-CB2ZqR1E.js HTTP/1.1\" 200", "severity": "INFO", "module": "h11_impl", "funcName": "send", "lineno": 481, "ts": "2026-09-10T14:36:03.800222+00:00"}
{"message": "127.0.0.1:58761 - \"GET /assets/settings-input-DeV8o5x5.js HTTP/1.1\" 200", "severity": "INFO", "module": "h11_impl", "funcName": "send", "lineno": 481, "ts": "2026-09-10T14:36:03.800676+00:00"}
{"message": "127.0.0.1:58770 - \"GET /assets/use-save-settings-DbZtTQUT.js HTTP/1.1\" 200", "severity": "INFO", "module": "h11_impl", "funcName": "send", "lineno": 481, "ts": "2026-09-10T14:36:03.807309+00:00"}
{"message": "127.0.0.1:58754 - \"GET /assets/constants-BAVPcVUC.js HTTP/1.1\" 200", "severity": "INFO", "module": "h11_impl", "funcName": "send", "lineno": 481, "ts": "2026-09-10T14:36:03.809891+00:00"}
{"message": "127.0.0.1:58786 - \"GET /assets/sdk-settings-schema-ysVUDYQY.js HTTP/1.1\" 200", "severity": "INFO", "module": "h11_impl", "funcName": "send", "lineno": 481, "ts": "2026-09-10T14:36:03.810680+00:00"}
{"message": "127.0.0.1:58788 - \"GET /assets/v1-conversation-service.api-Bp7sNLu0.js HTTP/1.1\" 200", "severity": "INFO", "module": "h11_impl", "funcName": "send", "lineno": 481, "ts": "2026-09-10T14:36:03.810998+00:00"}
{"message": "127.0.0.1:58761 - \"GET /assets/use-infinite-scroll-ug_PCwOE.js HTTP/1.1\" 200", "severity": "INFO", "module": "h11_impl", "funcName": "send", "lineno": 481, "ts": "2026-09-10T14:36:03.811452+00:00"}
{"message": "127.0.0.1:58765 - \"GET /assets/use-settings-DDjmuEGm.js HTTP/1.1\" 200", "severity": "INFO", "module": "h11_impl", "funcName": "send", "lineno": 481, "ts": "2026-09-10T14:36:03.811762+00:00"}
{"message": "127.0.0.1:58770 - \"GET /assets/modal-body-C_1-4ovn.js HTTP/1.1\" 200", "severity": "INFO", "module": "h11_impl", "funcName": "send", "lineno": 481, "ts": "2026-09-10T14:36:03.818835+00:00"}
{"message": "127.0.0.1:58788 - \"GET /assets/agent-chip-icon-X2ZJp6do.js HTTP/1.1\" 200", "severity": "INFO", "module": "h11_impl", "funcName": "send", "lineno": 481, "ts": "2026-09-10T14:36:03.820533+00:00"}
{"message": "127.0.0.1:58754 - \"GET /assets/conversation-service.api-EKAoYc9o.js HTTP/1.1\" 200", "severity": "INFO", "module": "h11_impl", "funcName": "send", "lineno": 481, "ts": "2026-09-10T14:36:03.821065+00:00"}
{"message": "127.0.0.1:58765 - \"GET /assets/u-delete-CqpdoXH5.js HTTP/1.1\" 200", "severity": "INFO", "module": "h11_impl", "funcName": "send", "lineno": 481, "ts": "2026-09-10T14:36:03.821699+00:00"}
{"message": "127.0.0.1:58786 - \"GET /assets/conversation-name-context-menu-icon-text-B1HvcP85.js HTTP/1.1\" 200", "severity": "INFO", "module": "h11_impl", "funcName": "send", "lineno": 481, "ts": "2026-09-10T14:36:03.821873+00:00"}
{"message": "127.0.0.1:58761 - \"GET /assets/u-edit-Cw7UgFQ4.js HTTP/1.1\" 200", "severity": "INFO", "module": "h11_impl", "funcName": "send", "lineno": 481, "ts": "2026-09-10T14:36:03.822317+00:00"}
{"message": "127.0.0.1:58770 - \"GET /assets/format-time-delta-CgY-HPrl.js HTTP/1.1\" 200", "severity": "INFO", "module": "h11_impl", "funcName": "send", "lineno": 481, "ts": "2026-09-10T14:36:03.829212+00:00"}
{"message": "127.0.0.1:58754 - \"GET /assets/index-CcBMHdO5.js HTTP/1.1\" 200", "severity": "INFO", "module": "h11_impl", "funcName": "send", "lineno": 481, "ts": "2026-09-10T14:36:03.830276+00:00"}
{"message": "127.0.0.1:58786 - \"GET /assets/azure-devops-logo-DXPdTsmh.js HTTP/1.1\" 200", "severity": "INFO", "module": "h11_impl", "funcName": "send", "lineno": 481, "ts": "2026-09-10T14:36:03.831015+00:00"}
{"message": "127.0.0.1:58765 - \"GET /assets/handle-capture-consent-BKBd3oL3.js HTTP/1.1\" 200", "severity": "INFO", "module": "h11_impl", "funcName": "send", "lineno": 481, "ts": "2026-09-10T14:36:03.831406+00:00"}
{"message": "127.0.0.1:58761 - \"GET /assets/use-auth-capabilities-EIdFh3Uu.js HTTP/1.1\" 200", "severity": "INFO", "module": "h11_impl", "funcName": "send", "lineno": 481, "ts": "2026-09-10T14:36:03.831588+00:00"}
{"message": "127.0.0.1:58788 - \"GET /assets/index-BR5f3GK5.js HTTP/1.1\" 200", "severity": "INFO", "module": "h11_impl", "funcName": "send", "lineno": 481, "ts": "2026-09-10T14:36:03.831669+00:00"}
{"message": "127.0.0.1:58770 - \"GET /assets/local-storage-BL98fNWo.js HTTP/1.1\" 200", "severity": "INFO", "module": "h11_impl", "funcName": "send", "lineno": 481, "ts": "2026-09-10T14:36:03.837515+00:00"}
{"message": "127.0.0.1:58754 - \"GET /assets/use-auth-url-M2suDX2e.js HTTP/1.1\" 200", "severity": "INFO", "module": "h11_impl", "funcName": "send", "lineno": 481, "ts": "2026-09-10T14:36:03.838713+00:00"}
{"message": "127.0.0.1:58761 - \"GET /assets/use-organizations-Du6jQWrG.js HTTP/1.1\" 200", "severity": "INFO", "module": "h11_impl", "funcName": "send", "lineno": 481, "ts": "2026-09-10T14:36:03.839939+00:00"}
{"message": "127.0.0.1:58786 - \"GET /assets/cross-app-redirect-CA1RAd_9.js HTTP/1.1\" 200", "severity": "INFO", "module": "h11_impl", "funcName": "send", "lineno": 481, "ts": "2026-09-10T14:36:03.840196+00:00"}
{"message": "127.0.0.1:58788 - \"GET /assets/use-onboarding-status-D8-nDDLa.js HTTP/1.1\" 200", "severity": "INFO", "module": "h11_impl", "funcName": "send", "lineno": 481, "ts": "2026-09-10T14:36:03.840387+00:00"}
{"message": "127.0.0.1:58765 - \"GET /assets/close-5k7m9tBa.js HTTP/1.1\" 200", "severity": "INFO", "module": "h11_impl", "funcName": "send", "lineno": 481, "ts": "2026-09-10T14:36:03.840549+00:00"}
{"message": "127.0.0.1:58770 - \"GET /assets/use-user-conversation-Cid1kHvb.js HTTP/1.1\" 200", "severity": "INFO", "module": "h11_impl", "funcName": "send", "lineno": 481, "ts": "2026-09-10T14:36:03.846428+00:00"}
{"message": "127.0.0.1:58754 - \"GET /assets/auth-service.api-DG-mQZWV.js HTTP/1.1\" 200", "severity": "INFO", "module": "h11_impl", "funcName": "send", "lineno": 481, "ts": "2026-09-10T14:36:03.847530+00:00"}
{"message": "127.0.0.1:58788 - \"GET /assets/use-user-providers-De-NIh9j.js HTTP/1.1\" 200", "severity": "INFO", "module": "h11_impl", "funcName": "send", "lineno": 481, "ts": "2026-09-10T14:36:03.848777+00:00"}
{"message": "127.0.0.1:58786 - \"GET /assets/iconBase-Dv4KA39o.js HTTP/1.1\" 200", "severity": "INFO", "module": "h11_impl", "funcName": "send", "lineno": 481, "ts": "2026-09-10T14:36:03.849984+00:00"}
{"message": "127.0.0.1:58761 - \"GET /assets/useInfiniteQuery-bO1xC7Iy.js HTTP/1.1\" 200", "severity": "INFO", "module": "h11_impl", "funcName": "send", "lineno": 481, "ts": "2026-09-10T14:36:03.850203+00:00"}
{"message": "127.0.0.1:58765 - \"GET /assets/dropdown-npgxgKWR.js HTTP/1.1\" 200", "severity": "INFO", "module": "h11_impl", "funcName": "send", "lineno": 481, "ts": "2026-09-10T14:36:03.851687+00:00"}
{"message": "127.0.0.1:58754 - \"GET /assets/createLucideIcon-BxzTDeUp.js HTTP/1.1\" 200", "severity": "INFO", "module": "h11_impl", "funcName": "send", "lineno": 481, "ts": "2026-09-10T14:36:03.856675+00:00"}
{"message": "127.0.0.1:58770 - \"GET /assets/downshift.esm-BbaUJ_tW.js HTTP/1.1\" 200", "severity": "INFO", "module": "h11_impl", "funcName": "send", "lineno": 481, "ts": "2026-09-10T14:36:03.857334+00:00"}
{"message": "127.0.0.1:58786 - \"GET /assets/chevron-down-DJLF3NWr.js HTTP/1.1\" 200", "severity": "INFO", "module": "h11_impl", "funcName": "send", "lineno": 481, "ts": "2026-09-10T14:36:03.858750+00:00"}
{"message": "127.0.0.1:58788 - \"GET /assets/x-BsgLjmSr.js HTTP/1.1\" 200", "severity": "INFO", "module": "h11_impl", "funcName": "send", "lineno": 481, "ts": "2026-09-10T14:36:03.859613+00:00"}
{"message": "127.0.0.1:58761 - \"GET /assets/u-puzzle-piece-DZAj73nM.js HTTP/1.1\" 200", "severity": "INFO", "module": "h11_impl", "funcName": "send", "lineno": 481, "ts": "2026-09-10T14:36:03.860740+00:00"}
{"message": "127.0.0.1:58765 - \"GET /assets/user-BZaYcIDI.js HTTP/1.1\" 200", "severity": "INFO", "module": "h11_impl", "funcName": "send", "lineno": 481, "ts": "2026-09-10T14:36:03.862155+00:00"}
{"message": "127.0.0.1:58754 - \"GET /assets/billing-visibility-D5M6Ccfy.js HTTP/1.1\" 200", "severity": "INFO", "module": "h11_impl", "funcName": "send", "lineno": 481, "ts": "2026-09-10T14:36:03.864643+00:00"}
{"message": "127.0.0.1:58770 - \"GET /assets/use-permissions-Cw6_6mp8.js HTTP/1.1\" 200", "severity": "INFO", "module": "h11_impl", "funcName": "send", "lineno": 481, "ts": "2026-09-10T14:36:03.865921+00:00"}
{"message": "127.0.0.1:58788 - \"GET /assets/index-OXd_jqD1.js HTTP/1.1\" 200", "severity": "INFO", "module": "h11_impl", "funcName": "send", "lineno": 481, "ts": "2026-09-10T14:36:03.867986+00:00"}
{"message": "127.0.0.1:58761 - \"GET /assets/input-validation-hr7xwKOy.js HTTP/1.1\" 200", "severity": "INFO", "module": "h11_impl", "funcName": "send", "lineno": 481, "ts": "2026-09-10T14:36:03.868640+00:00"}
{"message": "127.0.0.1:58786 - \"GET /assets/Trans-B9E-JHZU.js HTTP/1.1\" 200", "severity": "INFO", "module": "h11_impl", "funcName": "send", "lineno": 481, "ts": "2026-09-10T14:36:03.868761+00:00"}
{"message": "127.0.0.1:58765 - \"GET /assets/chunk-RXKUWVQZ-D1OtVlZP.js HTTP/1.1\" 200", "severity": "INFO", "module": "h11_impl", "funcName": "send", "lineno": 481, "ts": "2026-09-10T14:36:03.870839+00:00"}
{"message": "127.0.0.1:58754 - \"GET /assets/optional-tag-CEdAG4AY.js HTTP/1.1\" 200", "severity": "INFO", "module": "h11_impl", "funcName": "send", "lineno": 481, "ts": "2026-09-10T14:36:03.873054+00:00"}
{"message": "127.0.0.1:58770 - \"GET /assets/openhands-logo-white-cxeMkDJA.js HTTP/1.1\" 200", "severity": "INFO", "module": "h11_impl", "funcName": "send", "lineno": 481, "ts": "2026-09-10T14:36:03.874238+00:00"}
{"message": "127.0.0.1:58761 - \"GET /assets/sandbox-service.api--HJWqUv9.js HTTP/1.1\" 200", "severity": "INFO", "module": "h11_impl", "funcName": "send", "lineno": 481, "ts": "2026-09-10T14:36:03.875858+00:00"}
{"message": "127.0.0.1:58786 - \"GET /assets/conversation-D7ToVldC.js HTTP/1.1\" 200", "severity": "INFO", "module": "h11_impl", "funcName": "send", "lineno": 481, "ts": "2026-09-10T14:36:03.879623+00:00"}
{"message": "127.0.0.1:58754 - \"GET /assets/messages-C7XHRDT-.js HTTP/1.1\" 200", "severity": "INFO", "module": "h11_impl", "funcName": "send", "lineno": 481, "ts": "2026-09-10T14:36:03.882280+00:00"}
{"message": "127.0.0.1:58765 - \"GET /assets/checkmark-IcLh33Cd.js HTTP/1.1\" 200", "severity": "INFO", "module": "h11_impl", "funcName": "send", "lineno": 481, "ts": "2026-09-10T14:36:03.882528+00:00"}
{"message": "127.0.0.1:58770 - \"GET /assets/optimistic-user-message-store-Cxxipzgc.js HTTP/1.1\" 200", "severity": "INFO", "module": "h11_impl", "funcName": "send", "lineno": 481, "ts": "2026-09-10T14:36:03.883213+00:00"}
{"message": "127.0.0.1:58788 - \"GET /assets/chevron-right-CFctWU65.js HTTP/1.1\" 200", "severity": "INFO", "module": "h11_impl", "funcName": "send", "lineno": 481, "ts": "2026-09-10T14:36:03.884138+00:00"}
{"message": "127.0.0.1:58761 - \"GET /assets/u-warning-BQLPbZ6H.js HTTP/1.1\" 200", "severity": "INFO", "module": "h11_impl", "funcName": "send", "lineno": 481, "ts": "2026-09-10T14:36:03.885489+00:00"}
{"message": "127.0.0.1:58788 - \"GET /assets/loader-circle-CCC9sr7h.js HTTP/1.1\" 200", "severity": "INFO", "module": "h11_impl", "funcName": "send", "lineno": 481, "ts": "2026-09-10T14:36:03.891553+00:00"}
{"message": "127.0.0.1:58765 - \"GET /assets/use-debounce-Ws-HtAm7.js HTTP/1.1\" 200", "severity": "INFO", "module": "h11_impl", "funcName": "send", "lineno": 481, "ts": "2026-09-10T14:36:03.891907+00:00"}
{"message": "127.0.0.1:58770 - \"GET /assets/git-repo-dropdown-g69fC8tx.js HTTP/1.1\" 200", "severity": "INFO", "module": "h11_impl", "funcName": "send", "lineno": 481, "ts": "2026-09-10T14:36:03.892497+00:00"}
{"message": "127.0.0.1:58761 - \"GET /assets/settings-yZvhRmJJ.js HTTP/1.1\" 200", "severity": "INFO", "module": "h11_impl", "funcName": "send", "lineno": 481, "ts": "2026-09-10T14:36:03.893740+00:00"}
{"message": "127.0.0.1:58770 - \"GET /assets/three-dots-vertical-K21LTmC1.js HTTP/1.1\" 200", "severity": "INFO", "module": "h11_impl", "funcName": "send", "lineno": 481, "ts": "2026-09-10T14:36:03.901112+00:00"}
{"message": "127.0.0.1:58765 - \"GET /assets/use-create-conversation-Cq1eb-NT.js HTTP/1.1\" 200", "severity": "INFO", "module": "h11_impl", "funcName": "send", "lineno": 481, "ts": "2026-09-10T14:36:03.901276+00:00"}
{"message": "127.0.0.1:58788 - \"GET /assets/gestures-JaRNb3Lx.js HTTP/1.1\" 200", "severity": "INFO", "module": "h11_impl", "funcName": "send", "lineno": 481, "ts": "2026-09-10T14:36:03.901874+00:00"}
{"message": "127.0.0.1:58761 - \"GET /assets/debug-stackframe-dot-Du04LfGz.js HTTP/1.1\" 200", "severity": "INFO", "module": "h11_impl", "funcName": "send", "lineno": 481, "ts": "2026-09-10T14:36:03.902925+00:00"}
{"message": "127.0.0.1:58788 - \"GET /api/auth/capabilities HTTP/1.1\" 200", "severity": "INFO", "module": "h11_impl", "funcName": "send", "lineno": 481, "ts": "2026-09-10T14:36:03.997829+00:00"}
{"message": "127.0.0.1:58770 - \"POST /api/authenticate HTTP/1.1\" 200", "severity": "INFO", "module": "h11_impl", "funcName": "send", "lineno": 481, "ts": "2026-09-10T14:36:04.024773+00:00"}
{"message": "127.0.0.1:58770 - \"GET /assets/changes-tab-B63vQB3d.js HTTP/1.1\" 200", "severity": "INFO", "module": "h11_impl", "funcName": "send", "lineno": 481, "ts": "2026-09-10T14:36:04.058529+00:00"}
{"message": "127.0.0.1:58754 - \"GET /assets/index-DWt18b-i.js HTTP/1.1\" 200", "severity": "INFO", "module": "h11_impl", "funcName": "send", "lineno": 481, "ts": "2026-09-10T14:36:04.060050+00:00"}
{"message": "127.0.0.1:58788 - \"GET /assets/changes-tab-Dvl_Svmm.css HTTP/1.1\" 200", "severity": "INFO", "module": "h11_impl", "funcName": "send", "lineno": 481, "ts": "2026-09-10T14:36:04.060469+00:00"}
{"message": "127.0.0.1:58761 - \"GET /api/v1/app-conversations?ids=fe4ac3a00ce444b38b5c3d8a66067e01 HTTP/1.1\" 200", "severity": "INFO", "module": "h11_impl", "funcName": "send", "lineno": 481, "ts": "2026-09-10T14:36:04.069419+00:00"}
{"message": "127.0.0.1:58788 - \"GET /assets/notification-Cyeyy5ud.mp3 HTTP/1.1\" 206", "severity": "INFO", "module": "h11_impl", "funcName": "send", "lineno": 481, "ts": "2026-09-10T14:36:04.079719+00:00"}
{"message": "Listing organizations for user", "severity": "INFO", "module": "orgs", "funcName": "list_user_orgs", "lineno": 161, "user_id": "0dfec177-08aa-4cac-8292-e33dc9fd377e", "page_id": null, "limit": 100, "ts": "2026-09-10T14:36:04.137180+00:00"}
{"message": "Successfully retrieved organizations", "severity": "INFO", "module": "orgs", "funcName": "list_user_orgs", "lineno": 189, "user_id": "0dfec177-08aa-4cac-8292-e33dc9fd377e", "org_count": 1, "has_more": false, "ts": "2026-09-10T14:36:04.164114+00:00"}
{"message": "127.0.0.1:58765 - \"GET /api/organizations HTTP/1.1\" 200", "severity": "INFO", "module": "h11_impl", "funcName": "send", "lineno": 481, "ts": "2026-09-10T14:36:04.166434+00:00"}
{"message": "127.0.0.1:58754 - \"GET /api/onboarding_status HTTP/1.1\" 200", "severity": "INFO", "module": "h11_impl", "funcName": "send", "lineno": 481, "ts": "2026-09-10T14:36:04.167265+00:00"}
{"message": "127.0.0.1:58786 - \"GET /api/v1/settings/profiles HTTP/1.1\" 200", "severity": "INFO", "module": "h11_impl", "funcName": "send", "lineno": 481, "ts": "2026-09-10T14:36:04.167639+00:00"}
{"message": "Loading skills for conversation fe4ac3a0-0ce4-44b3-8b5c-3d8a66067e01", "severity": "INFO", "module": "app_conversation_router", "funcName": "get_conversation_skills", "lineno": 1799, "ts": "2026-09-10T14:36:04.197085+00:00"}
{"message": "Loaded 75 skills from agent-server: sources={'sandbox': 0, 'registered_marketplaces': 0, 'sdk_base': 75, 'org': 0, 'project': 0}, names=['add-javadoc', 'add-skill', 'agent-canvas-environment', 'agent-creator', 'agent-memory', 'agent-sdk-builder', 'azure-devops', 'bitbucket', 'bitbucket-cloud', 'bitbucket-data-center', 'code-review', 'code-simplifier', 'datadog', 'deno', 'discord', 'docker', 'evidence-based-citations', 'flarglebargle', 'frontend-design', 'github', 'github-actions', 'github-agents-md-maintainer', 'github-issue-to-pr', 'github-pr-review', 'github-pr-reviewer', 'github-repo-monitor', 'gitlab', 'incident-retrospective', 'iterate', 'jira-issue-to-pr', 'jupyter', 'kubernetes', 'learn-from-code-review', 'linear', 'linear-triage', 'news-digest', 'notion', 'npm', 'openhands-api', 'openhands-automation', 'openhands-sdk', 'pdflatex', 'plain-english-content', 'prd', 'qa-changes', 'release-notes', 'research-brief', 'security', 'skill-creator', 'slack-channel-monitor', 'slack-standup-digest', 'spark-version-upgrade', 'ssh', 'swift-linux', 'technical-writing', 'theme-factory', 'ticket-to-code-change', 'upstream-fork-sync', 'uv', 'vercel', 'argocd-diff', 'codereview-roasted', 'delegate', 'docs-writing', 'find-docs', 'gh-stack', 'helm-chart-review', 'laminar-quickstart-trace', 'playwright-cli', 'pull-request', 'quint-pr-analysis', 'replicated-clean-install', 'replicated-cluster', 'replicated-debug', 'replicated-test']", "severity": "INFO", "module": "skill_loader", "funcName": "load_skills_from_agent_server", "lineno": 708, "ts": "2026-09-10T14:36:04.906362+00:00"}
{"message": "Loaded 75 total skills from agent-server: ['add-javadoc', 'add-skill', 'agent-canvas-environment', 'agent-creator', 'agent-memory', 'agent-sdk-builder', 'azure-devops', 'bitbucket', 'bitbucket-cloud', 'bitbucket-data-center', 'code-review', 'code-simplifier', 'datadog', 'deno', 'discord', 'docker', 'evidence-based-citations', 'flarglebargle', 'frontend-design', 'github', 'github-actions', 'github-agents-md-maintainer', 'github-issue-to-pr', 'github-pr-review', 'github-pr-reviewer', 'github-repo-monitor', 'gitlab', 'incident-retrospective', 'iterate', 'jira-issue-to-pr', 'jupyter', 'kubernetes', 'learn-from-code-review', 'linear', 'linear-triage', 'news-digest', 'notion', 'npm', 'openhands-api', 'openhands-automation', 'openhands-sdk', 'pdflatex', 'plain-english-content', 'prd', 'qa-changes', 'release-notes', 'research-brief', 'security', 'skill-creator', 'slack-channel-monitor', 'slack-standup-digest', 'spark-version-upgrade', 'ssh', 'swift-linux', 'technical-writing', 'theme-factory', 'ticket-to-code-change', 'upstream-fork-sync', 'uv', 'vercel', 'argocd-diff', 'codereview-roasted', 'delegate', 'docs-writing', 'find-docs', 'gh-stack', 'helm-chart-review', 'laminar-quickstart-trace', 'playwright-cli', 'pull-request', 'quint-pr-analysis', 'replicated-clean-install', 'replicated-cluster', 'replicated-debug', 'replicated-test']", "severity": "INFO", "module": "app_conversation_service_base", "funcName": "load_and_merge_all_skills", "lineno": 176, "ts": "2026-09-10T14:36:04.906461+00:00"}
{"message": "Loaded 75 skills for conversation fe4ac3a0-0ce4-44b3-8b5c-3d8a66067e01: ['add-javadoc', 'add-skill', 'agent-canvas-environment', 'agent-creator', 'agent-memory', 'agent-sdk-builder', 'azure-devops', 'bitbucket', 'bitbucket-cloud', 'bitbucket-data-center', 'code-review', 'code-simplifier', 'datadog', 'deno', 'discord', 'docker', 'evidence-based-citations', 'flarglebargle', 'frontend-design', 'github', 'github-actions', 'github-agents-md-maintainer', 'github-issue-to-pr', 'github-pr-review', 'github-pr-reviewer', 'github-repo-monitor', 'gitlab', 'incident-retrospective', 'iterate', 'jira-issue-to-pr', 'jupyter', 'kubernetes', 'learn-from-code-review', 'linear', 'linear-triage', 'news-digest', 'notion', 'npm', 'openhands-api', 'openhands-automation', 'openhands-sdk', 'pdflatex', 'plain-english-content', 'prd', 'qa-changes', 'release-notes', 'research-brief', 'security', 'skill-creator', 'slack-channel-monitor', 'slack-standup-digest', 'spark-version-upgrade', 'ssh', 'swift-linux', 'technical-writing', 'theme-factory', 'ticket-to-code-change', 'upstream-fork-sync', 'uv', 'vercel', 'argocd-diff', 'codereview-roasted', 'delegate', 'docs-writing', 'find-docs', 'gh-stack', 'helm-chart-review', 'laminar-quickstart-trace', 'playwright-cli', 'pull-request', 'quint-pr-analysis', 'replicated-clean-install', 'replicated-cluster', 'replicated-debug', 'replicated-test']", "severity": "INFO", "module": "app_conversation_router", "funcName": "get_conversation_skills", "lineno": 1821, "ts": "2026-09-10T14:36:04.906494+00:00"}
{"message": "127.0.0.1:58761 - \"GET /api/v1/app-conversations/fe4ac3a00ce444b38b5c3d8a66067e01/skills HTTP/1.1\" 200", "severity": "INFO", "module": "h11_impl", "funcName": "send", "lineno": 481, "ts": "2026-09-10T14:36:04.909524+00:00"}
{"message": "127.0.0.1:58788 - \"GET /api/v1/conversation/fe4ac3a00ce444b38b5c3d8a66067e01/events/search?limit=100 HTTP/1.1\" 200", "severity": "INFO", "module": "h11_impl", "funcName": "send", "lineno": 481, "ts": "2026-09-10T14:36:05.158365+00:00"}
{"message": "Retrieving current member details", "severity": "INFO", "module": "orgs", "funcName": "get_me", "lineno": 661, "user_id": "0dfec177-08aa-4cac-8292-e33dc9fd377e", "org_id": "0dfec177-08aa-4cac-8292-e33dc9fd377e", "ts": "2026-09-10T14:36:05.199350+00:00"}
{"message": "127.0.0.1:58786 - \"GET /api/organizations/0dfec177-08aa-4cac-8292-e33dc9fd377e/me HTTP/1.1\" 200", "severity": "INFO", "module": "h11_impl", "funcName": "send", "lineno": 481, "ts": "2026-09-10T14:36:05.207696+00:00"}
{"message": "127.0.0.1:58754 - \"GET /api/v1/settings HTTP/1.1\" 200", "severity": "INFO", "module": "h11_impl", "funcName": "send", "lineno": 481, "ts": "2026-09-10T14:36:05.222441+00:00"}
{"message": "127.0.0.1:58754 - \"GET /api/v1/users/git-info HTTP/1.1\" 200", "severity": "INFO", "module": "h11_impl", "funcName": "send", "lineno": 481, "ts": "2026-09-10T14:36:05.248173+00:00"}
{"message": "127.0.0.1:59201 - \"GET /api/v1/app-conversations?ids=fe4ac3a00ce444b38b5c3d8a66067e01 HTTP/1.1\" 200", "severity": "INFO", "module": "h11_impl", "funcName": "send", "lineno": 481, "ts": "2026-09-10T14:36:34.139157+00:00"}
{"message": "127.0.0.1:59212 - \"GET /api/v1/app-conversations?ids=fe4ac3a00ce444b38b5c3d8a66067e01 HTTP/1.1\" 200", "severity": "INFO", "module": "h11_impl", "funcName": "send", "lineno": 481, "ts": "2026-09-10T14:37:04.206903+00:00"}
{"message": "127.0.0.1:59230 - \"GET /api/auth/csrf HTTP/1.1\" 200", "severity": "INFO", "module": "h11_impl", "funcName": "send", "lineno": 481, "ts": "2026-09-10T14:37:27.735066+00:00"}
{"message": "127.0.0.1:59230 - \"DELETE /api/v1/sandboxes/23xAA6eutY2GZgUy7Gnfrk HTTP/1.1\" 422", "severity": "INFO", "module": "h11_impl", "funcName": "send", "lineno": 481, "ts": "2026-09-10T14:37:27.762423+00:00"}
{"message": "127.0.0.1:59235 - \"GET /api/v1/app-conversations?ids=fe4ac3a00ce444b38b5c3d8a66067e01 HTTP/1.1\" 200", "severity": "INFO", "module": "h11_impl", "funcName": "send", "lineno": 481, "ts": "2026-09-10T14:37:34.252230+00:00"}
{"message": "Shutting down", "severity": "INFO", "module": "server", "funcName": "shutdown", "lineno": 272, "ts": "2026-09-10T14:37:47.296010+00:00"}
{"message": "Waiting for application shutdown.", "severity": "INFO", "module": "on", "funcName": "shutdown", "lineno": 67, "ts": "2026-09-10T14:37:47.398222+00:00"}
{"message": "Pool disposed. Pool size: 25  Connections in pool: 0 Current Overflow: -25 Current Checked out connections: 0", "severity": "INFO", "module": "impl", "funcName": "dispose", "lineno": 228, "ts": "2026-09-10T14:37:47.770111+00:00"}
{"message": "Pool recreating", "severity": "INFO", "module": "impl", "funcName": "recreate", "lineno": 203, "ts": "2026-09-10T14:37:47.770216+00:00"}
{"message": "StreamableHTTP session manager shutting down", "severity": "INFO", "module": "streamable_http_manager", "funcName": "run", "lineno": 132, "ts": "2026-09-10T14:37:47.770439+00:00"}
{"message": "Application shutdown complete.", "severity": "INFO", "module": "on", "funcName": "shutdown", "lineno": 76, "ts": "2026-09-10T14:37:47.771035+00:00"}
{"message": "Finished server process [30012]", "severity": "INFO", "module": "server", "funcName": "_serve", "lineno": 102, "color_message": "Finished server process [\u001b[36m%d\u001b[0m]", "ts": "2026-09-10T14:37:47.771092+00:00"}
