+----------------------------------------------------------------------+
|  OpenHands SDK v1.45.0                                               |
|                                                                      |
|  Report a bug: github.com/OpenHands/software-agent-sdk/issues        |
|  Get help: openhands.dev/joinslack                                   |
|  Scale up: openhands.dev/product/sdk                                 |
|                                                                      |
|  Set OPENHANDS_SUPPRESS_BANNER=1 to hide this message                |
+----------------------------------------------------------------------+

[92m10:37:49 - openhands:INFO[0m: server_config.py:50 - Using config class server.config.SaaSServerConfig
{"message": "Tavily API key not configured, skipping Tavily MCP proxy", "severity": "INFO", "module": "mcp_router", "funcName": "init_tavily_proxy", "lineno": 59, "ts": "2026-09-10T14:37:50.220713+00:00"}
Can't instantiate abstract class UserAuthorizerInjector without an implementation for abstract method 'inject'
{"message": "Using default UserAuthorizer", "severity": "INFO", "module": "user_authorizer", "funcName": "depends_user_authorizer", "lineno": 43, "ts": "2026-09-10T14:37:50.321524+00:00"}
{"message": "Started server process [41535]", "severity": "INFO", "module": "server", "funcName": "_serve", "lineno": 92, "color_message": "Started server process [\u001b[36m%d\u001b[0m]", "ts": "2026-09-10T14:37:50.918956+00:00"}
{"message": "Waiting for application startup.", "severity": "INFO", "module": "on", "funcName": "startup", "lineno": 48, "ts": "2026-09-10T14:37:50.919037+00:00"}
{"message": "StreamableHTTP session manager started", "severity": "INFO", "module": "streamable_http_manager", "funcName": "run", "lineno": 128, "ts": "2026-09-10T14:37:50.921227+00:00"}
{"message": "ApiKey.org setup primary join org.id = api_keys.org_id", "severity": "INFO", "module": "relationships", "funcName": "_log_joins", "lineno": 2339, "ts": "2026-09-10T14:37:50.933321+00:00"}
{"message": "ApiKey.org setup secondary join None", "severity": "INFO", "module": "relationships", "funcName": "_log_joins", "lineno": 2340, "ts": "2026-09-10T14:37:50.933590+00:00"}
{"message": "ApiKey.org synchronize pairs [(org.id => api_keys.org_id)]", "severity": "INFO", "module": "relationships", "funcName": "_log_joins", "lineno": 2341, "ts": "2026-09-10T14:37:50.933625+00:00"}
{"message": "ApiKey.org secondary synchronize pairs []", "severity": "INFO", "module": "relationships", "funcName": "_log_joins", "lineno": 2348, "ts": "2026-09-10T14:37:50.933645+00:00"}
{"message": "ApiKey.org local/remote pairs [(api_keys.org_id / org.id)]", "severity": "INFO", "module": "relationships", "funcName": "_log_joins", "lineno": 2356, "ts": "2026-09-10T14:37:50.933660+00:00"}
{"message": "ApiKey.org remote columns [org.id]", "severity": "INFO", "module": "relationships", "funcName": "_log_joins", "lineno": 2363, "ts": "2026-09-10T14:37:50.933684+00:00"}
{"message": "ApiKey.org local columns [api_keys.org_id]", "severity": "INFO", "module": "relationships", "funcName": "_log_joins", "lineno": 2368, "ts": "2026-09-10T14:37:50.933702+00:00"}
{"message": "ApiKey.org relationship direction RelationshipDirection.MANYTOONE", "severity": "INFO", "module": "relationships", "funcName": "_log_joins", "lineno": 2373, "ts": "2026-09-10T14:37:50.933745+00:00"}
{"message": "ApiKey.org lazy loading clause org.id = :param_1", "severity": "INFO", "module": "strategies", "funcName": "__init__", "lineno": 738, "ts": "2026-09-10T14:37:50.933849+00:00"}
{"message": "ApiKey.org will use Session.get() to optimize instance loads", "severity": "INFO", "module": "strategies", "funcName": "__init__", "lineno": 764, "ts": "2026-09-10T14:37:50.933967+00:00"}
{"message": "BillingSession.org setup primary join org.id = billing_sessions.org_id", "severity": "INFO", "module": "relationships", "funcName": "_log_joins", "lineno": 2339, "ts": "2026-09-10T14:37:50.934769+00:00"}
{"message": "BillingSession.org setup secondary join None", "severity": "INFO", "module": "relationships", "funcName": "_log_joins", "lineno": 2340, "ts": "2026-09-10T14:37:50.934817+00:00"}
{"message": "BillingSession.org synchronize pairs [(org.id => billing_sessions.org_id)]", "severity": "INFO", "module": "relationships", "funcName": "_log_joins", "lineno": 2341, "ts": "2026-09-10T14:37:50.934841+00:00"}
{"message": "BillingSession.org secondary synchronize pairs []", "severity": "INFO", "module": "relationships", "funcName": "_log_joins", "lineno": 2348, "ts": "2026-09-10T14:37:50.934855+00:00"}
{"message": "BillingSession.org local/remote pairs [(billing_sessions.org_id / org.id)]", "severity": "INFO", "module": "relationships", "funcName": "_log_joins", "lineno": 2356, "ts": "2026-09-10T14:37:50.934868+00:00"}
{"message": "BillingSession.org remote columns [org.id]", "severity": "INFO", "module": "relationships", "funcName": "_log_joins", "lineno": 2363, "ts": "2026-09-10T14:37:50.934885+00:00"}
{"message": "BillingSession.org local columns [billing_sessions.org_id]", "severity": "INFO", "module": "relationships", "funcName": "_log_joins", "lineno": 2368, "ts": "2026-09-10T14:37:50.934901+00:00"}
{"message": "BillingSession.org relationship direction RelationshipDirection.MANYTOONE", "severity": "INFO", "module": "relationships", "funcName": "_log_joins", "lineno": 2373, "ts": "2026-09-10T14:37:50.934913+00:00"}
{"message": "BillingSession.org lazy loading clause org.id = :param_1", "severity": "INFO", "module": "strategies", "funcName": "__init__", "lineno": 738, "ts": "2026-09-10T14:37:50.934971+00:00"}
{"message": "BillingSession.org will use Session.get() to optimize instance loads", "severity": "INFO", "module": "strategies", "funcName": "__init__", "lineno": 764, "ts": "2026-09-10T14:37:50.935034+00:00"}
{"message": "Org.org_members setup primary join org.id = org_member.org_id", "severity": "INFO", "module": "relationships", "funcName": "_log_joins", "lineno": 2339, "ts": "2026-09-10T14:37:50.937187+00:00"}
{"message": "Org.org_members setup secondary join None", "severity": "INFO", "module": "relationships", "funcName": "_log_joins", "lineno": 2340, "ts": "2026-09-10T14:37:50.937225+00:00"}
{"message": "Org.org_members synchronize pairs [(org.id => org_member.org_id)]", "severity": "INFO", "module": "relationships", "funcName": "_log_joins", "lineno": 2341, "ts": "2026-09-10T14:37:50.937240+00:00"}
{"message": "Org.org_members secondary synchronize pairs []", "severity": "INFO", "module": "relationships", "funcName": "_log_joins", "lineno": 2348, "ts": "2026-09-10T14:37:50.937250+00:00"}
{"message": "Org.org_members local/remote pairs [(org.id / org_member.org_id)]", "severity": "INFO", "module": "relationships", "funcName": "_log_joins", "lineno": 2356, "ts": "2026-09-10T14:37:50.937260+00:00"}
{"message": "Org.org_members remote columns [org_member.org_id]", "severity": "INFO", "module": "relationships", "funcName": "_log_joins", "lineno": 2363, "ts": "2026-09-10T14:37:50.937274+00:00"}
{"message": "Org.org_members local columns [org.id]", "severity": "INFO", "module": "relationships", "funcName": "_log_joins", "lineno": 2368, "ts": "2026-09-10T14:37:50.937287+00:00"}
{"message": "Org.org_members relationship direction RelationshipDirection.ONETOMANY", "severity": "INFO", "module": "relationships", "funcName": "_log_joins", "lineno": 2373, "ts": "2026-09-10T14:37:50.937296+00:00"}
{"message": "Org.org_members lazy loading clause :param_1 = org_member.org_id", "severity": "INFO", "module": "strategies", "funcName": "__init__", "lineno": 738, "ts": "2026-09-10T14:37:50.937341+00:00"}
{"message": "Org.current_users setup primary join org.id = \"user\".current_org_id", "severity": "INFO", "module": "relationships", "funcName": "_log_joins", "lineno": 2339, "ts": "2026-09-10T14:37:50.937536+00:00"}
{"message": "Org.current_users setup secondary join None", "severity": "INFO", "module": "relationships", "funcName": "_log_joins", "lineno": 2340, "ts": "2026-09-10T14:37:50.937571+00:00"}
{"message": "Org.current_users synchronize pairs [(org.id => user.current_org_id)]", "severity": "INFO", "module": "relationships", "funcName": "_log_joins", "lineno": 2341, "ts": "2026-09-10T14:37:50.937584+00:00"}
{"message": "Org.current_users secondary synchronize pairs []", "severity": "INFO", "module": "relationships", "funcName": "_log_joins", "lineno": 2348, "ts": "2026-09-10T14:37:50.937598+00:00"}
{"message": "Org.current_users local/remote pairs [(org.id / user.current_org_id)]", "severity": "INFO", "module": "relationships", "funcName": "_log_joins", "lineno": 2356, "ts": "2026-09-10T14:37:50.937608+00:00"}
{"message": "Org.current_users remote columns [user.current_org_id]", "severity": "INFO", "module": "relationships", "funcName": "_log_joins", "lineno": 2363, "ts": "2026-09-10T14:37:50.937622+00:00"}
{"message": "Org.current_users local columns [org.id]", "severity": "INFO", "module": "relationships", "funcName": "_log_joins", "lineno": 2368, "ts": "2026-09-10T14:37:50.937635+00:00"}
{"message": "Org.current_users relationship direction RelationshipDirection.ONETOMANY", "severity": "INFO", "module": "relationships", "funcName": "_log_joins", "lineno": 2373, "ts": "2026-09-10T14:37:50.937643+00:00"}
{"message": "Org.current_users lazy loading clause :param_1 = \"user\".current_org_id", "severity": "INFO", "module": "strategies", "funcName": "__init__", "lineno": 738, "ts": "2026-09-10T14:37:50.937683+00:00"}
{"message": "Org.invitations setup primary join org.id = org_invitation.org_id", "severity": "INFO", "module": "relationships", "funcName": "_log_joins", "lineno": 2339, "ts": "2026-09-10T14:37:50.937862+00:00"}
{"message": "Org.invitations setup secondary join None", "severity": "INFO", "module": "relationships", "funcName": "_log_joins", "lineno": 2340, "ts": "2026-09-10T14:37:50.937891+00:00"}
{"message": "Org.invitations synchronize pairs [(org.id => org_invitation.org_id)]", "severity": "INFO", "module": "relationships", "funcName": "_log_joins", "lineno": 2341, "ts": "2026-09-10T14:37:50.937904+00:00"}
{"message": "Org.invitations secondary synchronize pairs []", "severity": "INFO", "module": "relationships", "funcName": "_log_joins", "lineno": 2348, "ts": "2026-09-10T14:37:50.937914+00:00"}
{"message": "Org.invitations local/remote pairs [(org.id / org_invitation.org_id)]", "severity": "INFO", "module": "relationships", "funcName": "_log_joins", "lineno": 2356, "ts": "2026-09-10T14:37:50.937924+00:00"}
{"message": "Org.invitations remote columns [org_invitation.org_id]", "severity": "INFO", "module": "relationships", "funcName": "_log_joins", "lineno": 2363, "ts": "2026-09-10T14:37:50.937937+00:00"}
{"message": "Org.invitations local columns [org.id]", "severity": "INFO", "module": "relationships", "funcName": "_log_joins", "lineno": 2368, "ts": "2026-09-10T14:37:50.937951+00:00"}
{"message": "Org.invitations relationship direction RelationshipDirection.ONETOMANY", "severity": "INFO", "module": "relationships", "funcName": "_log_joins", "lineno": 2373, "ts": "2026-09-10T14:37:50.937960+00:00"}
{"message": "Org.invitations lazy loading clause :param_1 = org_invitation.org_id", "severity": "INFO", "module": "strategies", "funcName": "__init__", "lineno": 738, "ts": "2026-09-10T14:37:50.938001+00:00"}
{"message": "Org.billing_sessions setup primary join org.id = billing_sessions.org_id", "severity": "INFO", "module": "relationships", "funcName": "_log_joins", "lineno": 2339, "ts": "2026-09-10T14:37:50.938169+00:00"}
{"message": "Org.billing_sessions setup secondary join None", "severity": "INFO", "module": "relationships", "funcName": "_log_joins", "lineno": 2340, "ts": "2026-09-10T14:37:50.938198+00:00"}
{"message": "Org.billing_sessions synchronize pairs [(org.id => billing_sessions.org_id)]", "severity": "INFO", "module": "relationships", "funcName": "_log_joins", "lineno": 2341, "ts": "2026-09-10T14:37:50.938211+00:00"}
{"message": "Org.billing_sessions secondary synchronize pairs []", "severity": "INFO", "module": "relationships", "funcName": "_log_joins", "lineno": 2348, "ts": "2026-09-10T14:37:50.938221+00:00"}
{"message": "Org.billing_sessions local/remote pairs [(org.id / billing_sessions.org_id)]", "severity": "INFO", "module": "relationships", "funcName": "_log_joins", "lineno": 2356, "ts": "2026-09-10T14:37:50.938231+00:00"}
{"message": "Org.billing_sessions remote columns [billing_sessions.org_id]", "severity": "INFO", "module": "relationships", "funcName": "_log_joins", "lineno": 2363, "ts": "2026-09-10T14:37:50.938247+00:00"}
{"message": "Org.billing_sessions local columns [org.id]", "severity": "INFO", "module": "relationships", "funcName": "_log_joins", "lineno": 2368, "ts": "2026-09-10T14:37:50.938259+00:00"}
{"message": "Org.billing_sessions relationship direction RelationshipDirection.ONETOMANY", "severity": "INFO", "module": "relationships", "funcName": "_log_joins", "lineno": 2373, "ts": "2026-09-10T14:37:50.938267+00:00"}
{"message": "Org.billing_sessions lazy loading clause :param_1 = billing_sessions.org_id", "severity": "INFO", "module": "strategies", "funcName": "__init__", "lineno": 738, "ts": "2026-09-10T14:37:50.938315+00:00"}
{"message": "Org.stored_conversation_metadata_saas setup primary join org.id = conversation_metadata_saas.org_id", "severity": "INFO", "module": "relationships", "funcName": "_log_joins", "lineno": 2339, "ts": "2026-09-10T14:37:50.938484+00:00"}
{"message": "Org.stored_conversation_metadata_saas setup secondary join None", "severity": "INFO", "module": "relationships", "funcName": "_log_joins", "lineno": 2340, "ts": "2026-09-10T14:37:50.938512+00:00"}
{"message": "Org.stored_conversation_metadata_saas synchronize pairs [(org.id => conversation_metadata_saas.org_id)]", "severity": "INFO", "module": "relationships", "funcName": "_log_joins", "lineno": 2341, "ts": "2026-09-10T14:37:50.938524+00:00"}
{"message": "Org.stored_conversation_metadata_saas secondary synchronize pairs []", "severity": "INFO", "module": "relationships", "funcName": "_log_joins", "lineno": 2348, "ts": "2026-09-10T14:37:50.938534+00:00"}
{"message": "Org.stored_conversation_metadata_saas local/remote pairs [(org.id / conversation_metadata_saas.org_id)]", "severity": "INFO", "module": "relationships", "funcName": "_log_joins", "lineno": 2356, "ts": "2026-09-10T14:37:50.938543+00:00"}
{"message": "Org.stored_conversation_metadata_saas remote columns [conversation_metadata_saas.org_id]", "severity": "INFO", "module": "relationships", "funcName": "_log_joins", "lineno": 2363, "ts": "2026-09-10T14:37:50.938556+00:00"}
{"message": "Org.stored_conversation_metadata_saas local columns [org.id]", "severity": "INFO", "module": "relationships", "funcName": "_log_joins", "lineno": 2368, "ts": "2026-09-10T14:37:50.938567+00:00"}
{"message": "Org.stored_conversation_metadata_saas relationship direction RelationshipDirection.ONETOMANY", "severity": "INFO", "module": "relationships", "funcName": "_log_joins", "lineno": 2373, "ts": "2026-09-10T14:37:50.938575+00:00"}
{"message": "Org.stored_conversation_metadata_saas lazy loading clause :param_1 = conversation_metadata_saas.org_id", "severity": "INFO", "module": "strategies", "funcName": "__init__", "lineno": 738, "ts": "2026-09-10T14:37:50.938610+00:00"}
{"message": "Org.user_secrets setup primary join org.id = custom_secrets.org_id", "severity": "INFO", "module": "relationships", "funcName": "_log_joins", "lineno": 2339, "ts": "2026-09-10T14:37:50.938771+00:00"}
{"message": "Org.user_secrets setup secondary join None", "severity": "INFO", "module": "relationships", "funcName": "_log_joins", "lineno": 2340, "ts": "2026-09-10T14:37:50.938798+00:00"}
{"message": "Org.user_secrets synchronize pairs [(org.id => custom_secrets.org_id)]", "severity": "INFO", "module": "relationships", "funcName": "_log_joins", "lineno": 2341, "ts": "2026-09-10T14:37:50.938810+00:00"}
{"message": "Org.user_secrets secondary synchronize pairs []", "severity": "INFO", "module": "relationships", "funcName": "_log_joins", "lineno": 2348, "ts": "2026-09-10T14:37:50.938819+00:00"}
{"message": "Org.user_secrets local/remote pairs [(org.id / custom_secrets.org_id)]", "severity": "INFO", "module": "relationships", "funcName": "_log_joins", "lineno": 2356, "ts": "2026-09-10T14:37:50.938829+00:00"}
{"message": "Org.user_secrets remote columns [custom_secrets.org_id]", "severity": "INFO", "module": "relationships", "funcName": "_log_joins", "lineno": 2363, "ts": "2026-09-10T14:37:50.938846+00:00"}
{"message": "Org.user_secrets local columns [org.id]", "severity": "INFO", "module": "relationships", "funcName": "_log_joins", "lineno": 2368, "ts": "2026-09-10T14:37:50.938857+00:00"}
{"message": "Org.user_secrets relationship direction RelationshipDirection.ONETOMANY", "severity": "INFO", "module": "relationships", "funcName": "_log_joins", "lineno": 2373, "ts": "2026-09-10T14:37:50.938865+00:00"}
{"message": "Org.user_secrets lazy loading clause :param_1 = custom_secrets.org_id", "severity": "INFO", "module": "strategies", "funcName": "__init__", "lineno": 738, "ts": "2026-09-10T14:37:50.938898+00:00"}
{"message": "Org.api_keys setup primary join org.id = api_keys.org_id", "severity": "INFO", "module": "relationships", "funcName": "_log_joins", "lineno": 2339, "ts": "2026-09-10T14:37:50.939057+00:00"}
{"message": "Org.api_keys setup secondary join None", "severity": "INFO", "module": "relationships", "funcName": "_log_joins", "lineno": 2340, "ts": "2026-09-10T14:37:50.939083+00:00"}
{"message": "Org.api_keys synchronize pairs [(org.id => api_keys.org_id)]", "severity": "INFO", "module": "relationships", "funcName": "_log_joins", "lineno": 2341, "ts": "2026-09-10T14:37:50.939095+00:00"}
{"message": "Org.api_keys secondary synchronize pairs []", "severity": "INFO", "module": "relationships", "funcName": "_log_joins", "lineno": 2348, "ts": "2026-09-10T14:37:50.939104+00:00"}
{"message": "Org.api_keys local/remote pairs [(org.id / api_keys.org_id)]", "severity": "INFO", "module": "relationships", "funcName": "_log_joins", "lineno": 2356, "ts": "2026-09-10T14:37:50.939114+00:00"}
{"message": "Org.api_keys remote columns [api_keys.org_id]", "severity": "INFO", "module": "relationships", "funcName": "_log_joins", "lineno": 2363, "ts": "2026-09-10T14:37:50.939126+00:00"}
{"message": "Org.api_keys local columns [org.id]", "severity": "INFO", "module": "relationships", "funcName": "_log_joins", "lineno": 2368, "ts": "2026-09-10T14:37:50.939138+00:00"}
{"message": "Org.api_keys relationship direction RelationshipDirection.ONETOMANY", "severity": "INFO", "module": "relationships", "funcName": "_log_joins", "lineno": 2373, "ts": "2026-09-10T14:37:50.939147+00:00"}
{"message": "Org.api_keys lazy loading clause :param_1 = api_keys.org_id", "severity": "INFO", "module": "strategies", "funcName": "__init__", "lineno": 738, "ts": "2026-09-10T14:37:50.939191+00:00"}
{"message": "Org.slack_conversations setup primary join org.id = slack_conversation.org_id", "severity": "INFO", "module": "relationships", "funcName": "_log_joins", "lineno": 2339, "ts": "2026-09-10T14:37:50.939352+00:00"}
{"message": "Org.slack_conversations setup secondary join None", "severity": "INFO", "module": "relationships", "funcName": "_log_joins", "lineno": 2340, "ts": "2026-09-10T14:37:50.939380+00:00"}
{"message": "Org.slack_conversations synchronize pairs [(org.id => slack_conversation.org_id)]", "severity": "INFO", "module": "relationships", "funcName": "_log_joins", "lineno": 2341, "ts": "2026-09-10T14:37:50.939392+00:00"}
{"message": "Org.slack_conversations secondary synchronize pairs []", "severity": "INFO", "module": "relationships", "funcName": "_log_joins", "lineno": 2348, "ts": "2026-09-10T14:37:50.939402+00:00"}
{"message": "Org.slack_conversations local/remote pairs [(org.id / slack_conversation.org_id)]", "severity": "INFO", "module": "relationships", "funcName": "_log_joins", "lineno": 2356, "ts": "2026-09-10T14:37:50.939412+00:00"}
{"message": "Org.slack_conversations remote columns [slack_conversation.org_id]", "severity": "INFO", "module": "relationships", "funcName": "_log_joins", "lineno": 2363, "ts": "2026-09-10T14:37:50.939425+00:00"}
{"message": "Org.slack_conversations local columns [org.id]", "severity": "INFO", "module": "relationships", "funcName": "_log_joins", "lineno": 2368, "ts": "2026-09-10T14:37:50.939437+00:00"}
{"message": "Org.slack_conversations relationship direction RelationshipDirection.ONETOMANY", "severity": "INFO", "module": "relationships", "funcName": "_log_joins", "lineno": 2373, "ts": "2026-09-10T14:37:50.939445+00:00"}
{"message": "Org.slack_conversations lazy loading clause :param_1 = slack_conversation.org_id", "severity": "INFO", "module": "strategies", "funcName": "__init__", "lineno": 738, "ts": "2026-09-10T14:37:50.939482+00:00"}
{"message": "Org.slack_users setup primary join org.id = slack_users.org_id", "severity": "INFO", "module": "relationships", "funcName": "_log_joins", "lineno": 2339, "ts": "2026-09-10T14:37:50.940887+00:00"}
{"message": "Org.slack_users setup secondary join None", "severity": "INFO", "module": "relationships", "funcName": "_log_joins", "lineno": 2340, "ts": "2026-09-10T14:37:50.940919+00:00"}
{"message": "Org.slack_users synchronize pairs [(org.id => slack_users.org_id)]", "severity": "INFO", "module": "relationships", "funcName": "_log_joins", "lineno": 2341, "ts": "2026-09-10T14:37:50.940932+00:00"}
{"message": "Org.slack_users secondary synchronize pairs []", "severity": "INFO", "module": "relationships", "funcName": "_log_joins", "lineno": 2348, "ts": "2026-09-10T14:37:50.940942+00:00"}
{"message": "Org.slack_users local/remote pairs [(org.id / slack_users.org_id)]", "severity": "INFO", "module": "relationships", "funcName": "_log_joins", "lineno": 2356, "ts": "2026-09-10T14:37:50.940950+00:00"}
{"message": "Org.slack_users remote columns [slack_users.org_id]", "severity": "INFO", "module": "relationships", "funcName": "_log_joins", "lineno": 2363, "ts": "2026-09-10T14:37:50.940963+00:00"}
{"message": "Org.slack_users local columns [org.id]", "severity": "INFO", "module": "relationships", "funcName": "_log_joins", "lineno": 2368, "ts": "2026-09-10T14:37:50.940974+00:00"}
{"message": "Org.slack_users relationship direction RelationshipDirection.ONETOMANY", "severity": "INFO", "module": "relationships", "funcName": "_log_joins", "lineno": 2373, "ts": "2026-09-10T14:37:50.940982+00:00"}
{"message": "Org.slack_users lazy loading clause :param_1 = slack_users.org_id", "severity": "INFO", "module": "strategies", "funcName": "__init__", "lineno": 738, "ts": "2026-09-10T14:37:50.941017+00:00"}
{"message": "Org.stripe_customers setup primary join org.id = stripe_customers.org_id", "severity": "INFO", "module": "relationships", "funcName": "_log_joins", "lineno": 2339, "ts": "2026-09-10T14:37:50.941183+00:00"}
{"message": "Org.stripe_customers setup secondary join None", "severity": "INFO", "module": "relationships", "funcName": "_log_joins", "lineno": 2340, "ts": "2026-09-10T14:37:50.941211+00:00"}
{"message": "Org.stripe_customers synchronize pairs [(org.id => stripe_customers.org_id)]", "severity": "INFO", "module": "relationships", "funcName": "_log_joins", "lineno": 2341, "ts": "2026-09-10T14:37:50.941223+00:00"}
{"message": "Org.stripe_customers secondary synchronize pairs []", "severity": "INFO", "module": "relationships", "funcName": "_log_joins", "lineno": 2348, "ts": "2026-09-10T14:37:50.941233+00:00"}
{"message": "Org.stripe_customers local/remote pairs [(org.id / stripe_customers.org_id)]", "severity": "INFO", "module": "relationships", "funcName": "_log_joins", "lineno": 2356, "ts": "2026-09-10T14:37:50.941242+00:00"}
{"message": "Org.stripe_customers remote columns [stripe_customers.org_id]", "severity": "INFO", "module": "relationships", "funcName": "_log_joins", "lineno": 2363, "ts": "2026-09-10T14:37:50.941254+00:00"}
{"message": "Org.stripe_customers local columns [org.id]", "severity": "INFO", "module": "relationships", "funcName": "_log_joins", "lineno": 2368, "ts": "2026-09-10T14:37:50.941266+00:00"}
{"message": "Org.stripe_customers relationship direction RelationshipDirection.ONETOMANY", "severity": "INFO", "module": "relationships", "funcName": "_log_joins", "lineno": 2373, "ts": "2026-09-10T14:37:50.941273+00:00"}
{"message": "Org.stripe_customers lazy loading clause :param_1 = stripe_customers.org_id", "severity": "INFO", "module": "strategies", "funcName": "__init__", "lineno": 738, "ts": "2026-09-10T14:37:50.941307+00:00"}
{"message": "Org.git_claims setup primary join org.id = org_git_claim.org_id", "severity": "INFO", "module": "relationships", "funcName": "_log_joins", "lineno": 2339, "ts": "2026-09-10T14:37:50.941469+00:00"}
{"message": "Org.git_claims setup secondary join None", "severity": "INFO", "module": "relationships", "funcName": "_log_joins", "lineno": 2340, "ts": "2026-09-10T14:37:50.941496+00:00"}
{"message": "Org.git_claims synchronize pairs [(org.id => org_git_claim.org_id)]", "severity": "INFO", "module": "relationships", "funcName": "_log_joins", "lineno": 2341, "ts": "2026-09-10T14:37:50.941508+00:00"}
{"message": "Org.git_claims secondary synchronize pairs []", "severity": "INFO", "module": "relationships", "funcName": "_log_joins", "lineno": 2348, "ts": "2026-09-10T14:37:50.941517+00:00"}
{"message": "Org.git_claims local/remote pairs [(org.id / org_git_claim.org_id)]", "severity": "INFO", "module": "relationships", "funcName": "_log_joins", "lineno": 2356, "ts": "2026-09-10T14:37:50.941527+00:00"}
{"message": "Org.git_claims remote columns [org_git_claim.org_id]", "severity": "INFO", "module": "relationships", "funcName": "_log_joins", "lineno": 2363, "ts": "2026-09-10T14:37:50.941539+00:00"}
{"message": "Org.git_claims local columns [org.id]", "severity": "INFO", "module": "relationships", "funcName": "_log_joins", "lineno": 2368, "ts": "2026-09-10T14:37:50.941550+00:00"}
{"message": "Org.git_claims relationship direction RelationshipDirection.ONETOMANY", "severity": "INFO", "module": "relationships", "funcName": "_log_joins", "lineno": 2373, "ts": "2026-09-10T14:37:50.941558+00:00"}
{"message": "Org.git_claims lazy loading clause :param_1 = org_git_claim.org_id", "severity": "INFO", "module": "strategies", "funcName": "__init__", "lineno": 738, "ts": "2026-09-10T14:37:50.941592+00:00"}
{"message": "OrgGitClaim.org setup primary join org.id = org_git_claim.org_id", "severity": "INFO", "module": "relationships", "funcName": "_log_joins", "lineno": 2339, "ts": "2026-09-10T14:37:50.942365+00:00"}
{"message": "OrgGitClaim.org setup secondary join None", "severity": "INFO", "module": "relationships", "funcName": "_log_joins", "lineno": 2340, "ts": "2026-09-10T14:37:50.942395+00:00"}
{"message": "OrgGitClaim.org synchronize pairs [(org.id => org_git_claim.org_id)]", "severity": "INFO", "module": "relationships", "funcName": "_log_joins", "lineno": 2341, "ts": "2026-09-10T14:37:50.942408+00:00"}
{"message": "OrgGitClaim.org secondary synchronize pairs []", "severity": "INFO", "module": "relationships", "funcName": "_log_joins", "lineno": 2348, "ts": "2026-09-10T14:37:50.942419+00:00"}
{"message": "OrgGitClaim.org local/remote pairs [(org_git_claim.org_id / org.id)]", "severity": "INFO", "module": "relationships", "funcName": "_log_joins", "lineno": 2356, "ts": "2026-09-10T14:37:50.942428+00:00"}
{"message": "OrgGitClaim.org remote columns [org.id]", "severity": "INFO", "module": "relationships", "funcName": "_log_joins", "lineno": 2363, "ts": "2026-09-10T14:37:50.942441+00:00"}
{"message": "OrgGitClaim.org local columns [org_git_claim.org_id]", "severity": "INFO", "module": "relationships", "funcName": "_log_joins", "lineno": 2368, "ts": "2026-09-10T14:37:50.942453+00:00"}
{"message": "OrgGitClaim.org relationship direction RelationshipDirection.MANYTOONE", "severity": "INFO", "module": "relationships", "funcName": "_log_joins", "lineno": 2373, "ts": "2026-09-10T14:37:50.942461+00:00"}
{"message": "OrgGitClaim.org lazy loading clause org.id = :param_1", "severity": "INFO", "module": "strategies", "funcName": "__init__", "lineno": 738, "ts": "2026-09-10T14:37:50.942509+00:00"}
{"message": "OrgGitClaim.org will use Session.get() to optimize instance loads", "severity": "INFO", "module": "strategies", "funcName": "__init__", "lineno": 764, "ts": "2026-09-10T14:37:50.942579+00:00"}
{"message": "OrgInvitation.org setup primary join org.id = org_invitation.org_id", "severity": "INFO", "module": "relationships", "funcName": "_log_joins", "lineno": 2339, "ts": "2026-09-10T14:37:50.942809+00:00"}
{"message": "OrgInvitation.org setup secondary join None", "severity": "INFO", "module": "relationships", "funcName": "_log_joins", "lineno": 2340, "ts": "2026-09-10T14:37:50.942841+00:00"}
{"message": "OrgInvitation.org synchronize pairs [(org.id => org_invitation.org_id)]", "severity": "INFO", "module": "relationships", "funcName": "_log_joins", "lineno": 2341, "ts": "2026-09-10T14:37:50.942855+00:00"}
{"message": "OrgInvitation.org secondary synchronize pairs []", "severity": "INFO", "module": "relationships", "funcName": "_log_joins", "lineno": 2348, "ts": "2026-09-10T14:37:50.942867+00:00"}
{"message": "OrgInvitation.org local/remote pairs [(org_invitation.org_id / org.id)]", "severity": "INFO", "module": "relationships", "funcName": "_log_joins", "lineno": 2356, "ts": "2026-09-10T14:37:50.942878+00:00"}
{"message": "OrgInvitation.org remote columns [org.id]", "severity": "INFO", "module": "relationships", "funcName": "_log_joins", "lineno": 2363, "ts": "2026-09-10T14:37:50.942891+00:00"}
{"message": "OrgInvitation.org local columns [org_invitation.org_id]", "severity": "INFO", "module": "relationships", "funcName": "_log_joins", "lineno": 2368, "ts": "2026-09-10T14:37:50.942903+00:00"}
{"message": "OrgInvitation.org relationship direction RelationshipDirection.MANYTOONE", "severity": "INFO", "module": "relationships", "funcName": "_log_joins", "lineno": 2373, "ts": "2026-09-10T14:37:50.942911+00:00"}
{"message": "OrgInvitation.org lazy loading clause org.id = :param_1", "severity": "INFO", "module": "strategies", "funcName": "__init__", "lineno": 738, "ts": "2026-09-10T14:37:50.942958+00:00"}
{"message": "OrgInvitation.org will use Session.get() to optimize instance loads", "severity": "INFO", "module": "strategies", "funcName": "__init__", "lineno": 764, "ts": "2026-09-10T14:37:50.943005+00:00"}
{"message": "OrgInvitation.role setup primary join role.id = org_invitation.role_id", "severity": "INFO", "module": "relationships", "funcName": "_log_joins", "lineno": 2339, "ts": "2026-09-10T14:37:50.943152+00:00"}
{"message": "OrgInvitation.role setup secondary join None", "severity": "INFO", "module": "relationships", "funcName": "_log_joins", "lineno": 2340, "ts": "2026-09-10T14:37:50.943181+00:00"}
{"message": "OrgInvitation.role synchronize pairs [(role.id => org_invitation.role_id)]", "severity": "INFO", "module": "relationships", "funcName": "_log_joins", "lineno": 2341, "ts": "2026-09-10T14:37:50.943194+00:00"}
{"message": "OrgInvitation.role secondary synchronize pairs []", "severity": "INFO", "module": "relationships", "funcName": "_log_joins", "lineno": 2348, "ts": "2026-09-10T14:37:50.943203+00:00"}
{"message": "OrgInvitation.role local/remote pairs [(org_invitation.role_id / role.id)]", "severity": "INFO", "module": "relationships", "funcName": "_log_joins", "lineno": 2356, "ts": "2026-09-10T14:37:50.943213+00:00"}
{"message": "OrgInvitation.role remote columns [role.id]", "severity": "INFO", "module": "relationships", "funcName": "_log_joins", "lineno": 2363, "ts": "2026-09-10T14:37:50.943226+00:00"}
{"message": "OrgInvitation.role local columns [org_invitation.role_id]", "severity": "INFO", "module": "relationships", "funcName": "_log_joins", "lineno": 2368, "ts": "2026-09-10T14:37:50.943238+00:00"}
{"message": "OrgInvitation.role relationship direction RelationshipDirection.MANYTOONE", "severity": "INFO", "module": "relationships", "funcName": "_log_joins", "lineno": 2373, "ts": "2026-09-10T14:37:50.943246+00:00"}
{"message": "OrgInvitation.role lazy loading clause role.id = :param_1", "severity": "INFO", "module": "strategies", "funcName": "__init__", "lineno": 738, "ts": "2026-09-10T14:37:50.943277+00:00"}
{"message": "OrgInvitation.role will use Session.get() to optimize instance loads", "severity": "INFO", "module": "strategies", "funcName": "__init__", "lineno": 764, "ts": "2026-09-10T14:37:50.943334+00:00"}
{"message": "OrgInvitation.inviter setup primary join \"user\".id = org_invitation.inviter_id", "severity": "INFO", "module": "relationships", "funcName": "_log_joins", "lineno": 2339, "ts": "2026-09-10T14:37:50.943557+00:00"}
{"message": "OrgInvitation.inviter setup secondary join None", "severity": "INFO", "module": "relationships", "funcName": "_log_joins", "lineno": 2340, "ts": "2026-09-10T14:37:50.943588+00:00"}
{"message": "OrgInvitation.inviter synchronize pairs [(user.id => org_invitation.inviter_id)]", "severity": "INFO", "module": "relationships", "funcName": "_log_joins", "lineno": 2341, "ts": "2026-09-10T14:37:50.943600+00:00"}
{"message": "OrgInvitation.inviter secondary synchronize pairs []", "severity": "INFO", "module": "relationships", "funcName": "_log_joins", "lineno": 2348, "ts": "2026-09-10T14:37:50.943610+00:00"}
{"message": "OrgInvitation.inviter local/remote pairs [(org_invitation.inviter_id / user.id)]", "severity": "INFO", "module": "relationships", "funcName": "_log_joins", "lineno": 2356, "ts": "2026-09-10T14:37:50.943619+00:00"}
{"message": "OrgInvitation.inviter remote columns [user.id]", "severity": "INFO", "module": "relationships", "funcName": "_log_joins", "lineno": 2363, "ts": "2026-09-10T14:37:50.943631+00:00"}
{"message": "OrgInvitation.inviter local columns [org_invitation.inviter_id]", "severity": "INFO", "module": "relationships", "funcName": "_log_joins", "lineno": 2368, "ts": "2026-09-10T14:37:50.943643+00:00"}
{"message": "OrgInvitation.inviter relationship direction RelationshipDirection.MANYTOONE", "severity": "INFO", "module": "relationships", "funcName": "_log_joins", "lineno": 2373, "ts": "2026-09-10T14:37:50.943651+00:00"}
{"message": "OrgInvitation.inviter lazy loading clause \"user\".id = :param_1", "severity": "INFO", "module": "strategies", "funcName": "__init__", "lineno": 738, "ts": "2026-09-10T14:37:50.943682+00:00"}
{"message": "OrgInvitation.inviter will use Session.get() to optimize instance loads", "severity": "INFO", "module": "strategies", "funcName": "__init__", "lineno": 764, "ts": "2026-09-10T14:37:50.943760+00:00"}
{"message": "OrgInvitation.accepted_by_user setup primary join \"user\".id = org_invitation.accepted_by_user_id", "severity": "INFO", "module": "relationships", "funcName": "_log_joins", "lineno": 2339, "ts": "2026-09-10T14:37:50.943956+00:00"}
{"message": "OrgInvitation.accepted_by_user setup secondary join None", "severity": "INFO", "module": "relationships", "funcName": "_log_joins", "lineno": 2340, "ts": "2026-09-10T14:37:50.943996+00:00"}
{"message": "OrgInvitation.accepted_by_user synchronize pairs [(user.id => org_invitation.accepted_by_user_id)]", "severity": "INFO", "module": "relationships", "funcName": "_log_joins", "lineno": 2341, "ts": "2026-09-10T14:37:50.944011+00:00"}
{"message": "OrgInvitation.accepted_by_user secondary synchronize pairs []", "severity": "INFO", "module": "relationships", "funcName": "_log_joins", "lineno": 2348, "ts": "2026-09-10T14:37:50.944023+00:00"}
{"message": "OrgInvitation.accepted_by_user local/remote pairs [(org_invitation.accepted_by_user_id / user.id)]", "severity": "INFO", "module": "relationships", "funcName": "_log_joins", "lineno": 2356, "ts": "2026-09-10T14:37:50.944034+00:00"}
{"message": "OrgInvitation.accepted_by_user remote columns [user.id]", "severity": "INFO", "module": "relationships", "funcName": "_log_joins", "lineno": 2363, "ts": "2026-09-10T14:37:50.944049+00:00"}
{"message": "OrgInvitation.accepted_by_user local columns [org_invitation.accepted_by_user_id]", "severity": "INFO", "module": "relationships", "funcName": "_log_joins", "lineno": 2368, "ts": "2026-09-10T14:37:50.944062+00:00"}
{"message": "OrgInvitation.accepted_by_user relationship direction RelationshipDirection.MANYTOONE", "severity": "INFO", "module": "relationships", "funcName": "_log_joins", "lineno": 2373, "ts": "2026-09-10T14:37:50.944070+00:00"}
{"message": "OrgInvitation.accepted_by_user lazy loading clause \"user\".id = :param_1", "severity": "INFO", "module": "strategies", "funcName": "__init__", "lineno": 738, "ts": "2026-09-10T14:37:50.944109+00:00"}
{"message": "OrgInvitation.accepted_by_user will use Session.get() to optimize instance loads", "severity": "INFO", "module": "strategies", "funcName": "__init__", "lineno": 764, "ts": "2026-09-10T14:37:50.944164+00:00"}
{"message": "OrgMember.org setup primary join org.id = org_member.org_id", "severity": "INFO", "module": "relationships", "funcName": "_log_joins", "lineno": 2339, "ts": "2026-09-10T14:37:50.944461+00:00"}
{"message": "OrgMember.org setup secondary join None", "severity": "INFO", "module": "relationships", "funcName": "_log_joins", "lineno": 2340, "ts": "2026-09-10T14:37:50.944492+00:00"}
{"message": "OrgMember.org synchronize pairs [(org.id => org_member.org_id)]", "severity": "INFO", "module": "relationships", "funcName": "_log_joins", "lineno": 2341, "ts": "2026-09-10T14:37:50.944505+00:00"}
{"message": "OrgMember.org secondary synchronize pairs []", "severity": "INFO", "module": "relationships", "funcName": "_log_joins", "lineno": 2348, "ts": "2026-09-10T14:37:50.944516+00:00"}
{"message": "OrgMember.org local/remote pairs [(org_member.org_id / org.id)]", "severity": "INFO", "module": "relationships", "funcName": "_log_joins", "lineno": 2356, "ts": "2026-09-10T14:37:50.944526+00:00"}
{"message": "OrgMember.org remote columns [org.id]", "severity": "INFO", "module": "relationships", "funcName": "_log_joins", "lineno": 2363, "ts": "2026-09-10T14:37:50.944539+00:00"}
{"message": "OrgMember.org local columns [org_member.org_id]", "severity": "INFO", "module": "relationships", "funcName": "_log_joins", "lineno": 2368, "ts": "2026-09-10T14:37:50.944551+00:00"}
{"message": "OrgMember.org relationship direction RelationshipDirection.MANYTOONE", "severity": "INFO", "module": "relationships", "funcName": "_log_joins", "lineno": 2373, "ts": "2026-09-10T14:37:50.944559+00:00"}
{"message": "OrgMember.org lazy loading clause org.id = :param_1", "severity": "INFO", "module": "strategies", "funcName": "__init__", "lineno": 738, "ts": "2026-09-10T14:37:50.944609+00:00"}
{"message": "OrgMember.org will use Session.get() to optimize instance loads", "severity": "INFO", "module": "strategies", "funcName": "__init__", "lineno": 764, "ts": "2026-09-10T14:37:50.944662+00:00"}
{"message": "OrgMember.user setup primary join \"user\".id = org_member.user_id", "severity": "INFO", "module": "relationships", "funcName": "_log_joins", "lineno": 2339, "ts": "2026-09-10T14:37:50.944844+00:00"}
{"message": "OrgMember.user setup secondary join None", "severity": "INFO", "module": "relationships", "funcName": "_log_joins", "lineno": 2340, "ts": "2026-09-10T14:37:50.944872+00:00"}
{"message": "OrgMember.user synchronize pairs [(user.id => org_member.user_id)]", "severity": "INFO", "module": "relationships", "funcName": "_log_joins", "lineno": 2341, "ts": "2026-09-10T14:37:50.944886+00:00"}
{"message": "OrgMember.user secondary synchronize pairs []", "severity": "INFO", "module": "relationships", "funcName": "_log_joins", "lineno": 2348, "ts": "2026-09-10T14:37:50.944896+00:00"}
{"message": "OrgMember.user local/remote pairs [(org_member.user_id / user.id)]", "severity": "INFO", "module": "relationships", "funcName": "_log_joins", "lineno": 2356, "ts": "2026-09-10T14:37:50.944905+00:00"}
{"message": "OrgMember.user remote columns [user.id]", "severity": "INFO", "module": "relationships", "funcName": "_log_joins", "lineno": 2363, "ts": "2026-09-10T14:37:50.944918+00:00"}
{"message": "OrgMember.user local columns [org_member.user_id]", "severity": "INFO", "module": "relationships", "funcName": "_log_joins", "lineno": 2368, "ts": "2026-09-10T14:37:50.944930+00:00"}
{"message": "OrgMember.user relationship direction RelationshipDirection.MANYTOONE", "severity": "INFO", "module": "relationships", "funcName": "_log_joins", "lineno": 2373, "ts": "2026-09-10T14:37:50.944940+00:00"}
{"message": "OrgMember.user lazy loading clause \"user\".id = :param_1", "severity": "INFO", "module": "strategies", "funcName": "__init__", "lineno": 738, "ts": "2026-09-10T14:37:50.944982+00:00"}
{"message": "OrgMember.user will use Session.get() to optimize instance loads", "severity": "INFO", "module": "strategies", "funcName": "__init__", "lineno": 764, "ts": "2026-09-10T14:37:50.945027+00:00"}
{"message": "OrgMember.role setup primary join role.id = org_member.role_id", "severity": "INFO", "module": "relationships", "funcName": "_log_joins", "lineno": 2339, "ts": "2026-09-10T14:37:50.945172+00:00"}
{"message": "OrgMember.role setup secondary join None", "severity": "INFO", "module": "relationships", "funcName": "_log_joins", "lineno": 2340, "ts": "2026-09-10T14:37:50.945198+00:00"}
{"message": "OrgMember.role synchronize pairs [(role.id => org_member.role_id)]", "severity": "INFO", "module": "relationships", "funcName": "_log_joins", "lineno": 2341, "ts": "2026-09-10T14:37:50.945211+00:00"}
{"message": "OrgMember.role secondary synchronize pairs []", "severity": "INFO", "module": "relationships", "funcName": "_log_joins", "lineno": 2348, "ts": "2026-09-10T14:37:50.945220+00:00"}
{"message": "OrgMember.role local/remote pairs [(org_member.role_id / role.id)]", "severity": "INFO", "module": "relationships", "funcName": "_log_joins", "lineno": 2356, "ts": "2026-09-10T14:37:50.945229+00:00"}
{"message": "OrgMember.role remote columns [role.id]", "severity": "INFO", "module": "relationships", "funcName": "_log_joins", "lineno": 2363, "ts": "2026-09-10T14:37:50.945242+00:00"}
{"message": "OrgMember.role local columns [org_member.role_id]", "severity": "INFO", "module": "relationships", "funcName": "_log_joins", "lineno": 2368, "ts": "2026-09-10T14:37:50.945254+00:00"}
{"message": "OrgMember.role relationship direction RelationshipDirection.MANYTOONE", "severity": "INFO", "module": "relationships", "funcName": "_log_joins", "lineno": 2373, "ts": "2026-09-10T14:37:50.945262+00:00"}
{"message": "OrgMember.role lazy loading clause role.id = :param_1", "severity": "INFO", "module": "strategies", "funcName": "__init__", "lineno": 738, "ts": "2026-09-10T14:37:50.945298+00:00"}
{"message": "OrgMember.role will use Session.get() to optimize instance loads", "severity": "INFO", "module": "strategies", "funcName": "__init__", "lineno": 764, "ts": "2026-09-10T14:37:50.945342+00:00"}
{"message": "QuotaIncreaseRequest.user setup primary join \"user\".id = quota_increase_request.user_id", "severity": "INFO", "module": "relationships", "funcName": "_log_joins", "lineno": 2339, "ts": "2026-09-10T14:37:50.945783+00:00"}
{"message": "QuotaIncreaseRequest.user setup secondary join None", "severity": "INFO", "module": "relationships", "funcName": "_log_joins", "lineno": 2340, "ts": "2026-09-10T14:37:50.945814+00:00"}
{"message": "QuotaIncreaseRequest.user synchronize pairs [(user.id => quota_increase_request.user_id)]", "severity": "INFO", "module": "relationships", "funcName": "_log_joins", "lineno": 2341, "ts": "2026-09-10T14:37:50.945827+00:00"}
{"message": "QuotaIncreaseRequest.user secondary synchronize pairs []", "severity": "INFO", "module": "relationships", "funcName": "_log_joins", "lineno": 2348, "ts": "2026-09-10T14:37:50.945837+00:00"}
{"message": "QuotaIncreaseRequest.user local/remote pairs [(quota_increase_request.user_id / user.id)]", "severity": "INFO", "module": "relationships", "funcName": "_log_joins", "lineno": 2356, "ts": "2026-09-10T14:37:50.945846+00:00"}
{"message": "QuotaIncreaseRequest.user remote columns [user.id]", "severity": "INFO", "module": "relationships", "funcName": "_log_joins", "lineno": 2363, "ts": "2026-09-10T14:37:50.945859+00:00"}
{"message": "QuotaIncreaseRequest.user local columns [quota_increase_request.user_id]", "severity": "INFO", "module": "relationships", "funcName": "_log_joins", "lineno": 2368, "ts": "2026-09-10T14:37:50.945871+00:00"}
{"message": "QuotaIncreaseRequest.user relationship direction RelationshipDirection.MANYTOONE", "severity": "INFO", "module": "relationships", "funcName": "_log_joins", "lineno": 2373, "ts": "2026-09-10T14:37:50.945879+00:00"}
{"message": "QuotaIncreaseRequest.user lazy loading clause \"user\".id = :param_1", "severity": "INFO", "module": "strategies", "funcName": "__init__", "lineno": 738, "ts": "2026-09-10T14:37:50.945910+00:00"}
{"message": "QuotaIncreaseRequest.user will use Session.get() to optimize instance loads", "severity": "INFO", "module": "strategies", "funcName": "__init__", "lineno": 764, "ts": "2026-09-10T14:37:50.945956+00:00"}
{"message": "Role.users setup primary join role.id = \"user\".role_id", "severity": "INFO", "module": "relationships", "funcName": "_log_joins", "lineno": 2339, "ts": "2026-09-10T14:37:50.946408+00:00"}
{"message": "Role.users setup secondary join None", "severity": "INFO", "module": "relationships", "funcName": "_log_joins", "lineno": 2340, "ts": "2026-09-10T14:37:50.946437+00:00"}
{"message": "Role.users synchronize pairs [(role.id => user.role_id)]", "severity": "INFO", "module": "relationships", "funcName": "_log_joins", "lineno": 2341, "ts": "2026-09-10T14:37:50.946449+00:00"}
{"message": "Role.users secondary synchronize pairs []", "severity": "INFO", "module": "relationships", "funcName": "_log_joins", "lineno": 2348, "ts": "2026-09-10T14:37:50.946458+00:00"}
{"message": "Role.users local/remote pairs [(role.id / user.role_id)]", "severity": "INFO", "module": "relationships", "funcName": "_log_joins", "lineno": 2356, "ts": "2026-09-10T14:37:50.946467+00:00"}
{"message": "Role.users remote columns [user.role_id]", "severity": "INFO", "module": "relationships", "funcName": "_log_joins", "lineno": 2363, "ts": "2026-09-10T14:37:50.946479+00:00"}
{"message": "Role.users local columns [role.id]", "severity": "INFO", "module": "relationships", "funcName": "_log_joins", "lineno": 2368, "ts": "2026-09-10T14:37:50.946490+00:00"}
{"message": "Role.users relationship direction RelationshipDirection.ONETOMANY", "severity": "INFO", "module": "relationships", "funcName": "_log_joins", "lineno": 2373, "ts": "2026-09-10T14:37:50.946499+00:00"}
{"message": "Role.users lazy loading clause :param_1 = \"user\".role_id", "severity": "INFO", "module": "strategies", "funcName": "__init__", "lineno": 738, "ts": "2026-09-10T14:37:50.946536+00:00"}
{"message": "Role.org_members setup primary join role.id = org_member.role_id", "severity": "INFO", "module": "relationships", "funcName": "_log_joins", "lineno": 2339, "ts": "2026-09-10T14:37:50.946702+00:00"}
{"message": "Role.org_members setup secondary join None", "severity": "INFO", "module": "relationships", "funcName": "_log_joins", "lineno": 2340, "ts": "2026-09-10T14:37:50.946728+00:00"}
{"message": "Role.org_members synchronize pairs [(role.id => org_member.role_id)]", "severity": "INFO", "module": "relationships", "funcName": "_log_joins", "lineno": 2341, "ts": "2026-09-10T14:37:50.946740+00:00"}
{"message": "Role.org_members secondary synchronize pairs []", "severity": "INFO", "module": "relationships", "funcName": "_log_joins", "lineno": 2348, "ts": "2026-09-10T14:37:50.946750+00:00"}
{"message": "Role.org_members local/remote pairs [(role.id / org_member.role_id)]", "severity": "INFO", "module": "relationships", "funcName": "_log_joins", "lineno": 2356, "ts": "2026-09-10T14:37:50.946759+00:00"}
{"message": "Role.org_members remote columns [org_member.role_id]", "severity": "INFO", "module": "relationships", "funcName": "_log_joins", "lineno": 2363, "ts": "2026-09-10T14:37:50.946771+00:00"}
{"message": "Role.org_members local columns [role.id]", "severity": "INFO", "module": "relationships", "funcName": "_log_joins", "lineno": 2368, "ts": "2026-09-10T14:37:50.946783+00:00"}
{"message": "Role.org_members relationship direction RelationshipDirection.ONETOMANY", "severity": "INFO", "module": "relationships", "funcName": "_log_joins", "lineno": 2373, "ts": "2026-09-10T14:37:50.946791+00:00"}
{"message": "Role.org_members lazy loading clause :param_1 = org_member.role_id", "severity": "INFO", "module": "strategies", "funcName": "__init__", "lineno": 738, "ts": "2026-09-10T14:37:50.946836+00:00"}
{"message": "SlackConversation.org setup primary join org.id = slack_conversation.org_id", "severity": "INFO", "module": "relationships", "funcName": "_log_joins", "lineno": 2339, "ts": "2026-09-10T14:37:50.947049+00:00"}
{"message": "SlackConversation.org setup secondary join None", "severity": "INFO", "module": "relationships", "funcName": "_log_joins", "lineno": 2340, "ts": "2026-09-10T14:37:50.947075+00:00"}
{"message": "SlackConversation.org synchronize pairs [(org.id => slack_conversation.org_id)]", "severity": "INFO", "module": "relationships", "funcName": "_log_joins", "lineno": 2341, "ts": "2026-09-10T14:37:50.947090+00:00"}
{"message": "SlackConversation.org secondary synchronize pairs []", "severity": "INFO", "module": "relationships", "funcName": "_log_joins", "lineno": 2348, "ts": "2026-09-10T14:37:50.947100+00:00"}
{"message": "SlackConversation.org local/remote pairs [(slack_conversation.org_id / org.id)]", "severity": "INFO", "module": "relationships", "funcName": "_log_joins", "lineno": 2356, "ts": "2026-09-10T14:37:50.947109+00:00"}
{"message": "SlackConversation.org remote columns [org.id]", "severity": "INFO", "module": "relationships", "funcName": "_log_joins", "lineno": 2363, "ts": "2026-09-10T14:37:50.947122+00:00"}
{"message": "SlackConversation.org local columns [slack_conversation.org_id]", "severity": "INFO", "module": "relationships", "funcName": "_log_joins", "lineno": 2368, "ts": "2026-09-10T14:37:50.947133+00:00"}
{"message": "SlackConversation.org relationship direction RelationshipDirection.MANYTOONE", "severity": "INFO", "module": "relationships", "funcName": "_log_joins", "lineno": 2373, "ts": "2026-09-10T14:37:50.947141+00:00"}
{"message": "SlackConversation.org lazy loading clause org.id = :param_1", "severity": "INFO", "module": "strategies", "funcName": "__init__", "lineno": 738, "ts": "2026-09-10T14:37:50.947185+00:00"}
{"message": "SlackConversation.org will use Session.get() to optimize instance loads", "severity": "INFO", "module": "strategies", "funcName": "__init__", "lineno": 764, "ts": "2026-09-10T14:37:50.947238+00:00"}
{"message": "SlackUser.org setup primary join org.id = slack_users.org_id", "severity": "INFO", "module": "relationships", "funcName": "_log_joins", "lineno": 2339, "ts": "2026-09-10T14:37:50.947515+00:00"}
{"message": "SlackUser.org setup secondary join None", "severity": "INFO", "module": "relationships", "funcName": "_log_joins", "lineno": 2340, "ts": "2026-09-10T14:37:50.947542+00:00"}
{"message": "SlackUser.org synchronize pairs [(org.id => slack_users.org_id)]", "severity": "INFO", "module": "relationships", "funcName": "_log_joins", "lineno": 2341, "ts": "2026-09-10T14:37:50.947555+00:00"}
{"message": "SlackUser.org secondary synchronize pairs []", "severity": "INFO", "module": "relationships", "funcName": "_log_joins", "lineno": 2348, "ts": "2026-09-10T14:37:50.947565+00:00"}
{"message": "SlackUser.org local/remote pairs [(slack_users.org_id / org.id)]", "severity": "INFO", "module": "relationships", "funcName": "_log_joins", "lineno": 2356, "ts": "2026-09-10T14:37:50.947576+00:00"}
{"message": "SlackUser.org remote columns [org.id]", "severity": "INFO", "module": "relationships", "funcName": "_log_joins", "lineno": 2363, "ts": "2026-09-10T14:37:50.947589+00:00"}
{"message": "SlackUser.org local columns [slack_users.org_id]", "severity": "INFO", "module": "relationships", "funcName": "_log_joins", "lineno": 2368, "ts": "2026-09-10T14:37:50.947601+00:00"}
{"message": "SlackUser.org relationship direction RelationshipDirection.MANYTOONE", "severity": "INFO", "module": "relationships", "funcName": "_log_joins", "lineno": 2373, "ts": "2026-09-10T14:37:50.947609+00:00"}
{"message": "SlackUser.org lazy loading clause org.id = :param_1", "severity": "INFO", "module": "strategies", "funcName": "__init__", "lineno": 738, "ts": "2026-09-10T14:37:50.947656+00:00"}
{"message": "SlackUser.org will use Session.get() to optimize instance loads", "severity": "INFO", "module": "strategies", "funcName": "__init__", "lineno": 764, "ts": "2026-09-10T14:37:50.947703+00:00"}
{"message": "StoredConversationMetadataSaas.user setup primary join \"user\".id = conversation_metadata_saas.user_id", "severity": "INFO", "module": "relationships", "funcName": "_log_joins", "lineno": 2339, "ts": "2026-09-10T14:37:50.948328+00:00"}
{"message": "StoredConversationMetadataSaas.user setup secondary join None", "severity": "INFO", "module": "relationships", "funcName": "_log_joins", "lineno": 2340, "ts": "2026-09-10T14:37:50.948363+00:00"}
{"message": "StoredConversationMetadataSaas.user synchronize pairs [(user.id => conversation_metadata_saas.user_id)]", "severity": "INFO", "module": "relationships", "funcName": "_log_joins", "lineno": 2341, "ts": "2026-09-10T14:37:50.948381+00:00"}
{"message": "StoredConversationMetadataSaas.user secondary synchronize pairs []", "severity": "INFO", "module": "relationships", "funcName": "_log_joins", "lineno": 2348, "ts": "2026-09-10T14:37:50.948392+00:00"}
{"message": "StoredConversationMetadataSaas.user local/remote pairs [(conversation_metadata_saas.user_id / user.id)]", "severity": "INFO", "module": "relationships", "funcName": "_log_joins", "lineno": 2356, "ts": "2026-09-10T14:37:50.948401+00:00"}
{"message": "StoredConversationMetadataSaas.user remote columns [user.id]", "severity": "INFO", "module": "relationships", "funcName": "_log_joins", "lineno": 2363, "ts": "2026-09-10T14:37:50.948414+00:00"}
{"message": "StoredConversationMetadataSaas.user local columns [conversation_metadata_saas.user_id]", "severity": "INFO", "module": "relationships", "funcName": "_log_joins", "lineno": 2368, "ts": "2026-09-10T14:37:50.948427+00:00"}
{"message": "StoredConversationMetadataSaas.user relationship direction RelationshipDirection.MANYTOONE", "severity": "INFO", "module": "relationships", "funcName": "_log_joins", "lineno": 2373, "ts": "2026-09-10T14:37:50.948436+00:00"}
{"message": "StoredConversationMetadataSaas.user lazy loading clause \"user\".id = :param_1", "severity": "INFO", "module": "strategies", "funcName": "__init__", "lineno": 738, "ts": "2026-09-10T14:37:50.948481+00:00"}
{"message": "StoredConversationMetadataSaas.user will use Session.get() to optimize instance loads", "severity": "INFO", "module": "strategies", "funcName": "__init__", "lineno": 764, "ts": "2026-09-10T14:37:50.948531+00:00"}
{"message": "StoredConversationMetadataSaas.org setup primary join org.id = conversation_metadata_saas.org_id", "severity": "INFO", "module": "relationships", "funcName": "_log_joins", "lineno": 2339, "ts": "2026-09-10T14:37:50.948678+00:00"}
{"message": "StoredConversationMetadataSaas.org setup secondary join None", "severity": "INFO", "module": "relationships", "funcName": "_log_joins", "lineno": 2340, "ts": "2026-09-10T14:37:50.948703+00:00"}
{"message": "StoredConversationMetadataSaas.org synchronize pairs [(org.id => conversation_metadata_saas.org_id)]", "severity": "INFO", "module": "relationships", "funcName": "_log_joins", "lineno": 2341, "ts": "2026-09-10T14:37:50.948715+00:00"}
{"message": "StoredConversationMetadataSaas.org secondary synchronize pairs []", "severity": "INFO", "module": "relationships", "funcName": "_log_joins", "lineno": 2348, "ts": "2026-09-10T14:37:50.948725+00:00"}
{"message": "StoredConversationMetadataSaas.org local/remote pairs [(conversation_metadata_saas.org_id / org.id)]", "severity": "INFO", "module": "relationships", "funcName": "_log_joins", "lineno": 2356, "ts": "2026-09-10T14:37:50.948734+00:00"}
{"message": "StoredConversationMetadataSaas.org remote columns [org.id]", "severity": "INFO", "module": "relationships", "funcName": "_log_joins", "lineno": 2363, "ts": "2026-09-10T14:37:50.948746+00:00"}
{"message": "StoredConversationMetadataSaas.org local columns [conversation_metadata_saas.org_id]", "severity": "INFO", "module": "relationships", "funcName": "_log_joins", "lineno": 2368, "ts": "2026-09-10T14:37:50.948757+00:00"}
{"message": "StoredConversationMetadataSaas.org relationship direction RelationshipDirection.MANYTOONE", "severity": "INFO", "module": "relationships", "funcName": "_log_joins", "lineno": 2373, "ts": "2026-09-10T14:37:50.948767+00:00"}
{"message": "StoredConversationMetadataSaas.org lazy loading clause org.id = :param_1", "severity": "INFO", "module": "strategies", "funcName": "__init__", "lineno": 738, "ts": "2026-09-10T14:37:50.948815+00:00"}
{"message": "StoredConversationMetadataSaas.org will use Session.get() to optimize instance loads", "severity": "INFO", "module": "strategies", "funcName": "__init__", "lineno": 764, "ts": "2026-09-10T14:37:50.948863+00:00"}
{"message": "StoredCustomSecrets.org setup primary join org.id = custom_secrets.org_id", "severity": "INFO", "module": "relationships", "funcName": "_log_joins", "lineno": 2339, "ts": "2026-09-10T14:37:50.949045+00:00"}
{"message": "StoredCustomSecrets.org setup secondary join None", "severity": "INFO", "module": "relationships", "funcName": "_log_joins", "lineno": 2340, "ts": "2026-09-10T14:37:50.949071+00:00"}
{"message": "StoredCustomSecrets.org synchronize pairs [(org.id => custom_secrets.org_id)]", "severity": "INFO", "module": "relationships", "funcName": "_log_joins", "lineno": 2341, "ts": "2026-09-10T14:37:50.949083+00:00"}
{"message": "StoredCustomSecrets.org secondary synchronize pairs []", "severity": "INFO", "module": "relationships", "funcName": "_log_joins", "lineno": 2348, "ts": "2026-09-10T14:37:50.949093+00:00"}
{"message": "StoredCustomSecrets.org local/remote pairs [(custom_secrets.org_id / org.id)]", "severity": "INFO", "module": "relationships", "funcName": "_log_joins", "lineno": 2356, "ts": "2026-09-10T14:37:50.949102+00:00"}
{"message": "StoredCustomSecrets.org remote columns [org.id]", "severity": "INFO", "module": "relationships", "funcName": "_log_joins", "lineno": 2363, "ts": "2026-09-10T14:37:50.949114+00:00"}
{"message": "StoredCustomSecrets.org local columns [custom_secrets.org_id]", "severity": "INFO", "module": "relationships", "funcName": "_log_joins", "lineno": 2368, "ts": "2026-09-10T14:37:50.949126+00:00"}
{"message": "StoredCustomSecrets.org relationship direction RelationshipDirection.MANYTOONE", "severity": "INFO", "module": "relationships", "funcName": "_log_joins", "lineno": 2373, "ts": "2026-09-10T14:37:50.949133+00:00"}
{"message": "StoredCustomSecrets.org lazy loading clause org.id = :param_1", "severity": "INFO", "module": "strategies", "funcName": "__init__", "lineno": 738, "ts": "2026-09-10T14:37:50.949176+00:00"}
{"message": "StoredCustomSecrets.org will use Session.get() to optimize instance loads", "severity": "INFO", "module": "strategies", "funcName": "__init__", "lineno": 764, "ts": "2026-09-10T14:37:50.949318+00:00"}
{"message": "StripeCustomer.org setup primary join org.id = stripe_customers.org_id", "severity": "INFO", "module": "relationships", "funcName": "_log_joins", "lineno": 2339, "ts": "2026-09-10T14:37:50.949641+00:00"}
{"message": "StripeCustomer.org setup secondary join None", "severity": "INFO", "module": "relationships", "funcName": "_log_joins", "lineno": 2340, "ts": "2026-09-10T14:37:50.949668+00:00"}
{"message": "StripeCustomer.org synchronize pairs [(org.id => stripe_customers.org_id)]", "severity": "INFO", "module": "relationships", "funcName": "_log_joins", "lineno": 2341, "ts": "2026-09-10T14:37:50.949680+00:00"}
{"message": "StripeCustomer.org secondary synchronize pairs []", "severity": "INFO", "module": "relationships", "funcName": "_log_joins", "lineno": 2348, "ts": "2026-09-10T14:37:50.949690+00:00"}
{"message": "StripeCustomer.org local/remote pairs [(stripe_customers.org_id / org.id)]", "severity": "INFO", "module": "relationships", "funcName": "_log_joins", "lineno": 2356, "ts": "2026-09-10T14:37:50.949699+00:00"}
{"message": "StripeCustomer.org remote columns [org.id]", "severity": "INFO", "module": "relationships", "funcName": "_log_joins", "lineno": 2363, "ts": "2026-09-10T14:37:50.949711+00:00"}
{"message": "StripeCustomer.org local columns [stripe_customers.org_id]", "severity": "INFO", "module": "relationships", "funcName": "_log_joins", "lineno": 2368, "ts": "2026-09-10T14:37:50.949723+00:00"}
{"message": "StripeCustomer.org relationship direction RelationshipDirection.MANYTOONE", "severity": "INFO", "module": "relationships", "funcName": "_log_joins", "lineno": 2373, "ts": "2026-09-10T14:37:50.949731+00:00"}
{"message": "StripeCustomer.org lazy loading clause org.id = :param_1", "severity": "INFO", "module": "strategies", "funcName": "__init__", "lineno": 738, "ts": "2026-09-10T14:37:50.949775+00:00"}
{"message": "StripeCustomer.org will use Session.get() to optimize instance loads", "severity": "INFO", "module": "strategies", "funcName": "__init__", "lineno": 764, "ts": "2026-09-10T14:37:50.949820+00:00"}
{"message": "User.role setup primary join role.id = \"user\".role_id", "severity": "INFO", "module": "relationships", "funcName": "_log_joins", "lineno": 2339, "ts": "2026-09-10T14:37:50.950160+00:00"}
{"message": "User.role setup secondary join None", "severity": "INFO", "module": "relationships", "funcName": "_log_joins", "lineno": 2340, "ts": "2026-09-10T14:37:50.950187+00:00"}
{"message": "User.role synchronize pairs [(role.id => user.role_id)]", "severity": "INFO", "module": "relationships", "funcName": "_log_joins", "lineno": 2341, "ts": "2026-09-10T14:37:50.950199+00:00"}
{"message": "User.role secondary synchronize pairs []", "severity": "INFO", "module": "relationships", "funcName": "_log_joins", "lineno": 2348, "ts": "2026-09-10T14:37:50.950209+00:00"}
{"message": "User.role local/remote pairs [(user.role_id / role.id)]", "severity": "INFO", "module": "relationships", "funcName": "_log_joins", "lineno": 2356, "ts": "2026-09-10T14:37:50.950218+00:00"}
{"message": "User.role remote columns [role.id]", "severity": "INFO", "module": "relationships", "funcName": "_log_joins", "lineno": 2363, "ts": "2026-09-10T14:37:50.950230+00:00"}
{"message": "User.role local columns [user.role_id]", "severity": "INFO", "module": "relationships", "funcName": "_log_joins", "lineno": 2368, "ts": "2026-09-10T14:37:50.950242+00:00"}
{"message": "User.role relationship direction RelationshipDirection.MANYTOONE", "severity": "INFO", "module": "relationships", "funcName": "_log_joins", "lineno": 2373, "ts": "2026-09-10T14:37:50.950250+00:00"}
{"message": "User.role lazy loading clause role.id = :param_1", "severity": "INFO", "module": "strategies", "funcName": "__init__", "lineno": 738, "ts": "2026-09-10T14:37:50.950295+00:00"}
{"message": "User.role will use Session.get() to optimize instance loads", "severity": "INFO", "module": "strategies", "funcName": "__init__", "lineno": 764, "ts": "2026-09-10T14:37:50.950356+00:00"}
{"message": "User.org_members setup primary join \"user\".id = org_member.user_id", "severity": "INFO", "module": "relationships", "funcName": "_log_joins", "lineno": 2339, "ts": "2026-09-10T14:37:50.950494+00:00"}
{"message": "User.org_members setup secondary join None", "severity": "INFO", "module": "relationships", "funcName": "_log_joins", "lineno": 2340, "ts": "2026-09-10T14:37:50.950519+00:00"}
{"message": "User.org_members synchronize pairs [(user.id => org_member.user_id)]", "severity": "INFO", "module": "relationships", "funcName": "_log_joins", "lineno": 2341, "ts": "2026-09-10T14:37:50.950531+00:00"}
{"message": "User.org_members secondary synchronize pairs []", "severity": "INFO", "module": "relationships", "funcName": "_log_joins", "lineno": 2348, "ts": "2026-09-10T14:37:50.950540+00:00"}
{"message": "User.org_members local/remote pairs [(user.id / org_member.user_id)]", "severity": "INFO", "module": "relationships", "funcName": "_log_joins", "lineno": 2356, "ts": "2026-09-10T14:37:50.950548+00:00"}
{"message": "User.org_members remote columns [org_member.user_id]", "severity": "INFO", "module": "relationships", "funcName": "_log_joins", "lineno": 2363, "ts": "2026-09-10T14:37:50.950560+00:00"}
{"message": "User.org_members local columns [user.id]", "severity": "INFO", "module": "relationships", "funcName": "_log_joins", "lineno": 2368, "ts": "2026-09-10T14:37:50.950572+00:00"}
{"message": "User.org_members relationship direction RelationshipDirection.ONETOMANY", "severity": "INFO", "module": "relationships", "funcName": "_log_joins", "lineno": 2373, "ts": "2026-09-10T14:37:50.950580+00:00"}
{"message": "User.org_members lazy loading clause :param_1 = org_member.user_id", "severity": "INFO", "module": "strategies", "funcName": "__init__", "lineno": 738, "ts": "2026-09-10T14:37:50.950620+00:00"}
{"message": "User.current_org setup primary join org.id = \"user\".current_org_id", "severity": "INFO", "module": "relationships", "funcName": "_log_joins", "lineno": 2339, "ts": "2026-09-10T14:37:50.950770+00:00"}
{"message": "User.current_org setup secondary join None", "severity": "INFO", "module": "relationships", "funcName": "_log_joins", "lineno": 2340, "ts": "2026-09-10T14:37:50.950798+00:00"}
{"message": "User.current_org synchronize pairs [(org.id => user.current_org_id)]", "severity": "INFO", "module": "relationships", "funcName": "_log_joins", "lineno": 2341, "ts": "2026-09-10T14:37:50.950809+00:00"}
{"message": "User.current_org secondary synchronize pairs []", "severity": "INFO", "module": "relationships", "funcName": "_log_joins", "lineno": 2348, "ts": "2026-09-10T14:37:50.950818+00:00"}
{"message": "User.current_org local/remote pairs [(user.current_org_id / org.id)]", "severity": "INFO", "module": "relationships", "funcName": "_log_joins", "lineno": 2356, "ts": "2026-09-10T14:37:50.950827+00:00"}
{"message": "User.current_org remote columns [org.id]", "severity": "INFO", "module": "relationships", "funcName": "_log_joins", "lineno": 2363, "ts": "2026-09-10T14:37:50.950839+00:00"}
{"message": "User.current_org local columns [user.current_org_id]", "severity": "INFO", "module": "relationships", "funcName": "_log_joins", "lineno": 2368, "ts": "2026-09-10T14:37:50.950850+00:00"}
{"message": "User.current_org relationship direction RelationshipDirection.MANYTOONE", "severity": "INFO", "module": "relationships", "funcName": "_log_joins", "lineno": 2373, "ts": "2026-09-10T14:37:50.950858+00:00"}
{"message": "User.current_org lazy loading clause org.id = :param_1", "severity": "INFO", "module": "strategies", "funcName": "__init__", "lineno": 738, "ts": "2026-09-10T14:37:50.950901+00:00"}
{"message": "User.current_org will use Session.get() to optimize instance loads", "severity": "INFO", "module": "strategies", "funcName": "__init__", "lineno": 764, "ts": "2026-09-10T14:37:50.950946+00:00"}
{"message": "User.stored_conversation_metadata_saas setup primary join \"user\".id = conversation_metadata_saas.user_id", "severity": "INFO", "module": "relationships", "funcName": "_log_joins", "lineno": 2339, "ts": "2026-09-10T14:37:50.951085+00:00"}
{"message": "User.stored_conversation_metadata_saas setup secondary join None", "severity": "INFO", "module": "relationships", "funcName": "_log_joins", "lineno": 2340, "ts": "2026-09-10T14:37:50.951111+00:00"}
{"message": "User.stored_conversation_metadata_saas synchronize pairs [(user.id => conversation_metadata_saas.user_id)]", "severity": "INFO", "module": "relationships", "funcName": "_log_joins", "lineno": 2341, "ts": "2026-09-10T14:37:50.951123+00:00"}
{"message": "User.stored_conversation_metadata_saas secondary synchronize pairs []", "severity": "INFO", "module": "relationships", "funcName": "_log_joins", "lineno": 2348, "ts": "2026-09-10T14:37:50.951132+00:00"}
{"message": "User.stored_conversation_metadata_saas local/remote pairs [(user.id / conversation_metadata_saas.user_id)]", "severity": "INFO", "module": "relationships", "funcName": "_log_joins", "lineno": 2356, "ts": "2026-09-10T14:37:50.951140+00:00"}
{"message": "User.stored_conversation_metadata_saas remote columns [conversation_metadata_saas.user_id]", "severity": "INFO", "module": "relationships", "funcName": "_log_joins", "lineno": 2363, "ts": "2026-09-10T14:37:50.951152+00:00"}
{"message": "User.stored_conversation_metadata_saas local columns [user.id]", "severity": "INFO", "module": "relationships", "funcName": "_log_joins", "lineno": 2368, "ts": "2026-09-10T14:37:50.951164+00:00"}
{"message": "User.stored_conversation_metadata_saas relationship direction RelationshipDirection.ONETOMANY", "severity": "INFO", "module": "relationships", "funcName": "_log_joins", "lineno": 2373, "ts": "2026-09-10T14:37:50.951172+00:00"}
{"message": "User.stored_conversation_metadata_saas lazy loading clause :param_1 = conversation_metadata_saas.user_id", "severity": "INFO", "module": "strategies", "funcName": "__init__", "lineno": 738, "ts": "2026-09-10T14:37:50.951211+00:00"}
{"message": "Application startup complete.", "severity": "INFO", "module": "on", "funcName": "startup", "lineno": 62, "ts": "2026-09-10T14:37:50.956782+00:00"}
{"message": "Uvicorn running on https://127.0.0.1:57664 (Press CTRL+C to quit)", "severity": "INFO", "module": "server", "funcName": "_log_started_message", "lineno": 224, "color_message": "Uvicorn running on \u001b[1m%s://%s:%d\u001b[0m (Press CTRL+C to quit)", "ts": "2026-09-10T14:37:50.956967+00:00"}
{"message": "127.0.0.1:59274 - \"GET /login HTTP/1.1\" 200", "severity": "INFO", "module": "h11_impl", "funcName": "send", "lineno": 481, "ts": "2026-09-10T14:38:35.421380+00:00"}
{"message": "127.0.0.1:59274 - \"GET /assets/manifest-d7f631c4.js HTTP/1.1\" 200", "severity": "INFO", "module": "h11_impl", "funcName": "send", "lineno": 481, "ts": "2026-09-10T14:38:35.445459+00:00"}
{"message": "127.0.0.1:59286 - \"GET /assets/root-D-LbRKNh.css HTTP/1.1\" 200", "severity": "INFO", "module": "h11_impl", "funcName": "send", "lineno": 481, "ts": "2026-09-10T14:38:35.451327+00:00"}
{"message": "127.0.0.1:59294 - \"GET /assets/query-keys-BSjaytiJ.js HTTP/1.1\" 200", "severity": "INFO", "module": "h11_impl", "funcName": "send", "lineno": 481, "ts": "2026-09-10T14:38:35.452283+00:00"}
{"message": "127.0.0.1:59308 - \"GET /assets/rate-limit-retry-DdZplSiD.js HTTP/1.1\" 200", "severity": "INFO", "module": "h11_impl", "funcName": "send", "lineno": 481, "ts": "2026-09-10T14:38:35.454453+00:00"}
{"message": "127.0.0.1:59274 - \"GET /assets/infiniteQueryBehavior-DZN75Mj9.js HTTP/1.1\" 200", "severity": "INFO", "module": "h11_impl", "funcName": "send", "lineno": 481, "ts": "2026-09-10T14:38:35.455554+00:00"}
{"message": "127.0.0.1:59320 - \"GET /assets/entry.client-Dw7KE7hM.js HTTP/1.1\" 200", "severity": "INFO", "module": "h11_impl", "funcName": "send", "lineno": 481, "ts": "2026-09-10T14:38:35.457789+00:00"}
{"message": "127.0.0.1:59322 - \"GET /assets/query-client-config-C2aiFcZM.js HTTP/1.1\" 200", "severity": "INFO", "module": "h11_impl", "funcName": "send", "lineno": 481, "ts": "2026-09-10T14:38:35.459180+00:00"}
{"message": "127.0.0.1:59294 - \"GET /assets/index-Dt4MV93j.js HTTP/1.1\" 200", "severity": "INFO", "module": "h11_impl", "funcName": "send", "lineno": 481, "ts": "2026-09-10T14:38:35.461009+00:00"}
{"message": "127.0.0.1:59308 - \"GET /assets/chunk-6CSD65Y2-UpbgoP9j.js HTTP/1.1\" 200", "severity": "INFO", "module": "h11_impl", "funcName": "send", "lineno": 481, "ts": "2026-09-10T14:38:35.464213+00:00"}
{"message": "127.0.0.1:59286 - \"GET /assets/preload-helper-Bc3Pu81E.js HTTP/1.1\" 200", "severity": "INFO", "module": "h11_impl", "funcName": "send", "lineno": 481, "ts": "2026-09-10T14:38:35.464646+00:00"}
{"message": "127.0.0.1:59274 - \"GET /assets/index-CXoKay-T.js HTTP/1.1\" 200", "severity": "INFO", "module": "h11_impl", "funcName": "send", "lineno": 481, "ts": "2026-09-10T14:38:35.465036+00:00"}
{"message": "127.0.0.1:59322 - \"GET /assets/declaration-Bwok30Lo.js HTTP/1.1\" 200", "severity": "INFO", "module": "h11_impl", "funcName": "send", "lineno": 481, "ts": "2026-09-10T14:38:35.468824+00:00"}
{"message": "127.0.0.1:59320 - \"GET /assets/index-tLtD-Cu0.js HTTP/1.1\" 200", "severity": "INFO", "module": "h11_impl", "funcName": "send", "lineno": 481, "ts": "2026-09-10T14:38:35.470765+00:00"}
{"message": "127.0.0.1:59294 - \"GET /assets/retrieve-axios-error-message-Dwxjb5f3.js HTTP/1.1\" 200", "severity": "INFO", "module": "h11_impl", "funcName": "send", "lineno": 481, "ts": "2026-09-10T14:38:35.471093+00:00"}
{"message": "127.0.0.1:59286 - \"GET /assets/custom-toast-handlers-CAVHstGd.js HTTP/1.1\" 200", "severity": "INFO", "module": "h11_impl", "funcName": "send", "lineno": 481, "ts": "2026-09-10T14:38:35.471989+00:00"}
{"message": "127.0.0.1:59274 - \"GET /assets/mutation-DSZmfvqD.js HTTP/1.1\" 200", "severity": "INFO", "module": "h11_impl", "funcName": "send", "lineno": 481, "ts": "2026-09-10T14:38:35.472276+00:00"}
{"message": "127.0.0.1:59308 - \"GET /assets/root-Cyf3bcFs.js HTTP/1.1\" 200", "severity": "INFO", "module": "h11_impl", "funcName": "send", "lineno": 481, "ts": "2026-09-10T14:38:35.472812+00:00"}
{"message": "127.0.0.1:59322 - \"GET /assets/use-invitation-M5_iS4Ov.js HTTP/1.1\" 200", "severity": "INFO", "module": "h11_impl", "funcName": "send", "lineno": 481, "ts": "2026-09-10T14:38:35.475186+00:00"}
{"message": "127.0.0.1:59294 - \"GET /assets/open-hands-axios-LzNSarGn.js HTTP/1.1\" 200", "severity": "INFO", "module": "h11_impl", "funcName": "send", "lineno": 481, "ts": "2026-09-10T14:38:35.475555+00:00"}
{"message": "127.0.0.1:59294 - \"GET /locales/en/translation.json HTTP/1.1\" 200", "severity": "INFO", "module": "h11_impl", "funcName": "send", "lineno": 481, "ts": "2026-09-10T14:38:35.496868+00:00"}
{"message": "127.0.0.1:59294 - \"GET /assets/login-CMNc1VtQ.js HTTP/1.1\" 200", "severity": "INFO", "module": "h11_impl", "funcName": "send", "lineno": 481, "ts": "2026-09-10T14:38:35.505682+00:00"}
{"message": "127.0.0.1:59274 - \"GET /assets/use-email-verification-S6_uU7s7.js HTTP/1.1\" 200", "severity": "INFO", "module": "h11_impl", "funcName": "send", "lineno": 481, "ts": "2026-09-10T14:38:35.522997+00:00"}
{"message": "127.0.0.1:59294 - \"GET /assets/use-is-authed-D8E0h2Jo.js HTTP/1.1\" 200", "severity": "INFO", "module": "h11_impl", "funcName": "send", "lineno": 481, "ts": "2026-09-10T14:38:35.523544+00:00"}
{"message": "127.0.0.1:59286 - \"GET /assets/use-config-Dh7W-dyl.js HTTP/1.1\" 200", "severity": "INFO", "module": "h11_impl", "funcName": "send", "lineno": 481, "ts": "2026-09-10T14:38:35.523678+00:00"}
{"message": "127.0.0.1:59308 - \"GET /assets/use-auth-url-M2suDX2e.js HTTP/1.1\" 200", "severity": "INFO", "module": "h11_impl", "funcName": "send", "lineno": 481, "ts": "2026-09-10T14:38:35.523971+00:00"}
{"message": "127.0.0.1:59320 - \"GET /assets/index-CcBMHdO5.js HTTP/1.1\" 200", "severity": "INFO", "module": "h11_impl", "funcName": "send", "lineno": 481, "ts": "2026-09-10T14:38:35.524328+00:00"}
{"message": "127.0.0.1:59274 - \"GET /assets/openhands-logo-white-cxeMkDJA.js HTTP/1.1\" 200", "severity": "INFO", "module": "h11_impl", "funcName": "send", "lineno": 481, "ts": "2026-09-10T14:38:35.537302+00:00"}
{"message": "127.0.0.1:59322 - \"GET /api/v1/web-client/config HTTP/1.1\" 200", "severity": "INFO", "module": "h11_impl", "funcName": "send", "lineno": 481, "ts": "2026-09-10T14:38:35.537768+00:00"}
{"message": "127.0.0.1:59286 - \"GET /assets/azure-devops-logo-DXPdTsmh.js HTTP/1.1\" 200", "severity": "INFO", "module": "h11_impl", "funcName": "send", "lineno": 481, "ts": "2026-09-10T14:38:35.538889+00:00"}
{"message": "127.0.0.1:59294 - \"GET /assets/useTranslation-i1xdxadn.js HTTP/1.1\" 200", "severity": "INFO", "module": "h11_impl", "funcName": "send", "lineno": 481, "ts": "2026-09-10T14:38:35.539530+00:00"}
{"message": "127.0.0.1:59308 - \"GET /assets/login-cta-B8n-JrN9.js HTTP/1.1\" 200", "severity": "INFO", "module": "h11_impl", "funcName": "send", "lineno": 481, "ts": "2026-09-10T14:38:35.539664+00:00"}
{"message": "127.0.0.1:59320 - \"GET /assets/utils-BYzDx4ip.js HTTP/1.1\" 200", "severity": "INFO", "module": "h11_impl", "funcName": "send", "lineno": 481, "ts": "2026-09-10T14:38:35.540322+00:00"}
{"message": "127.0.0.1:59322 - \"GET /assets/use-app-mode-B54Qx7LS.js HTTP/1.1\" 200", "severity": "INFO", "module": "h11_impl", "funcName": "send", "lineno": 481, "ts": "2026-09-10T14:38:35.547087+00:00"}
{"message": "127.0.0.1:59286 - \"GET /assets/modal-backdrop-B5BF9mZF.js HTTP/1.1\" 200", "severity": "INFO", "module": "h11_impl", "funcName": "send", "lineno": 481, "ts": "2026-09-10T14:38:35.549466+00:00"}
{"message": "127.0.0.1:59294 - \"GET /assets/brand-button-CB2ZqR1E.js HTTP/1.1\" 200", "severity": "INFO", "module": "h11_impl", "funcName": "send", "lineno": 481, "ts": "2026-09-10T14:38:35.549788+00:00"}
{"message": "127.0.0.1:59274 - \"GET /assets/modal-body-C_1-4ovn.js HTTP/1.1\" 200", "severity": "INFO", "module": "h11_impl", "funcName": "send", "lineno": 481, "ts": "2026-09-10T14:38:35.549891+00:00"}
{"message": "127.0.0.1:59308 - \"GET /assets/openhands-logo-DilX03Hr.js HTTP/1.1\" 200", "severity": "INFO", "module": "h11_impl", "funcName": "send", "lineno": 481, "ts": "2026-09-10T14:38:35.550481+00:00"}
{"message": "127.0.0.1:59320 - \"GET /assets/typography-CEll3mgr.js HTTP/1.1\" 200", "severity": "INFO", "module": "h11_impl", "funcName": "send", "lineno": 481, "ts": "2026-09-10T14:38:35.550773+00:00"}
{"message": "127.0.0.1:59322 - \"GET /assets/cross-app-redirect-CA1RAd_9.js HTTP/1.1\" 200", "severity": "INFO", "module": "h11_impl", "funcName": "send", "lineno": 481, "ts": "2026-09-10T14:38:35.554281+00:00"}
{"message": "127.0.0.1:59286 - \"GET /assets/use-auth-capabilities-EIdFh3Uu.js HTTP/1.1\" 200", "severity": "INFO", "module": "h11_impl", "funcName": "send", "lineno": 481, "ts": "2026-09-10T14:38:35.555570+00:00"}
{"message": "127.0.0.1:59294 - \"GET /assets/account-form-D3u4oKV4.js HTTP/1.1\" 200", "severity": "INFO", "module": "h11_impl", "funcName": "send", "lineno": 481, "ts": "2026-09-10T14:38:35.555756+00:00"}
{"message": "127.0.0.1:59308 - \"GET /assets/useMutation-8-YK4bsn.js HTTP/1.1\" 200", "severity": "INFO", "module": "h11_impl", "funcName": "send", "lineno": 481, "ts": "2026-09-10T14:38:35.556544+00:00"}
{"message": "127.0.0.1:59320 - \"GET /assets/iconBase-Dv4KA39o.js HTTP/1.1\" 200", "severity": "INFO", "module": "h11_impl", "funcName": "send", "lineno": 481, "ts": "2026-09-10T14:38:35.557067+00:00"}
{"message": "127.0.0.1:59274 - \"GET /assets/auth-service.api-DG-mQZWV.js HTTP/1.1\" 200", "severity": "INFO", "module": "h11_impl", "funcName": "send", "lineno": 481, "ts": "2026-09-10T14:38:35.557489+00:00"}
{"message": "127.0.0.1:59322 - \"GET /assets/card-BiCf3WY_.js HTTP/1.1\" 200", "severity": "INFO", "module": "h11_impl", "funcName": "send", "lineno": 481, "ts": "2026-09-10T14:38:35.560344+00:00"}
{"message": "127.0.0.1:59286 - \"GET /assets/card-title-DNMudsxn.js HTTP/1.1\" 200", "severity": "INFO", "module": "h11_impl", "funcName": "send", "lineno": 481, "ts": "2026-09-10T14:38:35.561657+00:00"}
{"message": "127.0.0.1:59294 - \"GET /assets/stacked-5ookcZbZ.js HTTP/1.1\" 200", "severity": "INFO", "module": "h11_impl", "funcName": "send", "lineno": 481, "ts": "2026-09-10T14:38:35.561847+00:00"}
{"message": "127.0.0.1:59294 - \"GET /api/auth/capabilities HTTP/1.1\" 200", "severity": "INFO", "module": "h11_impl", "funcName": "send", "lineno": 481, "ts": "2026-09-10T14:38:35.569480+00:00"}
{"message": "127.0.0.1:59286 - \"GET /api/auth/csrf HTTP/1.1\" 200", "severity": "INFO", "module": "h11_impl", "funcName": "send", "lineno": 481, "ts": "2026-09-10T14:38:35.569898+00:00"}
{"message": "127.0.0.1:59286 - \"POST /api/authenticate HTTP/1.1\" 401", "severity": "INFO", "module": "h11_impl", "funcName": "send", "lineno": 481, "ts": "2026-09-10T14:38:35.582391+00:00"}
{"message": "127.0.0.1:59286 - \"POST /api/auth/login HTTP/1.1\" 200", "severity": "INFO", "module": "h11_impl", "funcName": "send", "lineno": 481, "ts": "2026-09-10T14:38:35.893311+00:00"}
{"message": "127.0.0.1:59286 - \"GET / HTTP/1.1\" 200", "severity": "INFO", "module": "h11_impl", "funcName": "send", "lineno": 481, "ts": "2026-09-10T14:38:35.901862+00:00"}
{"message": "127.0.0.1:59286 - \"GET /assets/manifest-d7f631c4.js HTTP/1.1\" 200", "severity": "INFO", "module": "h11_impl", "funcName": "send", "lineno": 481, "ts": "2026-09-10T14:38:35.916508+00:00"}
{"message": "127.0.0.1:59274 - \"GET /assets/index-tLtD-Cu0.js HTTP/1.1\" 200", "severity": "INFO", "module": "h11_impl", "funcName": "send", "lineno": 481, "ts": "2026-09-10T14:38:35.917331+00:00"}
{"message": "127.0.0.1:59294 - \"GET /assets/entry.client-Dw7KE7hM.js HTTP/1.1\" 200", "severity": "INFO", "module": "h11_impl", "funcName": "send", "lineno": 481, "ts": "2026-09-10T14:38:35.917838+00:00"}
{"message": "127.0.0.1:59320 - \"GET /assets/custom-toast-handlers-CAVHstGd.js HTTP/1.1\" 200", "severity": "INFO", "module": "h11_impl", "funcName": "send", "lineno": 481, "ts": "2026-09-10T14:38:35.918188+00:00"}
{"message": "127.0.0.1:59308 - \"GET /assets/open-hands-axios-LzNSarGn.js HTTP/1.1\" 200", "severity": "INFO", "module": "h11_impl", "funcName": "send", "lineno": 481, "ts": "2026-09-10T14:38:35.918524+00:00"}
{"message": "127.0.0.1:59322 - \"GET /assets/chunk-6CSD65Y2-UpbgoP9j.js HTTP/1.1\" 200", "severity": "INFO", "module": "h11_impl", "funcName": "send", "lineno": 481, "ts": "2026-09-10T14:38:35.918808+00:00"}
{"message": "127.0.0.1:59286 - \"GET /assets/root-D-LbRKNh.css HTTP/1.1\" 200", "severity": "INFO", "module": "h11_impl", "funcName": "send", "lineno": 481, "ts": "2026-09-10T14:38:35.925454+00:00"}
{"message": "127.0.0.1:59274 - \"GET /assets/query-client-config-C2aiFcZM.js HTTP/1.1\" 200", "severity": "INFO", "module": "h11_impl", "funcName": "send", "lineno": 481, "ts": "2026-09-10T14:38:35.926194+00:00"}
{"message": "127.0.0.1:59308 - \"GET /assets/query-keys-BSjaytiJ.js HTTP/1.1\" 200", "severity": "INFO", "module": "h11_impl", "funcName": "send", "lineno": 481, "ts": "2026-09-10T14:38:35.926755+00:00"}
{"message": "127.0.0.1:59320 - \"GET /assets/index-Dt4MV93j.js HTTP/1.1\" 200", "severity": "INFO", "module": "h11_impl", "funcName": "send", "lineno": 481, "ts": "2026-09-10T14:38:35.927219+00:00"}
{"message": "127.0.0.1:59294 - \"GET /assets/index-CXoKay-T.js HTTP/1.1\" 200", "severity": "INFO", "module": "h11_impl", "funcName": "send", "lineno": 481, "ts": "2026-09-10T14:38:35.928230+00:00"}
{"message": "127.0.0.1:59322 - \"GET /assets/preload-helper-Bc3Pu81E.js HTTP/1.1\" 200", "severity": "INFO", "module": "h11_impl", "funcName": "send", "lineno": 481, "ts": "2026-09-10T14:38:35.928506+00:00"}
{"message": "127.0.0.1:59274 - \"GET /assets/declaration-Bwok30Lo.js HTTP/1.1\" 200", "severity": "INFO", "module": "h11_impl", "funcName": "send", "lineno": 481, "ts": "2026-09-10T14:38:35.933007+00:00"}
{"message": "127.0.0.1:59308 - \"GET /assets/retrieve-axios-error-message-Dwxjb5f3.js HTTP/1.1\" 200", "severity": "INFO", "module": "h11_impl", "funcName": "send", "lineno": 481, "ts": "2026-09-10T14:38:35.934212+00:00"}
{"message": "127.0.0.1:59294 - \"GET /assets/rate-limit-retry-DdZplSiD.js HTTP/1.1\" 200", "severity": "INFO", "module": "h11_impl", "funcName": "send", "lineno": 481, "ts": "2026-09-10T14:38:35.935616+00:00"}
{"message": "127.0.0.1:59322 - \"GET /assets/mutation-DSZmfvqD.js HTTP/1.1\" 200", "severity": "INFO", "module": "h11_impl", "funcName": "send", "lineno": 481, "ts": "2026-09-10T14:38:35.935996+00:00"}
{"message": "127.0.0.1:59320 - \"GET /assets/infiniteQueryBehavior-DZN75Mj9.js HTTP/1.1\" 200", "severity": "INFO", "module": "h11_impl", "funcName": "send", "lineno": 481, "ts": "2026-09-10T14:38:35.936787+00:00"}
{"message": "127.0.0.1:59286 - \"GET /assets/root-Cyf3bcFs.js HTTP/1.1\" 200", "severity": "INFO", "module": "h11_impl", "funcName": "send", "lineno": 481, "ts": "2026-09-10T14:38:35.938113+00:00"}
{"message": "127.0.0.1:59308 - \"GET /assets/use-invitation-M5_iS4Ov.js HTTP/1.1\" 200", "severity": "INFO", "module": "h11_impl", "funcName": "send", "lineno": 481, "ts": "2026-09-10T14:38:35.939387+00:00"}
{"message": "127.0.0.1:59308 - \"GET /locales/en/translation.json HTTP/1.1\" 200", "severity": "INFO", "module": "h11_impl", "funcName": "send", "lineno": 481, "ts": "2026-09-10T14:38:35.952137+00:00"}
{"message": "127.0.0.1:59294 - \"GET /api/v1/web-client/config HTTP/1.1\" 200", "severity": "INFO", "module": "h11_impl", "funcName": "send", "lineno": 481, "ts": "2026-09-10T14:38:35.952974+00:00"}
{"message": "127.0.0.1:59286 - \"GET /assets/root-layout-ClPiNWoF.js HTTP/1.1\" 200", "severity": "INFO", "module": "h11_impl", "funcName": "send", "lineno": 481, "ts": "2026-09-10T14:38:35.953167+00:00"}
{"message": "127.0.0.1:59320 - \"GET /assets/home-B9be-sc-.js HTTP/1.1\" 200", "severity": "INFO", "module": "h11_impl", "funcName": "send", "lineno": 481, "ts": "2026-09-10T14:38:35.953926+00:00"}
{"message": "127.0.0.1:59320 - \"GET /assets/use-is-authed-D8E0h2Jo.js HTTP/1.1\" 200", "severity": "INFO", "module": "h11_impl", "funcName": "send", "lineno": 481, "ts": "2026-09-10T14:38:35.969649+00:00"}
{"message": "127.0.0.1:59286 - \"GET /assets/use-config-Dh7W-dyl.js HTTP/1.1\" 200", "severity": "INFO", "module": "h11_impl", "funcName": "send", "lineno": 481, "ts": "2026-09-10T14:38:35.971422+00:00"}
{"message": "127.0.0.1:59308 - \"GET /assets/user-service.api-CSKE8tMw.js HTTP/1.1\" 200", "severity": "INFO", "module": "h11_impl", "funcName": "send", "lineno": 481, "ts": "2026-09-10T14:38:35.972441+00:00"}
{"message": "127.0.0.1:59294 - \"GET /assets/sandbox-status-indicator-De-qu6-K.js HTTP/1.1\" 200", "severity": "INFO", "module": "h11_impl", "funcName": "send", "lineno": 481, "ts": "2026-09-10T14:38:35.973896+00:00"}
{"message": "127.0.0.1:59322 - \"GET /assets/use-logout-SxGpq-OD.js HTTP/1.1\" 200", "severity": "INFO", "module": "h11_impl", "funcName": "send", "lineno": 481, "ts": "2026-09-10T14:38:35.974689+00:00"}
{"message": "127.0.0.1:59274 - \"GET /assets/loading-spinner-sGH7m1sO.js HTTP/1.1\" 200", "severity": "INFO", "module": "h11_impl", "funcName": "send", "lineno": 481, "ts": "2026-09-10T14:38:35.975691+00:00"}
{"message": "127.0.0.1:59320 - \"GET /assets/utils-BYzDx4ip.js HTTP/1.1\" 200", "severity": "INFO", "module": "h11_impl", "funcName": "send", "lineno": 481, "ts": "2026-09-10T14:38:35.979037+00:00"}
{"message": "127.0.0.1:59286 - \"GET /assets/useTranslation-i1xdxadn.js HTTP/1.1\" 200", "severity": "INFO", "module": "h11_impl", "funcName": "send", "lineno": 481, "ts": "2026-09-10T14:38:35.981800+00:00"}
{"message": "127.0.0.1:59308 - \"GET /assets/use-me-Dizf1yD1.js HTTP/1.1\" 200", "severity": "INFO", "module": "h11_impl", "funcName": "send", "lineno": 481, "ts": "2026-09-10T14:38:35.982165+00:00"}
{"message": "127.0.0.1:59274 - \"GET /assets/settings-nav-divider-DNWs2xzQ.js HTTP/1.1\" 200", "severity": "INFO", "module": "h11_impl", "funcName": "send", "lineno": 481, "ts": "2026-09-10T14:38:35.984499+00:00"}
{"message": "127.0.0.1:59294 - \"GET /assets/settings-gear-QGZieQG5.js HTTP/1.1\" 200", "severity": "INFO", "module": "h11_impl", "funcName": "send", "lineno": 481, "ts": "2026-09-10T14:38:35.985484+00:00"}
{"message": "127.0.0.1:59322 - \"GET /assets/index-Cl4PwBnF.js HTTP/1.1\" 200", "severity": "INFO", "module": "h11_impl", "funcName": "send", "lineno": 481, "ts": "2026-09-10T14:38:35.985671+00:00"}
{"message": "127.0.0.1:59320 - \"GET /assets/index-BA1di30B.js HTTP/1.1\" 200", "severity": "INFO", "module": "h11_impl", "funcName": "send", "lineno": 481, "ts": "2026-09-10T14:38:35.987854+00:00"}
{"message": "127.0.0.1:59286 - \"GET /assets/context-menu-rVWPDAtP.js HTTP/1.1\" 200", "severity": "INFO", "module": "h11_impl", "funcName": "send", "lineno": 481, "ts": "2026-09-10T14:38:35.990871+00:00"}
{"message": "127.0.0.1:59308 - \"GET /assets/card-BiCf3WY_.js HTTP/1.1\" 200", "severity": "INFO", "module": "h11_impl", "funcName": "send", "lineno": 481, "ts": "2026-09-10T14:38:35.994035+00:00"}
{"message": "127.0.0.1:59274 - \"GET /assets/card-title-DNMudsxn.js HTTP/1.1\" 200", "severity": "INFO", "module": "h11_impl", "funcName": "send", "lineno": 481, "ts": "2026-09-10T14:38:35.994670+00:00"}
{"message": "127.0.0.1:59322 - \"GET /assets/typography-CEll3mgr.js HTTP/1.1\" 200", "severity": "INFO", "module": "h11_impl", "funcName": "send", "lineno": 481, "ts": "2026-09-10T14:38:35.995547+00:00"}
{"message": "127.0.0.1:59294 - \"GET /assets/stacked-5ookcZbZ.js HTTP/1.1\" 200", "severity": "INFO", "module": "h11_impl", "funcName": "send", "lineno": 481, "ts": "2026-09-10T14:38:35.995695+00:00"}
{"message": "127.0.0.1:59320 - \"GET /assets/chunk-AUA5GDXN-WvNegR2I.js HTTP/1.1\" 200", "severity": "INFO", "module": "h11_impl", "funcName": "send", "lineno": 481, "ts": "2026-09-10T14:38:35.997987+00:00"}
{"message": "127.0.0.1:59286 - \"GET /assets/use-should-hide-org-selector-CpSd0fQ-.js HTTP/1.1\" 200", "severity": "INFO", "module": "h11_impl", "funcName": "send", "lineno": 481, "ts": "2026-09-10T14:38:35.999755+00:00"}
{"message": "127.0.0.1:59308 - \"GET /assets/settings-nav-header-Dnv4GU50.js HTTP/1.1\" 200", "severity": "INFO", "module": "h11_impl", "funcName": "send", "lineno": 481, "ts": "2026-09-10T14:38:36.002072+00:00"}
{"message": "127.0.0.1:59274 - \"GET /assets/use-app-mode-B54Qx7LS.js HTTP/1.1\" 200", "severity": "INFO", "module": "h11_impl", "funcName": "send", "lineno": 481, "ts": "2026-09-10T14:38:36.002867+00:00"}
{"message": "127.0.0.1:59322 - \"GET /assets/invite-organization-member-modal-D4MJ3CFv.js HTTP/1.1\" 200", "severity": "INFO", "module": "h11_impl", "funcName": "send", "lineno": 481, "ts": "2026-09-10T14:38:36.003271+00:00"}
{"message": "127.0.0.1:59294 - \"GET /assets/org-modal-BRTBwe_B.js HTTP/1.1\" 200", "severity": "INFO", "module": "h11_impl", "funcName": "send", "lineno": 481, "ts": "2026-09-10T14:38:36.003769+00:00"}
{"message": "127.0.0.1:59320 - \"GET /assets/useMutation-8-YK4bsn.js HTTP/1.1\" 200", "severity": "INFO", "module": "h11_impl", "funcName": "send", "lineno": 481, "ts": "2026-09-10T14:38:36.004942+00:00"}
{"message": "127.0.0.1:59286 - \"GET /assets/organization-service.api-DAj5yeBR.js HTTP/1.1\" 200", "severity": "INFO", "module": "h11_impl", "funcName": "send", "lineno": 481, "ts": "2026-09-10T14:38:36.006316+00:00"}
{"message": "127.0.0.1:59308 - \"GET /assets/openhands-logo-DilX03Hr.js HTTP/1.1\" 200", "severity": "INFO", "module": "h11_impl", "funcName": "send", "lineno": 481, "ts": "2026-09-10T14:38:36.009360+00:00"}
{"message": "127.0.0.1:59274 - \"GET /assets/styled-tooltip-k9fZGNHu.js HTTP/1.1\" 200", "severity": "INFO", "module": "h11_impl", "funcName": "send", "lineno": 481, "ts": "2026-09-10T14:38:36.009682+00:00"}
{"message": "127.0.0.1:59322 - \"GET /assets/modal-backdrop-B5BF9mZF.js HTTP/1.1\" 200", "severity": "INFO", "module": "h11_impl", "funcName": "send", "lineno": 481, "ts": "2026-09-10T14:38:36.010172+00:00"}
{"message": "127.0.0.1:59294 - \"GET /assets/base-modal-8sJuGqdJ.js HTTP/1.1\" 200", "severity": "INFO", "module": "h11_impl", "funcName": "send", "lineno": 481, "ts": "2026-09-10T14:38:36.010723+00:00"}
{"message": "127.0.0.1:59320 - \"GET /assets/permissions-a6OWVwNd.js HTTP/1.1\" 200", "severity": "INFO", "module": "h11_impl", "funcName": "send", "lineno": 481, "ts": "2026-09-10T14:38:36.011834+00:00"}
{"message": "127.0.0.1:59286 - \"GET /assets/model-selector-B_esEVWk.js HTTP/1.1\" 200", "severity": "INFO", "module": "h11_impl", "funcName": "send", "lineno": 481, "ts": "2026-09-10T14:38:36.013659+00:00"}
{"message": "127.0.0.1:59308 - \"GET /assets/brand-button-CB2ZqR1E.js HTTP/1.1\" 200", "severity": "INFO", "module": "h11_impl", "funcName": "send", "lineno": 481, "ts": "2026-09-10T14:38:36.017286+00:00"}
{"message": "127.0.0.1:59274 - \"GET /assets/settings-input-DeV8o5x5.js HTTP/1.1\" 200", "severity": "INFO", "module": "h11_impl", "funcName": "send", "lineno": 481, "ts": "2026-09-10T14:38:36.017921+00:00"}
{"message": "127.0.0.1:59294 - \"GET /assets/help-link-DcOVRYm_.js HTTP/1.1\" 200", "severity": "INFO", "module": "h11_impl", "funcName": "send", "lineno": 481, "ts": "2026-09-10T14:38:36.018158+00:00"}
{"message": "127.0.0.1:59322 - \"GET /assets/use-save-settings-DbZtTQUT.js HTTP/1.1\" 200", "severity": "INFO", "module": "h11_impl", "funcName": "send", "lineno": 481, "ts": "2026-09-10T14:38:36.018483+00:00"}
{"message": "127.0.0.1:59286 - \"GET /assets/constants-BAVPcVUC.js HTTP/1.1\" 200", "severity": "INFO", "module": "h11_impl", "funcName": "send", "lineno": 481, "ts": "2026-09-10T14:38:36.018737+00:00"}
{"message": "127.0.0.1:59320 - \"GET /assets/sdk-settings-schema-ysVUDYQY.js HTTP/1.1\" 200", "severity": "INFO", "module": "h11_impl", "funcName": "send", "lineno": 481, "ts": "2026-09-10T14:38:36.019067+00:00"}
{"message": "127.0.0.1:59308 - \"GET /assets/use-settings-DDjmuEGm.js HTTP/1.1\" 200", "severity": "INFO", "module": "h11_impl", "funcName": "send", "lineno": 481, "ts": "2026-09-10T14:38:36.024454+00:00"}
{"message": "127.0.0.1:59274 - \"GET /assets/use-infinite-scroll-ug_PCwOE.js HTTP/1.1\" 200", "severity": "INFO", "module": "h11_impl", "funcName": "send", "lineno": 481, "ts": "2026-09-10T14:38:36.025154+00:00"}
{"message": "127.0.0.1:59294 - \"GET /assets/v1-conversation-service.api-Bp7sNLu0.js HTTP/1.1\" 200", "severity": "INFO", "module": "h11_impl", "funcName": "send", "lineno": 481, "ts": "2026-09-10T14:38:36.025465+00:00"}
{"message": "127.0.0.1:59322 - \"GET /assets/modal-body-C_1-4ovn.js HTTP/1.1\" 200", "severity": "INFO", "module": "h11_impl", "funcName": "send", "lineno": 481, "ts": "2026-09-10T14:38:36.025821+00:00"}
{"message": "127.0.0.1:59286 - \"GET /assets/conversation-service.api-EKAoYc9o.js HTTP/1.1\" 200", "severity": "INFO", "module": "h11_impl", "funcName": "send", "lineno": 481, "ts": "2026-09-10T14:38:36.025926+00:00"}
{"message": "127.0.0.1:59320 - \"GET /assets/agent-chip-icon-X2ZJp6do.js HTTP/1.1\" 200", "severity": "INFO", "module": "h11_impl", "funcName": "send", "lineno": 481, "ts": "2026-09-10T14:38:36.026033+00:00"}
{"message": "127.0.0.1:59308 - \"GET /assets/conversation-name-context-menu-icon-text-B1HvcP85.js HTTP/1.1\" 200", "severity": "INFO", "module": "h11_impl", "funcName": "send", "lineno": 481, "ts": "2026-09-10T14:38:36.029717+00:00"}
{"message": "127.0.0.1:59274 - \"GET /assets/u-edit-Cw7UgFQ4.js HTTP/1.1\" 200", "severity": "INFO", "module": "h11_impl", "funcName": "send", "lineno": 481, "ts": "2026-09-10T14:38:36.030064+00:00"}
{"message": "127.0.0.1:59294 - \"GET /assets/u-delete-CqpdoXH5.js HTTP/1.1\" 200", "severity": "INFO", "module": "h11_impl", "funcName": "send", "lineno": 481, "ts": "2026-09-10T14:38:36.030416+00:00"}
{"message": "127.0.0.1:59320 - \"GET /assets/index-CcBMHdO5.js HTTP/1.1\" 200", "severity": "INFO", "module": "h11_impl", "funcName": "send", "lineno": 481, "ts": "2026-09-10T14:38:36.030955+00:00"}
{"message": "127.0.0.1:59322 - \"GET /assets/index-BR5f3GK5.js HTTP/1.1\" 200", "severity": "INFO", "module": "h11_impl", "funcName": "send", "lineno": 481, "ts": "2026-09-10T14:38:36.031100+00:00"}
{"message": "127.0.0.1:59286 - \"GET /assets/format-time-delta-CgY-HPrl.js HTTP/1.1\" 200", "severity": "INFO", "module": "h11_impl", "funcName": "send", "lineno": 481, "ts": "2026-09-10T14:38:36.031162+00:00"}
{"message": "127.0.0.1:59308 - \"GET /assets/azure-devops-logo-DXPdTsmh.js HTTP/1.1\" 200", "severity": "INFO", "module": "h11_impl", "funcName": "send", "lineno": 481, "ts": "2026-09-10T14:38:36.035097+00:00"}
{"message": "127.0.0.1:59274 - \"GET /assets/handle-capture-consent-BKBd3oL3.js HTTP/1.1\" 200", "severity": "INFO", "module": "h11_impl", "funcName": "send", "lineno": 481, "ts": "2026-09-10T14:38:36.035461+00:00"}
{"message": "127.0.0.1:59294 - \"GET /assets/use-auth-capabilities-EIdFh3Uu.js HTTP/1.1\" 200", "severity": "INFO", "module": "h11_impl", "funcName": "send", "lineno": 481, "ts": "2026-09-10T14:38:36.035680+00:00"}
{"message": "127.0.0.1:59320 - \"GET /assets/local-storage-BL98fNWo.js HTTP/1.1\" 200", "severity": "INFO", "module": "h11_impl", "funcName": "send", "lineno": 481, "ts": "2026-09-10T14:38:36.036030+00:00"}
{"message": "127.0.0.1:59322 - \"GET /assets/use-auth-url-M2suDX2e.js HTTP/1.1\" 200", "severity": "INFO", "module": "h11_impl", "funcName": "send", "lineno": 481, "ts": "2026-09-10T14:38:36.036589+00:00"}
{"message": "127.0.0.1:59286 - \"GET /assets/cross-app-redirect-CA1RAd_9.js HTTP/1.1\" 200", "severity": "INFO", "module": "h11_impl", "funcName": "send", "lineno": 481, "ts": "2026-09-10T14:38:36.036942+00:00"}
{"message": "127.0.0.1:59308 - \"GET /assets/use-organizations-Du6jQWrG.js HTTP/1.1\" 200", "severity": "INFO", "module": "h11_impl", "funcName": "send", "lineno": 481, "ts": "2026-09-10T14:38:36.040186+00:00"}
{"message": "127.0.0.1:59274 - \"GET /assets/use-onboarding-status-D8-nDDLa.js HTTP/1.1\" 200", "severity": "INFO", "module": "h11_impl", "funcName": "send", "lineno": 481, "ts": "2026-09-10T14:38:36.040467+00:00"}
{"message": "127.0.0.1:59320 - \"GET /assets/use-user-conversation-Cid1kHvb.js HTTP/1.1\" 200", "severity": "INFO", "module": "h11_impl", "funcName": "send", "lineno": 481, "ts": "2026-09-10T14:38:36.041086+00:00"}
{"message": "127.0.0.1:59294 - \"GET /assets/close-5k7m9tBa.js HTTP/1.1\" 200", "severity": "INFO", "module": "h11_impl", "funcName": "send", "lineno": 481, "ts": "2026-09-10T14:38:36.041581+00:00"}
{"message": "127.0.0.1:59322 - \"GET /assets/auth-service.api-DG-mQZWV.js HTTP/1.1\" 200", "severity": "INFO", "module": "h11_impl", "funcName": "send", "lineno": 481, "ts": "2026-09-10T14:38:36.041839+00:00"}
{"message": "127.0.0.1:59286 - \"GET /assets/use-user-providers-De-NIh9j.js HTTP/1.1\" 200", "severity": "INFO", "module": "h11_impl", "funcName": "send", "lineno": 481, "ts": "2026-09-10T14:38:36.042068+00:00"}
{"message": "127.0.0.1:59308 - \"GET /assets/useInfiniteQuery-bO1xC7Iy.js HTTP/1.1\" 200", "severity": "INFO", "module": "h11_impl", "funcName": "send", "lineno": 481, "ts": "2026-09-10T14:38:36.046745+00:00"}
{"message": "127.0.0.1:59274 - \"GET /assets/iconBase-Dv4KA39o.js HTTP/1.1\" 200", "severity": "INFO", "module": "h11_impl", "funcName": "send", "lineno": 481, "ts": "2026-09-10T14:38:36.047020+00:00"}
{"message": "127.0.0.1:59320 - \"GET /assets/dropdown-npgxgKWR.js HTTP/1.1\" 200", "severity": "INFO", "module": "h11_impl", "funcName": "send", "lineno": 481, "ts": "2026-09-10T14:38:36.047381+00:00"}
{"message": "127.0.0.1:59322 - \"GET /assets/downshift.esm-BbaUJ_tW.js HTTP/1.1\" 200", "severity": "INFO", "module": "h11_impl", "funcName": "send", "lineno": 481, "ts": "2026-09-10T14:38:36.047844+00:00"}
{"message": "127.0.0.1:59294 - \"GET /assets/createLucideIcon-BxzTDeUp.js HTTP/1.1\" 200", "severity": "INFO", "module": "h11_impl", "funcName": "send", "lineno": 481, "ts": "2026-09-10T14:38:36.048104+00:00"}
{"message": "127.0.0.1:59286 - \"GET /assets/x-BsgLjmSr.js HTTP/1.1\" 200", "severity": "INFO", "module": "h11_impl", "funcName": "send", "lineno": 481, "ts": "2026-09-10T14:38:36.048468+00:00"}
{"message": "127.0.0.1:59308 - \"GET /assets/u-puzzle-piece-DZAj73nM.js HTTP/1.1\" 200", "severity": "INFO", "module": "h11_impl", "funcName": "send", "lineno": 481, "ts": "2026-09-10T14:38:36.052663+00:00"}
{"message": "127.0.0.1:59320 - \"GET /assets/chevron-down-DJLF3NWr.js HTTP/1.1\" 200", "severity": "INFO", "module": "h11_impl", "funcName": "send", "lineno": 481, "ts": "2026-09-10T14:38:36.052772+00:00"}
{"message": "127.0.0.1:59274 - \"GET /assets/user-BZaYcIDI.js HTTP/1.1\" 200", "severity": "INFO", "module": "h11_impl", "funcName": "send", "lineno": 481, "ts": "2026-09-10T14:38:36.053088+00:00"}
{"message": "127.0.0.1:59322 - \"GET /assets/billing-visibility-D5M6Ccfy.js HTTP/1.1\" 200", "severity": "INFO", "module": "h11_impl", "funcName": "send", "lineno": 481, "ts": "2026-09-10T14:38:36.053465+00:00"}
{"message": "127.0.0.1:59294 - \"GET /assets/use-permissions-Cw6_6mp8.js HTTP/1.1\" 200", "severity": "INFO", "module": "h11_impl", "funcName": "send", "lineno": 481, "ts": "2026-09-10T14:38:36.053686+00:00"}
{"message": "127.0.0.1:59286 - \"GET /assets/Trans-B9E-JHZU.js HTTP/1.1\" 200", "severity": "INFO", "module": "h11_impl", "funcName": "send", "lineno": 481, "ts": "2026-09-10T14:38:36.053833+00:00"}
{"message": "127.0.0.1:59320 - \"GET /assets/chunk-RXKUWVQZ-D1OtVlZP.js HTTP/1.1\" 200", "severity": "INFO", "module": "h11_impl", "funcName": "send", "lineno": 481, "ts": "2026-09-10T14:38:36.057876+00:00"}
{"message": "127.0.0.1:59274 - \"GET /assets/input-validation-hr7xwKOy.js HTTP/1.1\" 200", "severity": "INFO", "module": "h11_impl", "funcName": "send", "lineno": 481, "ts": "2026-09-10T14:38:36.057999+00:00"}
{"message": "127.0.0.1:59308 - \"GET /assets/index-OXd_jqD1.js HTTP/1.1\" 200", "severity": "INFO", "module": "h11_impl", "funcName": "send", "lineno": 481, "ts": "2026-09-10T14:38:36.058084+00:00"}
{"message": "127.0.0.1:59322 - \"GET /assets/optional-tag-CEdAG4AY.js HTTP/1.1\" 200", "severity": "INFO", "module": "h11_impl", "funcName": "send", "lineno": 481, "ts": "2026-09-10T14:38:36.058440+00:00"}
{"message": "127.0.0.1:59294 - \"GET /assets/openhands-logo-white-cxeMkDJA.js HTTP/1.1\" 200", "severity": "INFO", "module": "h11_impl", "funcName": "send", "lineno": 481, "ts": "2026-09-10T14:38:36.058938+00:00"}
{"message": "127.0.0.1:59286 - \"GET /assets/sandbox-service.api--HJWqUv9.js HTTP/1.1\" 200", "severity": "INFO", "module": "h11_impl", "funcName": "send", "lineno": 481, "ts": "2026-09-10T14:38:36.059174+00:00"}
{"message": "127.0.0.1:59274 - \"GET /assets/use-create-conversation-Cq1eb-NT.js HTTP/1.1\" 200", "severity": "INFO", "module": "h11_impl", "funcName": "send", "lineno": 481, "ts": "2026-09-10T14:38:36.063940+00:00"}
{"message": "127.0.0.1:59322 - \"GET /assets/git-repo-dropdown-g69fC8tx.js HTTP/1.1\" 200", "severity": "INFO", "module": "h11_impl", "funcName": "send", "lineno": 481, "ts": "2026-09-10T14:38:36.064580+00:00"}
{"message": "127.0.0.1:59294 - \"GET /assets/optimistic-user-message-store-Cxxipzgc.js HTTP/1.1\" 200", "severity": "INFO", "module": "h11_impl", "funcName": "send", "lineno": 481, "ts": "2026-09-10T14:38:36.065179+00:00"}
{"message": "127.0.0.1:59286 - \"GET /assets/use-debounce-Ws-HtAm7.js HTTP/1.1\" 200", "severity": "INFO", "module": "h11_impl", "funcName": "send", "lineno": 481, "ts": "2026-09-10T14:38:36.065793+00:00"}
{"message": "127.0.0.1:59320 - \"GET /assets/settings-yZvhRmJJ.js HTTP/1.1\" 200", "severity": "INFO", "module": "h11_impl", "funcName": "send", "lineno": 481, "ts": "2026-09-10T14:38:36.065981+00:00"}
{"message": "127.0.0.1:59320 - \"GET /api/auth/csrf HTTP/1.1\" 200", "severity": "INFO", "module": "h11_impl", "funcName": "send", "lineno": 481, "ts": "2026-09-10T14:38:36.075836+00:00"}
{"message": "127.0.0.1:59286 - \"GET /api/auth/capabilities HTTP/1.1\" 200", "severity": "INFO", "module": "h11_impl", "funcName": "send", "lineno": 481, "ts": "2026-09-10T14:38:37.077048+00:00"}
{"message": "127.0.0.1:59320 - \"POST /api/authenticate HTTP/1.1\" 200", "severity": "INFO", "module": "h11_impl", "funcName": "send", "lineno": 481, "ts": "2026-09-10T14:38:37.094022+00:00"}
{"message": "127.0.0.1:59320 - \"GET /assets/index-DWt18b-i.js HTTP/1.1\" 200", "severity": "INFO", "module": "h11_impl", "funcName": "send", "lineno": 481, "ts": "2026-09-10T14:38:37.114112+00:00"}
{"message": "127.0.0.1:59286 - \"GET /assets/gestures-JaRNb3Lx.js HTTP/1.1\" 200", "severity": "INFO", "module": "h11_impl", "funcName": "send", "lineno": 481, "ts": "2026-09-10T14:38:37.114296+00:00"}
{"message": "Listing organizations for user", "severity": "INFO", "module": "orgs", "funcName": "list_user_orgs", "lineno": 161, "user_id": "0dfec177-08aa-4cac-8292-e33dc9fd377e", "page_id": null, "limit": 100, "ts": "2026-09-10T14:38:37.128465+00:00"}
{"message": "Successfully retrieved organizations", "severity": "INFO", "module": "orgs", "funcName": "list_user_orgs", "lineno": 189, "user_id": "0dfec177-08aa-4cac-8292-e33dc9fd377e", "org_count": 1, "has_more": false, "ts": "2026-09-10T14:38:37.160963+00:00"}
{"message": "127.0.0.1:59294 - \"GET /api/organizations HTTP/1.1\" 200", "severity": "INFO", "module": "h11_impl", "funcName": "send", "lineno": 481, "ts": "2026-09-10T14:38:37.161701+00:00"}
{"message": "127.0.0.1:59274 - \"GET /api/onboarding_status HTTP/1.1\" 200", "severity": "INFO", "module": "h11_impl", "funcName": "send", "lineno": 481, "ts": "2026-09-10T14:38:37.187239+00:00"}
{"message": "Retrieving current member details", "severity": "INFO", "module": "orgs", "funcName": "get_me", "lineno": 661, "user_id": "0dfec177-08aa-4cac-8292-e33dc9fd377e", "org_id": "0dfec177-08aa-4cac-8292-e33dc9fd377e", "ts": "2026-09-10T14:38:37.194343+00:00"}
{"message": "127.0.0.1:59294 - \"GET /api/organizations/0dfec177-08aa-4cac-8292-e33dc9fd377e/me HTTP/1.1\" 200", "severity": "INFO", "module": "h11_impl", "funcName": "send", "lineno": 481, "ts": "2026-09-10T14:38:37.210265+00:00"}
{"message": "127.0.0.1:59322 - \"GET /api/v1/app-conversations/search?limit=10 HTTP/1.1\" 200", "severity": "INFO", "module": "h11_impl", "funcName": "send", "lineno": 481, "ts": "2026-09-10T14:38:37.211405+00:00"}
{"message": "127.0.0.1:59286 - \"GET /api/v1/settings HTTP/1.1\" 200", "severity": "INFO", "module": "h11_impl", "funcName": "send", "lineno": 481, "ts": "2026-09-10T14:38:37.226680+00:00"}
{"message": "127.0.0.1:59286 - \"GET /api/v1/users/git-info HTTP/1.1\" 200", "severity": "INFO", "module": "h11_impl", "funcName": "send", "lineno": 481, "ts": "2026-09-10T14:38:37.266263+00:00"}
{"message": "127.0.0.1:59322 - \"GET /api/v1/git/installations/search?provider=github&limit=100 HTTP/1.1\" 200", "severity": "INFO", "module": "h11_impl", "funcName": "send", "lineno": 481, "ts": "2026-09-10T14:38:37.267177+00:00"}
{"message": "Error processing PR response: 'user'", "severity": "INFO", "module": "features", "funcName": "get_suggested_tasks", "lineno": 96, "signal": "github_suggested_tasks", "user_id": "0dfec177-08aa-4cac-8292-e33dc9fd377e", "ts": "2026-09-10T14:38:37.268670+00:00"}
{"message": "Error processing issue response: 'user'", "severity": "INFO", "module": "features", "funcName": "get_suggested_tasks", "lineno": 130, "signal": "github_suggested_tasks", "user_id": "0dfec177-08aa-4cac-8292-e33dc9fd377e", "ts": "2026-09-10T14:38:37.268830+00:00"}
{"message": "127.0.0.1:59294 - \"GET /api/v1/git/suggested-tasks/search?limit=30 HTTP/1.1\" 200", "severity": "INFO", "module": "h11_impl", "funcName": "send", "lineno": 481, "ts": "2026-09-10T14:38:37.269268+00:00"}
{"message": "Starting agent process for sandbox 17rgXwQQycctDgETVPnwOK: /Users/jlaverty/dev/enterprise/.pr/auth-browser/agent_transport.py -m openhands.agent_server --port 8000", "severity": "INFO", "module": "process_sandbox_service", "funcName": "_start_agent_process", "lineno": 138, "ts": "2026-09-10T14:38:46.869600+00:00"}
{"message": "127.0.0.1:59342 - \"POST /api/v1/app-conversations HTTP/1.1\" 200", "severity": "INFO", "module": "h11_impl", "funcName": "send", "lineno": 481, "ts": "2026-09-10T14:38:46.876530+00:00"}
{"message": "127.0.0.1:59342 - \"GET /assets/conversation-BYMeMp9f.js HTTP/1.1\" 200", "severity": "INFO", "module": "h11_impl", "funcName": "send", "lineno": 481, "ts": "2026-09-10T14:38:46.886261+00:00"}
{"message": "127.0.0.1:59348 - \"GET /assets/conversation-DDGTF8rc.css HTTP/1.1\" 200", "severity": "INFO", "module": "h11_impl", "funcName": "send", "lineno": 481, "ts": "2026-09-10T14:38:46.890043+00:00"}
{"message": "127.0.0.1:59342 - \"GET /assets/conversation-D7ToVldC.js HTTP/1.1\" 200", "severity": "INFO", "module": "h11_impl", "funcName": "send", "lineno": 481, "ts": "2026-09-10T14:38:46.902655+00:00"}
{"message": "127.0.0.1:59348 - \"GET /assets/messages-C7XHRDT-.js HTTP/1.1\" 200", "severity": "INFO", "module": "h11_impl", "funcName": "send", "lineno": 481, "ts": "2026-09-10T14:38:46.903456+00:00"}
{"message": "127.0.0.1:59366 - \"GET /assets/chevron-right-CFctWU65.js HTTP/1.1\" 200", "severity": "INFO", "module": "h11_impl", "funcName": "send", "lineno": 481, "ts": "2026-09-10T14:38:46.909510+00:00"}
{"message": "127.0.0.1:59370 - \"GET /assets/loader-circle-CCC9sr7h.js HTTP/1.1\" 200", "severity": "INFO", "module": "h11_impl", "funcName": "send", "lineno": 481, "ts": "2026-09-10T14:38:46.910418+00:00"}
{"message": "127.0.0.1:59372 - \"GET /assets/three-dots-vertical-K21LTmC1.js HTTP/1.1\" 200", "severity": "INFO", "module": "h11_impl", "funcName": "send", "lineno": 481, "ts": "2026-09-10T14:38:46.910618+00:00"}
{"message": "127.0.0.1:59366 - \"GET /assets/checkmark-IcLh33Cd.js HTTP/1.1\" 200", "severity": "INFO", "module": "h11_impl", "funcName": "send", "lineno": 481, "ts": "2026-09-10T14:38:46.920795+00:00"}
{"message": "127.0.0.1:59370 - \"GET /assets/u-warning-BQLPbZ6H.js HTTP/1.1\" 200", "severity": "INFO", "module": "h11_impl", "funcName": "send", "lineno": 481, "ts": "2026-09-10T14:38:46.921028+00:00"}
{"message": "127.0.0.1:59372 - \"GET /assets/debug-stackframe-dot-Du04LfGz.js HTTP/1.1\" 200", "severity": "INFO", "module": "h11_impl", "funcName": "send", "lineno": 481, "ts": "2026-09-10T14:38:46.921471+00:00"}
{"message": "127.0.0.1:59350 - \"GET /api/v1/app-conversations/search?limit=10 HTTP/1.1\" 200", "severity": "INFO", "module": "h11_impl", "funcName": "send", "lineno": 481, "ts": "2026-09-10T14:38:46.946383+00:00"}
{"message": "127.0.0.1:59350 - \"GET /assets/changes-tab-B63vQB3d.js HTTP/1.1\" 200", "severity": "INFO", "module": "h11_impl", "funcName": "send", "lineno": 481, "ts": "2026-09-10T14:38:47.025264+00:00"}
{"message": "127.0.0.1:59348 - \"GET /assets/changes-tab-Dvl_Svmm.css HTTP/1.1\" 200", "severity": "INFO", "module": "h11_impl", "funcName": "send", "lineno": 481, "ts": "2026-09-10T14:38:47.025474+00:00"}
{"message": "127.0.0.1:59370 - \"GET /assets/notification-Cyeyy5ud.mp3 HTTP/1.1\" 206", "severity": "INFO", "module": "h11_impl", "funcName": "send", "lineno": 481, "ts": "2026-09-10T14:38:47.044373+00:00"}
{"message": "127.0.0.1:59348 - \"GET /api/v1/app-conversations/start-tasks?ids=2c7c1175e18a456983b34a44418bc907 HTTP/1.1\" 200", "severity": "INFO", "module": "h11_impl", "funcName": "send", "lineno": 481, "ts": "2026-09-10T14:38:47.080525+00:00"}
{"message": "127.0.0.1:59366 - \"GET /api/v1/settings/profiles HTTP/1.1\" 200", "severity": "INFO", "module": "h11_impl", "funcName": "send", "lineno": 481, "ts": "2026-09-10T14:38:47.107021+00:00"}
{"message": "127.0.0.1:59366 - \"GET /api/v1/app-conversations/start-tasks?ids=2c7c1175e18a456983b34a44418bc907 HTTP/1.1\" 200", "severity": "INFO", "module": "h11_impl", "funcName": "send", "lineno": 481, "ts": "2026-09-10T14:38:50.186857+00:00"}
{"message": "Assigned sandbox 17rgXwQQycctDgETVPnwOK to conversation unknown", "severity": "INFO", "module": "live_status_app_conversation_service", "funcName": "_wait_for_sandbox_start", "lineno": 1036, "ts": "2026-09-10T14:38:51.921554+00:00"}
{"message": "127.0.0.1:59366 - \"GET /api/v1/app-conversations/start-tasks?ids=2c7c1175e18a456983b34a44418bc907 HTTP/1.1\" 200", "severity": "INFO", "module": "h11_impl", "funcName": "send", "lineno": 481, "ts": "2026-09-10T14:38:53.226582+00:00"}
{"message": "Loaded 75 skills from agent-server: sources={'sandbox': 0, 'registered_marketplaces': 0, 'sdk_base': 75, 'org': 0, 'project': 0}, names=['add-javadoc', 'add-skill', 'agent-canvas-environment', 'agent-creator', 'agent-memory', 'agent-sdk-builder', 'azure-devops', 'bitbucket', 'bitbucket-cloud', 'bitbucket-data-center', 'code-review', 'code-simplifier', 'datadog', 'deno', 'discord', 'docker', 'evidence-based-citations', 'flarglebargle', 'frontend-design', 'github', 'github-actions', 'github-agents-md-maintainer', 'github-issue-to-pr', 'github-pr-review', 'github-pr-reviewer', 'github-repo-monitor', 'gitlab', 'incident-retrospective', 'iterate', 'jira-issue-to-pr', 'jupyter', 'kubernetes', 'learn-from-code-review', 'linear', 'linear-triage', 'news-digest', 'notion', 'npm', 'openhands-api', 'openhands-automation', 'openhands-sdk', 'pdflatex', 'plain-english-content', 'prd', 'qa-changes', 'release-notes', 'research-brief', 'security', 'skill-creator', 'slack-channel-monitor', 'slack-standup-digest', 'spark-version-upgrade', 'ssh', 'swift-linux', 'technical-writing', 'theme-factory', 'ticket-to-code-change', 'upstream-fork-sync', 'uv', 'vercel', 'argocd-diff', 'codereview-roasted', 'delegate', 'docs-writing', 'find-docs', 'gh-stack', 'helm-chart-review', 'laminar-quickstart-trace', 'playwright-cli', 'pull-request', 'quint-pr-analysis', 'replicated-clean-install', 'replicated-cluster', 'replicated-debug', 'replicated-test']", "severity": "INFO", "module": "skill_loader", "funcName": "load_skills_from_agent_server", "lineno": 708, "ts": "2026-09-10T14:38:53.404745+00:00"}
{"message": "Loaded 75 total skills from agent-server: ['add-javadoc', 'add-skill', 'agent-canvas-environment', 'agent-creator', 'agent-memory', 'agent-sdk-builder', 'azure-devops', 'bitbucket', 'bitbucket-cloud', 'bitbucket-data-center', 'code-review', 'code-simplifier', 'datadog', 'deno', 'discord', 'docker', 'evidence-based-citations', 'flarglebargle', 'frontend-design', 'github', 'github-actions', 'github-agents-md-maintainer', 'github-issue-to-pr', 'github-pr-review', 'github-pr-reviewer', 'github-repo-monitor', 'gitlab', 'incident-retrospective', 'iterate', 'jira-issue-to-pr', 'jupyter', 'kubernetes', 'learn-from-code-review', 'linear', 'linear-triage', 'news-digest', 'notion', 'npm', 'openhands-api', 'openhands-automation', 'openhands-sdk', 'pdflatex', 'plain-english-content', 'prd', 'qa-changes', 'release-notes', 'research-brief', 'security', 'skill-creator', 'slack-channel-monitor', 'slack-standup-digest', 'spark-version-upgrade', 'ssh', 'swift-linux', 'technical-writing', 'theme-factory', 'ticket-to-code-change', 'upstream-fork-sync', 'uv', 'vercel', 'argocd-diff', 'codereview-roasted', 'delegate', 'docs-writing', 'find-docs', 'gh-stack', 'helm-chart-review', 'laminar-quickstart-trace', 'playwright-cli', 'pull-request', 'quint-pr-analysis', 'replicated-clean-install', 'replicated-cluster', 'replicated-debug', 'replicated-test']", "severity": "INFO", "module": "app_conversation_service_base", "funcName": "load_and_merge_all_skills", "lineno": 176, "ts": "2026-09-10T14:38:53.404907+00:00"}
{"message": "app_conversation_start:building_start_request", "severity": "INFO", "module": "live_status_app_conversation_service", "funcName": "_start_app_conversation", "lineno": 528, "user_id": "0dfec177-08aa-4cac-8292-e33dc9fd377e", "task_id": "2c7c1175-e18a-4569-83b3-4a44418bc907", "conversation_id": "5daaf17b-44b9-47d5-9527-74f5a1842d34", "agent_type": "default", "llm_model_override": null, "ts": "2026-09-10T14:38:53.405055+00:00"}
{"message": "Registered file-based agent 'bash-runner' from /Users/jlaverty/dev/enterprise/.venv/lib/python3.13/site-packages/openhands/tools/preset/subagents/bash_runner.md", "severity": "INFO", "module": "default", "funcName": "register_builtins_agents", "lineno": 167, "ts": "2026-09-10T14:38:53.420271+00:00"}
{"message": "Registered file-based agent 'code-explorer' from /Users/jlaverty/dev/enterprise/.venv/lib/python3.13/site-packages/openhands/tools/preset/subagents/code_explorer.md", "severity": "INFO", "module": "default", "funcName": "register_builtins_agents", "lineno": 167, "ts": "2026-09-10T14:38:53.420353+00:00"}
{"message": "Registered file-based agent 'general-purpose' from /Users/jlaverty/dev/enterprise/.venv/lib/python3.13/site-packages/openhands/tools/preset/subagents/default.md", "severity": "INFO", "module": "default", "funcName": "register_builtins_agents", "lineno": 167, "ts": "2026-09-10T14:38:53.420436+00:00"}
{"message": "Registered file-based agent 'web-researcher' from /Users/jlaverty/dev/enterprise/.venv/lib/python3.13/site-packages/openhands/tools/preset/subagents/web_researcher.md", "severity": "INFO", "module": "default", "funcName": "register_builtins_agents", "lineno": 167, "ts": "2026-09-10T14:38:53.420497+00:00"}
{"message": "Loaded 75 skills from agent-server: sources={'sandbox': 0, 'registered_marketplaces': 0, 'sdk_base': 75, 'org': 0, 'project': 0}, names=['add-javadoc', 'add-skill', 'agent-canvas-environment', 'agent-creator', 'agent-memory', 'agent-sdk-builder', 'azure-devops', 'bitbucket', 'bitbucket-cloud', 'bitbucket-data-center', 'code-review', 'code-simplifier', 'datadog', 'deno', 'discord', 'docker', 'evidence-based-citations', 'flarglebargle', 'frontend-design', 'github', 'github-actions', 'github-agents-md-maintainer', 'github-issue-to-pr', 'github-pr-review', 'github-pr-reviewer', 'github-repo-monitor', 'gitlab', 'incident-retrospective', 'iterate', 'jira-issue-to-pr', 'jupyter', 'kubernetes', 'learn-from-code-review', 'linear', 'linear-triage', 'news-digest', 'notion', 'npm', 'openhands-api', 'openhands-automation', 'openhands-sdk', 'pdflatex', 'plain-english-content', 'prd', 'qa-changes', 'release-notes', 'research-brief', 'security', 'skill-creator', 'slack-channel-monitor', 'slack-standup-digest', 'spark-version-upgrade', 'ssh', 'swift-linux', 'technical-writing', 'theme-factory', 'ticket-to-code-change', 'upstream-fork-sync', 'uv', 'vercel', 'argocd-diff', 'codereview-roasted', 'delegate', 'docs-writing', 'find-docs', 'gh-stack', 'helm-chart-review', 'laminar-quickstart-trace', 'playwright-cli', 'pull-request', 'quint-pr-analysis', 'replicated-clean-install', 'replicated-cluster', 'replicated-debug', 'replicated-test']", "severity": "INFO", "module": "skill_loader", "funcName": "load_skills_from_agent_server", "lineno": 708, "ts": "2026-09-10T14:38:53.495202+00:00"}
{"message": "Loaded 75 total skills from agent-server: ['add-javadoc', 'add-skill', 'agent-canvas-environment', 'agent-creator', 'agent-memory', 'agent-sdk-builder', 'azure-devops', 'bitbucket', 'bitbucket-cloud', 'bitbucket-data-center', 'code-review', 'code-simplifier', 'datadog', 'deno', 'discord', 'docker', 'evidence-based-citations', 'flarglebargle', 'frontend-design', 'github', 'github-actions', 'github-agents-md-maintainer', 'github-issue-to-pr', 'github-pr-review', 'github-pr-reviewer', 'github-repo-monitor', 'gitlab', 'incident-retrospective', 'iterate', 'jira-issue-to-pr', 'jupyter', 'kubernetes', 'learn-from-code-review', 'linear', 'linear-triage', 'news-digest', 'notion', 'npm', 'openhands-api', 'openhands-automation', 'openhands-sdk', 'pdflatex', 'plain-english-content', 'prd', 'qa-changes', 'release-notes', 'research-brief', 'security', 'skill-creator', 'slack-channel-monitor', 'slack-standup-digest', 'spark-version-upgrade', 'ssh', 'swift-linux', 'technical-writing', 'theme-factory', 'ticket-to-code-change', 'upstream-fork-sync', 'uv', 'vercel', 'argocd-diff', 'codereview-roasted', 'delegate', 'docs-writing', 'find-docs', 'gh-stack', 'helm-chart-review', 'laminar-quickstart-trace', 'playwright-cli', 'pull-request', 'quint-pr-analysis', 'replicated-clean-install', 'replicated-cluster', 'replicated-debug', 'replicated-test']", "severity": "INFO", "module": "app_conversation_service_base", "funcName": "load_and_merge_all_skills", "lineno": 176, "ts": "2026-09-10T14:38:53.495300+00:00"}
{"message": "task_id=task-2c7c1175e18a456983b34a44418bc907 conversation_id=5daaf17b-44b9-47d5-9527-74f5a1842d34", "severity": "INFO", "module": "live_status_app_conversation_service", "funcName": "_process_pending_messages", "lineno": 2614, "ts": "2026-09-10T14:38:53.609345+00:00"}
{"message": "updated_count=0 ", "severity": "INFO", "module": "live_status_app_conversation_service", "funcName": "_process_pending_messages", "lineno": 2621, "ts": "2026-09-10T14:38:53.612984+00:00"}
{"message": "127.0.0.1:59366 - \"GET /api/v1/app-conversations/start-tasks?ids=2c7c1175e18a456983b34a44418bc907 HTTP/1.1\" 200", "severity": "INFO", "module": "h11_impl", "funcName": "send", "lineno": 481, "ts": "2026-09-10T14:38:56.244475+00:00"}
{"message": "127.0.0.1:59366 - \"GET /api/v1/app-conversations?ids=5daaf17b44b947d5952774f5a1842d34 HTTP/1.1\" 200", "severity": "INFO", "module": "h11_impl", "funcName": "send", "lineno": 481, "ts": "2026-09-10T14:38:56.699957+00:00"}
{"message": "127.0.0.1:59432 - \"GET /api/v1/conversation/5daaf17b44b947d5952774f5a1842d34/events/search?limit=100 HTTP/1.1\" 200", "severity": "INFO", "module": "h11_impl", "funcName": "send", "lineno": 481, "ts": "2026-09-10T14:38:56.751796+00:00"}
{"message": "Loading skills for conversation 5daaf17b-44b9-47d5-9527-74f5a1842d34", "severity": "INFO", "module": "app_conversation_router", "funcName": "get_conversation_skills", "lineno": 1799, "ts": "2026-09-10T14:38:56.787926+00:00"}
{"message": "Loaded 75 skills from agent-server: sources={'sandbox': 0, 'registered_marketplaces': 0, 'sdk_base': 75, 'org': 0, 'project': 0}, names=['add-javadoc', 'add-skill', 'agent-canvas-environment', 'agent-creator', 'agent-memory', 'agent-sdk-builder', 'azure-devops', 'bitbucket', 'bitbucket-cloud', 'bitbucket-data-center', 'code-review', 'code-simplifier', 'datadog', 'deno', 'discord', 'docker', 'evidence-based-citations', 'flarglebargle', 'frontend-design', 'github', 'github-actions', 'github-agents-md-maintainer', 'github-issue-to-pr', 'github-pr-review', 'github-pr-reviewer', 'github-repo-monitor', 'gitlab', 'incident-retrospective', 'iterate', 'jira-issue-to-pr', 'jupyter', 'kubernetes', 'learn-from-code-review', 'linear', 'linear-triage', 'news-digest', 'notion', 'npm', 'openhands-api', 'openhands-automation', 'openhands-sdk', 'pdflatex', 'plain-english-content', 'prd', 'qa-changes', 'release-notes', 'research-brief', 'security', 'skill-creator', 'slack-channel-monitor', 'slack-standup-digest', 'spark-version-upgrade', 'ssh', 'swift-linux', 'technical-writing', 'theme-factory', 'ticket-to-code-change', 'upstream-fork-sync', 'uv', 'vercel', 'argocd-diff', 'codereview-roasted', 'delegate', 'docs-writing', 'find-docs', 'gh-stack', 'helm-chart-review', 'laminar-quickstart-trace', 'playwright-cli', 'pull-request', 'quint-pr-analysis', 'replicated-clean-install', 'replicated-cluster', 'replicated-debug', 'replicated-test']", "severity": "INFO", "module": "skill_loader", "funcName": "load_skills_from_agent_server", "lineno": 708, "ts": "2026-09-10T14:38:56.852592+00:00"}
{"message": "Loaded 75 total skills from agent-server: ['add-javadoc', 'add-skill', 'agent-canvas-environment', 'agent-creator', 'agent-memory', 'agent-sdk-builder', 'azure-devops', 'bitbucket', 'bitbucket-cloud', 'bitbucket-data-center', 'code-review', 'code-simplifier', 'datadog', 'deno', 'discord', 'docker', 'evidence-based-citations', 'flarglebargle', 'frontend-design', 'github', 'github-actions', 'github-agents-md-maintainer', 'github-issue-to-pr', 'github-pr-review', 'github-pr-reviewer', 'github-repo-monitor', 'gitlab', 'incident-retrospective', 'iterate', 'jira-issue-to-pr', 'jupyter', 'kubernetes', 'learn-from-code-review', 'linear', 'linear-triage', 'news-digest', 'notion', 'npm', 'openhands-api', 'openhands-automation', 'openhands-sdk', 'pdflatex', 'plain-english-content', 'prd', 'qa-changes', 'release-notes', 'research-brief', 'security', 'skill-creator', 'slack-channel-monitor', 'slack-standup-digest', 'spark-version-upgrade', 'ssh', 'swift-linux', 'technical-writing', 'theme-factory', 'ticket-to-code-change', 'upstream-fork-sync', 'uv', 'vercel', 'argocd-diff', 'codereview-roasted', 'delegate', 'docs-writing', 'find-docs', 'gh-stack', 'helm-chart-review', 'laminar-quickstart-trace', 'playwright-cli', 'pull-request', 'quint-pr-analysis', 'replicated-clean-install', 'replicated-cluster', 'replicated-debug', 'replicated-test']", "severity": "INFO", "module": "app_conversation_service_base", "funcName": "load_and_merge_all_skills", "lineno": 176, "ts": "2026-09-10T14:38:56.852673+00:00"}
{"message": "Loaded 75 skills for conversation 5daaf17b-44b9-47d5-9527-74f5a1842d34: ['add-javadoc', 'add-skill', 'agent-canvas-environment', 'agent-creator', 'agent-memory', 'agent-sdk-builder', 'azure-devops', 'bitbucket', 'bitbucket-cloud', 'bitbucket-data-center', 'code-review', 'code-simplifier', 'datadog', 'deno', 'discord', 'docker', 'evidence-based-citations', 'flarglebargle', 'frontend-design', 'github', 'github-actions', 'github-agents-md-maintainer', 'github-issue-to-pr', 'github-pr-review', 'github-pr-reviewer', 'github-repo-monitor', 'gitlab', 'incident-retrospective', 'iterate', 'jira-issue-to-pr', 'jupyter', 'kubernetes', 'learn-from-code-review', 'linear', 'linear-triage', 'news-digest', 'notion', 'npm', 'openhands-api', 'openhands-automation', 'openhands-sdk', 'pdflatex', 'plain-english-content', 'prd', 'qa-changes', 'release-notes', 'research-brief', 'security', 'skill-creator', 'slack-channel-monitor', 'slack-standup-digest', 'spark-version-upgrade', 'ssh', 'swift-linux', 'technical-writing', 'theme-factory', 'ticket-to-code-change', 'upstream-fork-sync', 'uv', 'vercel', 'argocd-diff', 'codereview-roasted', 'delegate', 'docs-writing', 'find-docs', 'gh-stack', 'helm-chart-review', 'laminar-quickstart-trace', 'playwright-cli', 'pull-request', 'quint-pr-analysis', 'replicated-clean-install', 'replicated-cluster', 'replicated-debug', 'replicated-test']", "severity": "INFO", "module": "app_conversation_router", "funcName": "get_conversation_skills", "lineno": 1821, "ts": "2026-09-10T14:38:56.852706+00:00"}
{"message": "127.0.0.1:59366 - \"GET /api/v1/app-conversations/5daaf17b44b947d5952774f5a1842d34/skills HTTP/1.1\" 200", "severity": "INFO", "module": "h11_impl", "funcName": "send", "lineno": 481, "ts": "2026-09-10T14:38:56.856561+00:00"}
{"message": "127.0.0.1:59477 - \"GET /api/auth/csrf HTTP/1.1\" 200", "severity": "INFO", "module": "h11_impl", "funcName": "send", "lineno": 481, "ts": "2026-09-10T14:39:09.081334+00:00"}
{"message": "127.0.0.1:59477 - \"POST /api/auth/login HTTP/1.1\" 200", "severity": "INFO", "module": "h11_impl", "funcName": "send", "lineno": 481, "ts": "2026-09-10T14:39:09.204845+00:00"}
{"message": "127.0.0.1:59479 - \"GET /api/auth/csrf HTTP/1.1\" 200", "severity": "INFO", "module": "h11_impl", "funcName": "send", "lineno": 481, "ts": "2026-09-10T14:39:09.215858+00:00"}
{"message": "127.0.0.1:59479 - \"POST /api/auth/login HTTP/1.1\" 200", "severity": "INFO", "module": "h11_impl", "funcName": "send", "lineno": 481, "ts": "2026-09-10T14:39:09.286879+00:00"}
{"message": "127.0.0.1:59479 - \"GET /api/v1/users/me HTTP/1.1\" 403", "severity": "INFO", "module": "h11_impl", "funcName": "send", "lineno": 481, "ts": "2026-09-10T14:39:09.297602+00:00"}
{"message": "127.0.0.1:59479 - \"GET /api/auth/csrf HTTP/1.1\" 200", "severity": "INFO", "module": "h11_impl", "funcName": "send", "lineno": 481, "ts": "2026-09-10T14:39:09.299779+00:00"}
{"message": "127.0.0.1:59479 - \"POST /api/auth/password/change HTTP/1.1\" 200", "severity": "INFO", "module": "h11_impl", "funcName": "send", "lineno": 481, "ts": "2026-09-10T14:39:09.447640+00:00"}
{"message": "Device authorization initiated", "severity": "INFO", "module": "oauth_device", "funcName": "device_authorization", "lineno": 104, "user_code": "TNE3HZH2", "ts": "2026-09-10T14:39:09.471350+00:00"}
{"message": "127.0.0.1:59481 - \"POST /oauth/device/authorize HTTP/1.1\" 200", "severity": "INFO", "module": "h11_impl", "funcName": "send", "lineno": 481, "ts": "2026-09-10T14:39:09.472375+00:00"}
{"message": "127.0.0.1:59479 - \"GET /api/auth/csrf HTTP/1.1\" 200", "severity": "INFO", "module": "h11_impl", "funcName": "send", "lineno": 481, "ts": "2026-09-10T14:39:09.475298+00:00"}
{"message": "127.0.0.1:59479 - \"POST /oauth/device/verify-authenticated HTTP/1.1\" 403", "severity": "INFO", "module": "h11_impl", "funcName": "send", "lineno": 481, "ts": "2026-09-10T14:39:09.485817+00:00"}
{"message": "127.0.0.1:59545 - \"GET /api/v1/app-conversations?ids=5daaf17b44b947d5952774f5a1842d34 HTTP/1.1\" 200", "severity": "INFO", "module": "h11_impl", "funcName": "send", "lineno": 481, "ts": "2026-09-10T14:39:26.765589+00:00"}
{"message": "127.0.0.1:59550 - \"POST /mcp/mcp HTTP/1.1\" 200", "severity": "INFO", "module": "h11_impl", "funcName": "send", "lineno": 481, "ts": "2026-09-10T14:39:27.830658+00:00"}
{"message": "Terminating session: None", "severity": "INFO", "module": "streamable_http", "funcName": "terminate", "lineno": 785, "ts": "2026-09-10T14:39:27.831649+00:00"}
{"message": "Terminating session: None", "severity": "INFO", "module": "streamable_http", "funcName": "terminate", "lineno": 785, "ts": "2026-09-10T14:39:27.902875+00:00"}
{"message": "127.0.0.1:59552 - \"POST /mcp/mcp HTTP/1.1\" 202", "severity": "INFO", "module": "h11_impl", "funcName": "send", "lineno": 481, "ts": "2026-09-10T14:39:27.904172+00:00"}
{"message": "Processing request of type ListToolsRequest", "severity": "INFO", "module": "server", "funcName": "_handle_request", "lineno": 727, "ts": "2026-09-10T14:39:27.949277+00:00"}
{"message": "127.0.0.1:59554 - \"POST /mcp/mcp HTTP/1.1\" 200", "severity": "INFO", "module": "h11_impl", "funcName": "send", "lineno": 481, "ts": "2026-09-10T14:39:27.998230+00:00"}
{"message": "Terminating session: None", "severity": "INFO", "module": "streamable_http", "funcName": "terminate", "lineno": 785, "ts": "2026-09-10T14:39:28.003586+00:00"}
{"message": "127.0.0.1:59558 - \"GET /api/v1/webhooks/secrets HTTP/1.1\" 200", "severity": "INFO", "module": "h11_impl", "funcName": "send", "lineno": 481, "ts": "2026-09-10T14:39:28.953388+00:00"}
{"message": "127.0.0.1:59574 - \"GET /api/auth/csrf HTTP/1.1\" 200", "severity": "INFO", "module": "h11_impl", "funcName": "send", "lineno": 481, "ts": "2026-09-10T14:39:35.452069+00:00"}
{"message": "127.0.0.1:59574 - \"POST /api/auth/login HTTP/1.1\" 200", "severity": "INFO", "module": "h11_impl", "funcName": "send", "lineno": 481, "ts": "2026-09-10T14:39:35.517196+00:00"}
{"message": "127.0.0.1:59576 - \"GET /api/auth/csrf HTTP/1.1\" 200", "severity": "INFO", "module": "h11_impl", "funcName": "send", "lineno": 481, "ts": "2026-09-10T14:39:35.520837+00:00"}
{"message": "127.0.0.1:59576 - \"POST /api/auth/login HTTP/1.1\" 200", "severity": "INFO", "module": "h11_impl", "funcName": "send", "lineno": 481, "ts": "2026-09-10T14:39:35.562354+00:00"}
{"message": "127.0.0.1:59576 - \"GET /api/auth/csrf HTTP/1.1\" 200", "severity": "INFO", "module": "h11_impl", "funcName": "send", "lineno": 481, "ts": "2026-09-10T14:39:35.563956+00:00"}
{"message": "User 82396d1b-8198-4275-972a-ae0a386b92de accepted TOS", "severity": "INFO", "module": "auth", "funcName": "accept_tos", "lineno": 769, "ts": "2026-09-10T14:39:35.577132+00:00"}
{"message": "Redirecting user to onboarding", "severity": "INFO", "module": "admission", "funcName": "_get_post_auth_redirect", "lineno": 329, "user_id": "82396d1b-8198-4275-972a-ae0a386b92de", "deployment_mode": "self_hosted", "ts": "2026-09-10T14:39:35.581546+00:00"}
{"message": "127.0.0.1:59576 - \"POST /api/accept_tos HTTP/1.1\" 200", "severity": "INFO", "module": "h11_impl", "funcName": "send", "lineno": 481, "ts": "2026-09-10T14:39:35.581915+00:00"}
{"message": "Device authorization initiated", "severity": "INFO", "module": "oauth_device", "funcName": "device_authorization", "lineno": 104, "user_code": "URMF854E", "ts": "2026-09-10T14:39:35.587778+00:00"}
{"message": "127.0.0.1:59578 - \"POST /oauth/device/authorize HTTP/1.1\" 200", "severity": "INFO", "module": "h11_impl", "funcName": "send", "lineno": 481, "ts": "2026-09-10T14:39:35.588169+00:00"}
{"message": "127.0.0.1:59576 - \"GET /api/auth/csrf HTTP/1.1\" 200", "severity": "INFO", "module": "h11_impl", "funcName": "send", "lineno": 481, "ts": "2026-09-10T14:39:35.589323+00:00"}
{"message": "Created new device API key for user after successful authorization", "severity": "INFO", "module": "oauth_device", "funcName": "device_verification_authenticated", "lineno": 295, "user_id": "82396d1b-8198-4275-972a-ae0a386b92de", "user_code": "URMF854E", "ts": "2026-09-10T14:39:35.606755+00:00"}
{"message": "Device code authorized with API key successfully", "severity": "INFO", "module": "oauth_device", "funcName": "device_verification_authenticated", "lineno": 326, "user_code": "URMF854E", "user_id": "82396d1b-8198-4275-972a-ae0a386b92de", "ts": "2026-09-10T14:39:35.606923+00:00"}
{"message": "127.0.0.1:59576 - \"POST /oauth/device/verify-authenticated HTTP/1.1\" 200", "severity": "INFO", "module": "h11_impl", "funcName": "send", "lineno": 481, "ts": "2026-09-10T14:39:35.610855+00:00"}
{"message": "127.0.0.1:59578 - \"POST /oauth/device/token HTTP/1.1\" 200", "severity": "INFO", "module": "h11_impl", "funcName": "send", "lineno": 481, "ts": "2026-09-10T14:39:35.619346+00:00"}
{"message": "127.0.0.1:59578 - \"GET /api/v1/users/me HTTP/1.1\" 200", "severity": "INFO", "module": "h11_impl", "funcName": "send", "lineno": 481, "ts": "2026-09-10T14:39:36.663972+00:00"}
{"message": "127.0.0.1:59578 - \"GET /api/v1/users/me?expose_secrets=true HTTP/1.1\" 401", "severity": "INFO", "module": "h11_impl", "funcName": "send", "lineno": 481, "ts": "2026-09-10T14:39:36.670918+00:00"}
{"message": "127.0.0.1:59588 - \"GET /settings/user HTTP/1.1\" 200", "severity": "INFO", "module": "h11_impl", "funcName": "send", "lineno": 481, "ts": "2026-09-10T14:39:51.186872+00:00"}
{"message": "127.0.0.1:59588 - \"GET /assets/manifest-d7f631c4.js HTTP/1.1\" 200", "severity": "INFO", "module": "h11_impl", "funcName": "send", "lineno": 481, "ts": "2026-09-10T14:39:51.231783+00:00"}
{"message": "127.0.0.1:59600 - \"GET /assets/entry.client-Dw7KE7hM.js HTTP/1.1\" 200", "severity": "INFO", "module": "h11_impl", "funcName": "send", "lineno": 481, "ts": "2026-09-10T14:39:51.233691+00:00"}
{"message": "127.0.0.1:59608 - \"GET /assets/root-D-LbRKNh.css HTTP/1.1\" 200", "severity": "INFO", "module": "h11_impl", "funcName": "send", "lineno": 481, "ts": "2026-09-10T14:39:51.234980+00:00"}
{"message": "127.0.0.1:59612 - \"GET /assets/index-Dt4MV93j.js HTTP/1.1\" 200", "severity": "INFO", "module": "h11_impl", "funcName": "send", "lineno": 481, "ts": "2026-09-10T14:39:51.236025+00:00"}
{"message": "127.0.0.1:59610 - \"GET /assets/chunk-6CSD65Y2-UpbgoP9j.js HTTP/1.1\" 200", "severity": "INFO", "module": "h11_impl", "funcName": "send", "lineno": 481, "ts": "2026-09-10T14:39:51.236402+00:00"}
{"message": "127.0.0.1:59614 - \"GET /assets/query-keys-BSjaytiJ.js HTTP/1.1\" 200", "severity": "INFO", "module": "h11_impl", "funcName": "send", "lineno": 481, "ts": "2026-09-10T14:39:51.237676+00:00"}
{"message": "127.0.0.1:59588 - \"GET /assets/index-tLtD-Cu0.js HTTP/1.1\" 200", "severity": "INFO", "module": "h11_impl", "funcName": "send", "lineno": 481, "ts": "2026-09-10T14:39:51.242623+00:00"}
{"message": "127.0.0.1:59614 - \"GET /assets/index-CXoKay-T.js HTTP/1.1\" 200", "severity": "INFO", "module": "h11_impl", "funcName": "send", "lineno": 481, "ts": "2026-09-10T14:39:51.249685+00:00"}
{"message": "127.0.0.1:59600 - \"GET /assets/preload-helper-Bc3Pu81E.js HTTP/1.1\" 200", "severity": "INFO", "module": "h11_impl", "funcName": "send", "lineno": 481, "ts": "2026-09-10T14:39:51.250787+00:00"}
{"message": "127.0.0.1:59610 - \"GET /assets/declaration-Bwok30Lo.js HTTP/1.1\" 200", "severity": "INFO", "module": "h11_impl", "funcName": "send", "lineno": 481, "ts": "2026-09-10T14:39:51.252246+00:00"}
{"message": "127.0.0.1:59612 - \"GET /assets/custom-toast-handlers-CAVHstGd.js HTTP/1.1\" 200", "severity": "INFO", "module": "h11_impl", "funcName": "send", "lineno": 481, "ts": "2026-09-10T14:39:51.252596+00:00"}
{"message": "127.0.0.1:59608 - \"GET /assets/retrieve-axios-error-message-Dwxjb5f3.js HTTP/1.1\" 200", "severity": "INFO", "module": "h11_impl", "funcName": "send", "lineno": 481, "ts": "2026-09-10T14:39:51.255121+00:00"}
{"message": "127.0.0.1:59588 - \"GET /assets/rate-limit-retry-DdZplSiD.js HTTP/1.1\" 200", "severity": "INFO", "module": "h11_impl", "funcName": "send", "lineno": 481, "ts": "2026-09-10T14:39:51.257478+00:00"}
{"message": "127.0.0.1:59614 - \"GET /assets/mutation-DSZmfvqD.js HTTP/1.1\" 200", "severity": "INFO", "module": "h11_impl", "funcName": "send", "lineno": 481, "ts": "2026-09-10T14:39:51.263798+00:00"}
{"message": "127.0.0.1:59600 - \"GET /assets/open-hands-axios-LzNSarGn.js HTTP/1.1\" 200", "severity": "INFO", "module": "h11_impl", "funcName": "send", "lineno": 481, "ts": "2026-09-10T14:39:51.264730+00:00"}
{"message": "127.0.0.1:59612 - \"GET /assets/infiniteQueryBehavior-DZN75Mj9.js HTTP/1.1\" 200", "severity": "INFO", "module": "h11_impl", "funcName": "send", "lineno": 481, "ts": "2026-09-10T14:39:51.266142+00:00"}
{"message": "127.0.0.1:59608 - \"GET /assets/root-Cyf3bcFs.js HTTP/1.1\" 200", "severity": "INFO", "module": "h11_impl", "funcName": "send", "lineno": 481, "ts": "2026-09-10T14:39:51.266807+00:00"}
{"message": "127.0.0.1:59610 - \"GET /assets/query-client-config-C2aiFcZM.js HTTP/1.1\" 200", "severity": "INFO", "module": "h11_impl", "funcName": "send", "lineno": 481, "ts": "2026-09-10T14:39:51.267194+00:00"}
{"message": "127.0.0.1:59588 - \"GET /assets/use-invitation-M5_iS4Ov.js HTTP/1.1\" 200", "severity": "INFO", "module": "h11_impl", "funcName": "send", "lineno": 481, "ts": "2026-09-10T14:39:51.268630+00:00"}
{"message": "127.0.0.1:59588 - \"GET /locales/en/translation.json HTTP/1.1\" 200", "severity": "INFO", "module": "h11_impl", "funcName": "send", "lineno": 481, "ts": "2026-09-10T14:39:51.307748+00:00"}
{"message": "127.0.0.1:59608 - \"GET /assets/root-layout-ClPiNWoF.js HTTP/1.1\" 200", "severity": "INFO", "module": "h11_impl", "funcName": "send", "lineno": 481, "ts": "2026-09-10T14:39:51.308564+00:00"}
{"message": "127.0.0.1:59610 - \"GET /assets/settings-BGO5WOAS.js HTTP/1.1\" 200", "severity": "INFO", "module": "h11_impl", "funcName": "send", "lineno": 481, "ts": "2026-09-10T14:39:51.309241+00:00"}
{"message": "127.0.0.1:59612 - \"GET /assets/user-settings-af99hpQI.js HTTP/1.1\" 200", "severity": "INFO", "module": "h11_impl", "funcName": "send", "lineno": 481, "ts": "2026-09-10T14:39:51.311016+00:00"}
{"message": "127.0.0.1:59612 - \"GET /assets/use-is-authed-D8E0h2Jo.js HTTP/1.1\" 200", "severity": "INFO", "module": "h11_impl", "funcName": "send", "lineno": 481, "ts": "2026-09-10T14:39:51.329832+00:00"}
{"message": "127.0.0.1:59600 - \"GET /api/v1/web-client/config HTTP/1.1\" 200", "severity": "INFO", "module": "h11_impl", "funcName": "send", "lineno": 481, "ts": "2026-09-10T14:39:51.330767+00:00"}
{"message": "127.0.0.1:59588 - \"GET /assets/use-config-Dh7W-dyl.js HTTP/1.1\" 200", "severity": "INFO", "module": "h11_impl", "funcName": "send", "lineno": 481, "ts": "2026-09-10T14:39:51.335529+00:00"}
{"message": "127.0.0.1:59610 - \"GET /assets/user-service.api-CSKE8tMw.js HTTP/1.1\" 200", "severity": "INFO", "module": "h11_impl", "funcName": "send", "lineno": 481, "ts": "2026-09-10T14:39:51.335845+00:00"}
{"message": "127.0.0.1:59614 - \"GET /assets/use-logout-SxGpq-OD.js HTTP/1.1\" 200", "severity": "INFO", "module": "h11_impl", "funcName": "send", "lineno": 481, "ts": "2026-09-10T14:39:51.337592+00:00"}
{"message": "127.0.0.1:59608 - \"GET /assets/sandbox-status-indicator-De-qu6-K.js HTTP/1.1\" 200", "severity": "INFO", "module": "h11_impl", "funcName": "send", "lineno": 481, "ts": "2026-09-10T14:39:51.338103+00:00"}
{"message": "127.0.0.1:59600 - \"GET /assets/loading-spinner-sGH7m1sO.js HTTP/1.1\" 200", "severity": "INFO", "module": "h11_impl", "funcName": "send", "lineno": 481, "ts": "2026-09-10T14:39:51.341991+00:00"}
{"message": "127.0.0.1:59612 - \"GET /assets/utils-BYzDx4ip.js HTTP/1.1\" 200", "severity": "INFO", "module": "h11_impl", "funcName": "send", "lineno": 481, "ts": "2026-09-10T14:39:51.345326+00:00"}
{"message": "127.0.0.1:59588 - \"GET /assets/useTranslation-i1xdxadn.js HTTP/1.1\" 200", "severity": "INFO", "module": "h11_impl", "funcName": "send", "lineno": 481, "ts": "2026-09-10T14:39:51.349374+00:00"}
{"message": "127.0.0.1:59610 - \"GET /assets/use-me-Dizf1yD1.js HTTP/1.1\" 200", "severity": "INFO", "module": "h11_impl", "funcName": "send", "lineno": 481, "ts": "2026-09-10T14:39:51.354155+00:00"}
{"message": "127.0.0.1:59614 - \"GET /assets/index-Cl4PwBnF.js HTTP/1.1\" 200", "severity": "INFO", "module": "h11_impl", "funcName": "send", "lineno": 481, "ts": "2026-09-10T14:39:51.354357+00:00"}
{"message": "127.0.0.1:59608 - \"GET /assets/settings-gear-QGZieQG5.js HTTP/1.1\" 200", "severity": "INFO", "module": "h11_impl", "funcName": "send", "lineno": 481, "ts": "2026-09-10T14:39:51.354498+00:00"}
{"message": "127.0.0.1:59600 - \"GET /assets/settings-nav-divider-DNWs2xzQ.js HTTP/1.1\" 200", "severity": "INFO", "module": "h11_impl", "funcName": "send", "lineno": 481, "ts": "2026-09-10T14:39:51.359413+00:00"}
{"message": "127.0.0.1:59612 - \"GET /assets/index-BA1di30B.js HTTP/1.1\" 200", "severity": "INFO", "module": "h11_impl", "funcName": "send", "lineno": 481, "ts": "2026-09-10T14:39:51.360885+00:00"}
{"message": "127.0.0.1:59588 - \"GET /assets/context-menu-rVWPDAtP.js HTTP/1.1\" 200", "severity": "INFO", "module": "h11_impl", "funcName": "send", "lineno": 481, "ts": "2026-09-10T14:39:51.364395+00:00"}
{"message": "127.0.0.1:59610 - \"GET /assets/card-title-DNMudsxn.js HTTP/1.1\" 200", "severity": "INFO", "module": "h11_impl", "funcName": "send", "lineno": 481, "ts": "2026-09-10T14:39:51.368684+00:00"}
{"message": "127.0.0.1:59614 - \"GET /assets/card-BiCf3WY_.js HTTP/1.1\" 200", "severity": "INFO", "module": "h11_impl", "funcName": "send", "lineno": 481, "ts": "2026-09-10T14:39:51.369409+00:00"}
{"message": "127.0.0.1:59608 - \"GET /assets/typography-CEll3mgr.js HTTP/1.1\" 200", "severity": "INFO", "module": "h11_impl", "funcName": "send", "lineno": 481, "ts": "2026-09-10T14:39:51.370478+00:00"}
{"message": "127.0.0.1:59600 - \"GET /assets/stacked-5ookcZbZ.js HTTP/1.1\" 200", "severity": "INFO", "module": "h11_impl", "funcName": "send", "lineno": 481, "ts": "2026-09-10T14:39:51.372192+00:00"}
{"message": "127.0.0.1:59612 - \"GET /assets/chunk-AUA5GDXN-WvNegR2I.js HTTP/1.1\" 200", "severity": "INFO", "module": "h11_impl", "funcName": "send", "lineno": 481, "ts": "2026-09-10T14:39:51.375632+00:00"}
{"message": "127.0.0.1:59588 - \"GET /assets/use-should-hide-org-selector-CpSd0fQ-.js HTTP/1.1\" 200", "severity": "INFO", "module": "h11_impl", "funcName": "send", "lineno": 481, "ts": "2026-09-10T14:39:51.384343+00:00"}
{"message": "127.0.0.1:59610 - \"GET /assets/settings-nav-header-Dnv4GU50.js HTTP/1.1\" 200", "severity": "INFO", "module": "h11_impl", "funcName": "send", "lineno": 481, "ts": "2026-09-10T14:39:51.385325+00:00"}
{"message": "127.0.0.1:59614 - \"GET /assets/use-app-mode-B54Qx7LS.js HTTP/1.1\" 200", "severity": "INFO", "module": "h11_impl", "funcName": "send", "lineno": 481, "ts": "2026-09-10T14:39:51.391068+00:00"}
{"message": "127.0.0.1:59608 - \"GET /assets/invite-organization-member-modal-D4MJ3CFv.js HTTP/1.1\" 200", "severity": "INFO", "module": "h11_impl", "funcName": "send", "lineno": 481, "ts": "2026-09-10T14:39:51.394013+00:00"}
{"message": "127.0.0.1:59600 - \"GET /assets/org-modal-BRTBwe_B.js HTTP/1.1\" 200", "severity": "INFO", "module": "h11_impl", "funcName": "send", "lineno": 481, "ts": "2026-09-10T14:39:51.395237+00:00"}
{"message": "127.0.0.1:59612 - \"GET /assets/useMutation-8-YK4bsn.js HTTP/1.1\" 200", "severity": "INFO", "module": "h11_impl", "funcName": "send", "lineno": 481, "ts": "2026-09-10T14:39:51.398984+00:00"}
{"message": "127.0.0.1:59610 - \"GET /assets/organization-service.api-DAj5yeBR.js HTTP/1.1\" 200", "severity": "INFO", "module": "h11_impl", "funcName": "send", "lineno": 481, "ts": "2026-09-10T14:39:51.407446+00:00"}
{"message": "127.0.0.1:59588 - \"GET /assets/openhands-logo-DilX03Hr.js HTTP/1.1\" 200", "severity": "INFO", "module": "h11_impl", "funcName": "send", "lineno": 481, "ts": "2026-09-10T14:39:51.408495+00:00"}
{"message": "127.0.0.1:59614 - \"GET /assets/styled-tooltip-k9fZGNHu.js HTTP/1.1\" 200", "severity": "INFO", "module": "h11_impl", "funcName": "send", "lineno": 481, "ts": "2026-09-10T14:39:51.413022+00:00"}
{"message": "127.0.0.1:59608 - \"GET /assets/modal-backdrop-B5BF9mZF.js HTTP/1.1\" 200", "severity": "INFO", "module": "h11_impl", "funcName": "send", "lineno": 481, "ts": "2026-09-10T14:39:51.414080+00:00"}
{"message": "127.0.0.1:59600 - \"GET /assets/base-modal-8sJuGqdJ.js HTTP/1.1\" 200", "severity": "INFO", "module": "h11_impl", "funcName": "send", "lineno": 481, "ts": "2026-09-10T14:39:51.415952+00:00"}
{"message": "127.0.0.1:59612 - \"GET /assets/permissions-a6OWVwNd.js HTTP/1.1\" 200", "severity": "INFO", "module": "h11_impl", "funcName": "send", "lineno": 481, "ts": "2026-09-10T14:39:51.423200+00:00"}
{"message": "127.0.0.1:59610 - \"GET /assets/model-selector-B_esEVWk.js HTTP/1.1\" 200", "severity": "INFO", "module": "h11_impl", "funcName": "send", "lineno": 481, "ts": "2026-09-10T14:39:51.424507+00:00"}
{"message": "127.0.0.1:59588 - \"GET /assets/brand-button-CB2ZqR1E.js HTTP/1.1\" 200", "severity": "INFO", "module": "h11_impl", "funcName": "send", "lineno": 481, "ts": "2026-09-10T14:39:51.425852+00:00"}
{"message": "127.0.0.1:59614 - \"GET /assets/settings-input-DeV8o5x5.js HTTP/1.1\" 200", "severity": "INFO", "module": "h11_impl", "funcName": "send", "lineno": 481, "ts": "2026-09-10T14:39:51.429046+00:00"}
{"message": "127.0.0.1:59600 - \"GET /assets/use-save-settings-DbZtTQUT.js HTTP/1.1\" 200", "severity": "INFO", "module": "h11_impl", "funcName": "send", "lineno": 481, "ts": "2026-09-10T14:39:51.430947+00:00"}
{"message": "127.0.0.1:59608 - \"GET /assets/help-link-DcOVRYm_.js HTTP/1.1\" 200", "severity": "INFO", "module": "h11_impl", "funcName": "send", "lineno": 481, "ts": "2026-09-10T14:39:51.432351+00:00"}
{"message": "127.0.0.1:59612 - \"GET /assets/sdk-settings-schema-ysVUDYQY.js HTTP/1.1\" 200", "severity": "INFO", "module": "h11_impl", "funcName": "send", "lineno": 481, "ts": "2026-09-10T14:39:51.436892+00:00"}
{"message": "127.0.0.1:59610 - \"GET /assets/constants-BAVPcVUC.js HTTP/1.1\" 200", "severity": "INFO", "module": "h11_impl", "funcName": "send", "lineno": 481, "ts": "2026-09-10T14:39:51.438373+00:00"}
{"message": "127.0.0.1:59588 - \"GET /assets/use-settings-DDjmuEGm.js HTTP/1.1\" 200", "severity": "INFO", "module": "h11_impl", "funcName": "send", "lineno": 481, "ts": "2026-09-10T14:39:51.439721+00:00"}
{"message": "127.0.0.1:59614 - \"GET /assets/v1-conversation-service.api-Bp7sNLu0.js HTTP/1.1\" 200", "severity": "INFO", "module": "h11_impl", "funcName": "send", "lineno": 481, "ts": "2026-09-10T14:39:51.444668+00:00"}
{"message": "127.0.0.1:59600 - \"GET /assets/use-infinite-scroll-ug_PCwOE.js HTTP/1.1\" 200", "severity": "INFO", "module": "h11_impl", "funcName": "send", "lineno": 481, "ts": "2026-09-10T14:39:51.445123+00:00"}
{"message": "127.0.0.1:59608 - \"GET /assets/modal-body-C_1-4ovn.js HTTP/1.1\" 200", "severity": "INFO", "module": "h11_impl", "funcName": "send", "lineno": 481, "ts": "2026-09-10T14:39:51.446789+00:00"}
{"message": "127.0.0.1:59612 - \"GET /assets/agent-chip-icon-X2ZJp6do.js HTTP/1.1\" 200", "severity": "INFO", "module": "h11_impl", "funcName": "send", "lineno": 481, "ts": "2026-09-10T14:39:51.449529+00:00"}
{"message": "127.0.0.1:59610 - \"GET /assets/conversation-service.api-EKAoYc9o.js HTTP/1.1\" 200", "severity": "INFO", "module": "h11_impl", "funcName": "send", "lineno": 481, "ts": "2026-09-10T14:39:51.451081+00:00"}
{"message": "127.0.0.1:59588 - \"GET /assets/conversation-name-context-menu-icon-text-B1HvcP85.js HTTP/1.1\" 200", "severity": "INFO", "module": "h11_impl", "funcName": "send", "lineno": 481, "ts": "2026-09-10T14:39:51.451567+00:00"}
{"message": "127.0.0.1:59614 - \"GET /assets/u-edit-Cw7UgFQ4.js HTTP/1.1\" 200", "severity": "INFO", "module": "h11_impl", "funcName": "send", "lineno": 481, "ts": "2026-09-10T14:39:51.456656+00:00"}
{"message": "127.0.0.1:59600 - \"GET /assets/u-delete-CqpdoXH5.js HTTP/1.1\" 200", "severity": "INFO", "module": "h11_impl", "funcName": "send", "lineno": 481, "ts": "2026-09-10T14:39:51.456919+00:00"}
{"message": "127.0.0.1:59608 - \"GET /assets/format-time-delta-CgY-HPrl.js HTTP/1.1\" 200", "severity": "INFO", "module": "h11_impl", "funcName": "send", "lineno": 481, "ts": "2026-09-10T14:39:51.460408+00:00"}
{"message": "127.0.0.1:59610 - \"GET /assets/index-BR5f3GK5.js HTTP/1.1\" 200", "severity": "INFO", "module": "h11_impl", "funcName": "send", "lineno": 481, "ts": "2026-09-10T14:39:51.462707+00:00"}
{"message": "127.0.0.1:59612 - \"GET /assets/azure-devops-logo-DXPdTsmh.js HTTP/1.1\" 200", "severity": "INFO", "module": "h11_impl", "funcName": "send", "lineno": 481, "ts": "2026-09-10T14:39:51.463408+00:00"}
{"message": "127.0.0.1:59588 - \"GET /assets/index-CcBMHdO5.js HTTP/1.1\" 200", "severity": "INFO", "module": "h11_impl", "funcName": "send", "lineno": 481, "ts": "2026-09-10T14:39:51.464261+00:00"}
{"message": "127.0.0.1:59614 - \"GET /assets/handle-capture-consent-BKBd3oL3.js HTTP/1.1\" 200", "severity": "INFO", "module": "h11_impl", "funcName": "send", "lineno": 481, "ts": "2026-09-10T14:39:51.466187+00:00"}
{"message": "127.0.0.1:59600 - \"GET /assets/use-auth-capabilities-EIdFh3Uu.js HTTP/1.1\" 200", "severity": "INFO", "module": "h11_impl", "funcName": "send", "lineno": 481, "ts": "2026-09-10T14:39:51.466432+00:00"}
{"message": "127.0.0.1:59608 - \"GET /assets/local-storage-BL98fNWo.js HTTP/1.1\" 200", "severity": "INFO", "module": "h11_impl", "funcName": "send", "lineno": 481, "ts": "2026-09-10T14:39:51.472197+00:00"}
{"message": "127.0.0.1:59610 - \"GET /assets/use-auth-url-M2suDX2e.js HTTP/1.1\" 200", "severity": "INFO", "module": "h11_impl", "funcName": "send", "lineno": 481, "ts": "2026-09-10T14:39:51.473285+00:00"}
{"message": "127.0.0.1:59588 - \"GET /assets/use-organizations-Du6jQWrG.js HTTP/1.1\" 200", "severity": "INFO", "module": "h11_impl", "funcName": "send", "lineno": 481, "ts": "2026-09-10T14:39:51.473603+00:00"}
{"message": "127.0.0.1:59612 - \"GET /assets/cross-app-redirect-CA1RAd_9.js HTTP/1.1\" 200", "severity": "INFO", "module": "h11_impl", "funcName": "send", "lineno": 481, "ts": "2026-09-10T14:39:51.474135+00:00"}
{"message": "127.0.0.1:59600 - \"GET /assets/use-onboarding-status-D8-nDDLa.js HTTP/1.1\" 200", "severity": "INFO", "module": "h11_impl", "funcName": "send", "lineno": 481, "ts": "2026-09-10T14:39:51.475847+00:00"}
{"message": "127.0.0.1:59614 - \"GET /assets/close-5k7m9tBa.js HTTP/1.1\" 200", "severity": "INFO", "module": "h11_impl", "funcName": "send", "lineno": 481, "ts": "2026-09-10T14:39:51.476379+00:00"}
{"message": "127.0.0.1:59608 - \"GET /assets/use-user-conversation-Cid1kHvb.js HTTP/1.1\" 200", "severity": "INFO", "module": "h11_impl", "funcName": "send", "lineno": 481, "ts": "2026-09-10T14:39:51.478845+00:00"}
{"message": "127.0.0.1:59610 - \"GET /assets/auth-service.api-DG-mQZWV.js HTTP/1.1\" 200", "severity": "INFO", "module": "h11_impl", "funcName": "send", "lineno": 481, "ts": "2026-09-10T14:39:51.481559+00:00"}
{"message": "127.0.0.1:59588 - \"GET /assets/use-user-providers-De-NIh9j.js HTTP/1.1\" 200", "severity": "INFO", "module": "h11_impl", "funcName": "send", "lineno": 481, "ts": "2026-09-10T14:39:51.482021+00:00"}
{"message": "127.0.0.1:59612 - \"GET /assets/useInfiniteQuery-bO1xC7Iy.js HTTP/1.1\" 200", "severity": "INFO", "module": "h11_impl", "funcName": "send", "lineno": 481, "ts": "2026-09-10T14:39:51.483201+00:00"}
{"message": "127.0.0.1:59600 - \"GET /assets/iconBase-Dv4KA39o.js HTTP/1.1\" 200", "severity": "INFO", "module": "h11_impl", "funcName": "send", "lineno": 481, "ts": "2026-09-10T14:39:51.484313+00:00"}
{"message": "127.0.0.1:59614 - \"GET /assets/dropdown-npgxgKWR.js HTTP/1.1\" 200", "severity": "INFO", "module": "h11_impl", "funcName": "send", "lineno": 481, "ts": "2026-09-10T14:39:51.484766+00:00"}
{"message": "127.0.0.1:59608 - \"GET /assets/downshift.esm-BbaUJ_tW.js HTTP/1.1\" 200", "severity": "INFO", "module": "h11_impl", "funcName": "send", "lineno": 481, "ts": "2026-09-10T14:39:51.489490+00:00"}
{"message": "127.0.0.1:59610 - \"GET /assets/createLucideIcon-BxzTDeUp.js HTTP/1.1\" 200", "severity": "INFO", "module": "h11_impl", "funcName": "send", "lineno": 481, "ts": "2026-09-10T14:39:51.490653+00:00"}
{"message": "127.0.0.1:59588 - \"GET /assets/x-BsgLjmSr.js HTTP/1.1\" 200", "severity": "INFO", "module": "h11_impl", "funcName": "send", "lineno": 481, "ts": "2026-09-10T14:39:51.491051+00:00"}
{"message": "127.0.0.1:59612 - \"GET /assets/chevron-down-DJLF3NWr.js HTTP/1.1\" 200", "severity": "INFO", "module": "h11_impl", "funcName": "send", "lineno": 481, "ts": "2026-09-10T14:39:51.491450+00:00"}
{"message": "127.0.0.1:59600 - \"GET /assets/u-puzzle-piece-DZAj73nM.js HTTP/1.1\" 200", "severity": "INFO", "module": "h11_impl", "funcName": "send", "lineno": 481, "ts": "2026-09-10T14:39:51.494210+00:00"}
{"message": "127.0.0.1:59614 - \"GET /assets/user-BZaYcIDI.js HTTP/1.1\" 200", "severity": "INFO", "module": "h11_impl", "funcName": "send", "lineno": 481, "ts": "2026-09-10T14:39:51.494514+00:00"}
{"message": "127.0.0.1:59608 - \"GET /assets/billing-visibility-D5M6Ccfy.js HTTP/1.1\" 200", "severity": "INFO", "module": "h11_impl", "funcName": "send", "lineno": 481, "ts": "2026-09-10T14:39:51.500677+00:00"}
{"message": "127.0.0.1:59610 - \"GET /assets/use-permissions-Cw6_6mp8.js HTTP/1.1\" 200", "severity": "INFO", "module": "h11_impl", "funcName": "send", "lineno": 481, "ts": "2026-09-10T14:39:51.502522+00:00"}
{"message": "127.0.0.1:59588 - \"GET /assets/Trans-B9E-JHZU.js HTTP/1.1\" 200", "severity": "INFO", "module": "h11_impl", "funcName": "send", "lineno": 481, "ts": "2026-09-10T14:39:51.502948+00:00"}
{"message": "127.0.0.1:59612 - \"GET /assets/index-OXd_jqD1.js HTTP/1.1\" 200", "severity": "INFO", "module": "h11_impl", "funcName": "send", "lineno": 481, "ts": "2026-09-10T14:39:51.503886+00:00"}
{"message": "127.0.0.1:59614 - \"GET /assets/chunk-RXKUWVQZ-D1OtVlZP.js HTTP/1.1\" 200", "severity": "INFO", "module": "h11_impl", "funcName": "send", "lineno": 481, "ts": "2026-09-10T14:39:51.505669+00:00"}
{"message": "127.0.0.1:59600 - \"GET /assets/input-validation-hr7xwKOy.js HTTP/1.1\" 200", "severity": "INFO", "module": "h11_impl", "funcName": "send", "lineno": 481, "ts": "2026-09-10T14:39:51.506891+00:00"}
{"message": "127.0.0.1:59608 - \"GET /assets/optional-tag-CEdAG4AY.js HTTP/1.1\" 200", "severity": "INFO", "module": "h11_impl", "funcName": "send", "lineno": 481, "ts": "2026-09-10T14:39:51.513253+00:00"}
{"message": "127.0.0.1:59610 - \"GET /assets/openhands-logo-white-cxeMkDJA.js HTTP/1.1\" 200", "severity": "INFO", "module": "h11_impl", "funcName": "send", "lineno": 481, "ts": "2026-09-10T14:39:51.513731+00:00"}
{"message": "127.0.0.1:59588 - \"GET /assets/sandbox-service.api--HJWqUv9.js HTTP/1.1\" 200", "severity": "INFO", "module": "h11_impl", "funcName": "send", "lineno": 481, "ts": "2026-09-10T14:39:51.514037+00:00"}
{"message": "127.0.0.1:59600 - \"GET /assets/permission-checks-Ce96Mh3q.js HTTP/1.1\" 200", "severity": "INFO", "module": "h11_impl", "funcName": "send", "lineno": 481, "ts": "2026-09-10T14:39:51.520733+00:00"}
{"message": "127.0.0.1:59614 - \"GET /assets/info-circle-C7uY3qjj.js HTTP/1.1\" 200", "severity": "INFO", "module": "h11_impl", "funcName": "send", "lineno": 481, "ts": "2026-09-10T14:39:51.522907+00:00"}
{"message": "127.0.0.1:59612 - \"GET /assets/use-email-verification-S6_uU7s7.js HTTP/1.1\" 200", "severity": "INFO", "module": "h11_impl", "funcName": "send", "lineno": 481, "ts": "2026-09-10T14:39:51.523355+00:00"}
{"message": "127.0.0.1:59608 - \"GET /assets/account-form-D3u4oKV4.js HTTP/1.1\" 200", "severity": "INFO", "module": "h11_impl", "funcName": "send", "lineno": 481, "ts": "2026-09-10T14:39:51.525387+00:00"}
{"message": "127.0.0.1:59608 - \"GET /api/auth/capabilities HTTP/1.1\" 200", "severity": "INFO", "module": "h11_impl", "funcName": "send", "lineno": 481, "ts": "2026-09-10T14:39:51.544128+00:00"}
{"message": "127.0.0.1:59612 - \"POST /api/authenticate HTTP/1.1\" 200", "severity": "INFO", "module": "h11_impl", "funcName": "send", "lineno": 481, "ts": "2026-09-10T14:39:51.565686+00:00"}
{"message": "127.0.0.1:59612 - \"GET /assets/index-DWt18b-i.js HTTP/1.1\" 200", "severity": "INFO", "module": "h11_impl", "funcName": "send", "lineno": 481, "ts": "2026-09-10T14:39:51.583049+00:00"}
{"message": "127.0.0.1:59608 - \"GET /assets/gestures-JaRNb3Lx.js HTTP/1.1\" 200", "severity": "INFO", "module": "h11_impl", "funcName": "send", "lineno": 481, "ts": "2026-09-10T14:39:51.584122+00:00"}
{"message": "Listing organizations for user", "severity": "INFO", "module": "orgs", "funcName": "list_user_orgs", "lineno": 161, "user_id": "0dfec177-08aa-4cac-8292-e33dc9fd377e", "page_id": null, "limit": 100, "ts": "2026-09-10T14:39:51.601174+00:00"}
{"message": "127.0.0.1:59600 - \"GET /api/onboarding_status HTTP/1.1\" 200", "severity": "INFO", "module": "h11_impl", "funcName": "send", "lineno": 481, "ts": "2026-09-10T14:39:51.609963+00:00"}
{"message": "Successfully retrieved organizations", "severity": "INFO", "module": "orgs", "funcName": "list_user_orgs", "lineno": 189, "user_id": "0dfec177-08aa-4cac-8292-e33dc9fd377e", "org_count": 1, "has_more": false, "ts": "2026-09-10T14:39:51.613600+00:00"}
{"message": "127.0.0.1:59614 - \"GET /api/organizations HTTP/1.1\" 200", "severity": "INFO", "module": "h11_impl", "funcName": "send", "lineno": 481, "ts": "2026-09-10T14:39:51.614723+00:00"}
{"message": "Retrieving current member details", "severity": "INFO", "module": "orgs", "funcName": "get_me", "lineno": 661, "user_id": "0dfec177-08aa-4cac-8292-e33dc9fd377e", "org_id": "0dfec177-08aa-4cac-8292-e33dc9fd377e", "ts": "2026-09-10T14:39:51.645647+00:00"}
{"message": "127.0.0.1:59614 - \"GET /api/organizations/0dfec177-08aa-4cac-8292-e33dc9fd377e/me HTTP/1.1\" 200", "severity": "INFO", "module": "h11_impl", "funcName": "send", "lineno": 481, "ts": "2026-09-10T14:39:51.659081+00:00"}
{"message": "127.0.0.1:59600 - \"GET /api/v1/settings HTTP/1.1\" 200", "severity": "INFO", "module": "h11_impl", "funcName": "send", "lineno": 481, "ts": "2026-09-10T14:39:51.691195+00:00"}
{"message": "127.0.0.1:59600 - \"GET /api/v1/users/git-info HTTP/1.1\" 200", "severity": "INFO", "module": "h11_impl", "funcName": "send", "lineno": 481, "ts": "2026-09-10T14:39:51.728027+00:00"}
{"message": "127.0.0.1:59628 - \"GET /api/auth/csrf HTTP/1.1\" 200", "severity": "INFO", "module": "h11_impl", "funcName": "send", "lineno": 481, "ts": "2026-09-10T14:40:13.502741+00:00"}
{"message": "127.0.0.1:59628 - \"POST /api/auth/login HTTP/1.1\" 200", "severity": "INFO", "module": "h11_impl", "funcName": "send", "lineno": 481, "ts": "2026-09-10T14:40:13.600430+00:00"}
{"message": "127.0.0.1:59630 - \"GET /api/auth/csrf HTTP/1.1\" 200", "severity": "INFO", "module": "h11_impl", "funcName": "send", "lineno": 481, "ts": "2026-09-10T14:40:13.605267+00:00"}
{"message": "Redirecting user to onboarding", "severity": "INFO", "module": "admission", "funcName": "_get_post_auth_redirect", "lineno": 329, "user_id": "82396d1b-8198-4275-972a-ae0a386b92de", "deployment_mode": "self_hosted", "ts": "2026-09-10T14:40:13.661957+00:00"}
{"message": "127.0.0.1:59630 - \"POST /api/auth/login HTTP/1.1\" 200", "severity": "INFO", "module": "h11_impl", "funcName": "send", "lineno": 481, "ts": "2026-09-10T14:40:13.662817+00:00"}
{"message": "127.0.0.1:59630 - \"GET /api/auth/csrf HTTP/1.1\" 200", "severity": "INFO", "module": "h11_impl", "funcName": "send", "lineno": 481, "ts": "2026-09-10T14:40:13.665191+00:00"}
{"message": "User 82396d1b-8198-4275-972a-ae0a386b92de accepted TOS", "severity": "INFO", "module": "auth", "funcName": "accept_tos", "lineno": 769, "ts": "2026-09-10T14:40:13.690341+00:00"}
{"message": "Redirecting user to onboarding", "severity": "INFO", "module": "admission", "funcName": "_get_post_auth_redirect", "lineno": 329, "user_id": "82396d1b-8198-4275-972a-ae0a386b92de", "deployment_mode": "self_hosted", "ts": "2026-09-10T14:40:13.694050+00:00"}
{"message": "127.0.0.1:59630 - \"POST /api/accept_tos HTTP/1.1\" 200", "severity": "INFO", "module": "h11_impl", "funcName": "send", "lineno": 481, "ts": "2026-09-10T14:40:13.694451+00:00"}
{"message": "Device authorization initiated", "severity": "INFO", "module": "oauth_device", "funcName": "device_authorization", "lineno": 104, "user_code": "LSB7MLZS", "ts": "2026-09-10T14:40:13.701266+00:00"}
{"message": "127.0.0.1:59632 - \"POST /oauth/device/authorize HTTP/1.1\" 200", "severity": "INFO", "module": "h11_impl", "funcName": "send", "lineno": 481, "ts": "2026-09-10T14:40:13.701791+00:00"}
{"message": "127.0.0.1:59630 - \"GET /api/auth/csrf HTTP/1.1\" 200", "severity": "INFO", "module": "h11_impl", "funcName": "send", "lineno": 481, "ts": "2026-09-10T14:40:13.703050+00:00"}
{"message": "Created new device API key for user after successful authorization", "severity": "INFO", "module": "oauth_device", "funcName": "device_verification_authenticated", "lineno": 295, "user_id": "82396d1b-8198-4275-972a-ae0a386b92de", "user_code": "LSB7MLZS", "ts": "2026-09-10T14:40:13.727930+00:00"}
{"message": "Device code authorized with API key successfully", "severity": "INFO", "module": "oauth_device", "funcName": "device_verification_authenticated", "lineno": 326, "user_code": "LSB7MLZS", "user_id": "82396d1b-8198-4275-972a-ae0a386b92de", "ts": "2026-09-10T14:40:13.728064+00:00"}
{"message": "127.0.0.1:59630 - \"POST /oauth/device/verify-authenticated HTTP/1.1\" 200", "severity": "INFO", "module": "h11_impl", "funcName": "send", "lineno": 481, "ts": "2026-09-10T14:40:13.731711+00:00"}
{"message": "127.0.0.1:59632 - \"POST /oauth/device/token HTTP/1.1\" 200", "severity": "INFO", "module": "h11_impl", "funcName": "send", "lineno": 481, "ts": "2026-09-10T14:40:13.739122+00:00"}
{"message": "127.0.0.1:59632 - \"GET /api/v1/users/me HTTP/1.1\" 200", "severity": "INFO", "module": "h11_impl", "funcName": "send", "lineno": 481, "ts": "2026-09-10T14:40:14.869633+00:00"}
{"message": "127.0.0.1:59632 - \"GET /api/v1/users/me?expose_secrets=true HTTP/1.1\" 401", "severity": "INFO", "module": "h11_impl", "funcName": "send", "lineno": 481, "ts": "2026-09-10T14:40:14.882505+00:00"}
{"message": "127.0.0.1:59632 - \"GET /api/v1/users/me?expose_secrets=true HTTP/1.1\" 401", "severity": "INFO", "module": "h11_impl", "funcName": "send", "lineno": 481, "ts": "2026-09-10T14:40:14.898413+00:00"}
{"message": "127.0.0.1:59630 - \"GET /api/auth/csrf HTTP/1.1\" 200", "severity": "INFO", "module": "h11_impl", "funcName": "send", "lineno": 481, "ts": "2026-09-10T14:40:14.901142+00:00"}
{"message": "127.0.0.1:59630 - \"POST /api/auth/accounts HTTP/1.1\" 403", "severity": "INFO", "module": "h11_impl", "funcName": "send", "lineno": 481, "ts": "2026-09-10T14:40:14.916275+00:00"}
{"message": "127.0.0.1:59628 - \"GET /api/auth/csrf HTTP/1.1\" 200", "severity": "INFO", "module": "h11_impl", "funcName": "send", "lineno": 481, "ts": "2026-09-10T14:40:14.919593+00:00"}
{"message": "127.0.0.1:59628 - \"POST /api/admin/users/82396d1b-8198-4275-972a-ae0a386b92de/disable HTTP/1.1\" 200", "severity": "INFO", "module": "h11_impl", "funcName": "send", "lineno": 481, "ts": "2026-09-10T14:40:14.958539+00:00"}
{"message": "127.0.0.1:59630 - \"GET /api/v1/users/me HTTP/1.1\" 401", "severity": "INFO", "module": "h11_impl", "funcName": "send", "lineno": 481, "ts": "2026-09-10T14:40:14.961186+00:00"}
{"message": "127.0.0.1:59632 - \"GET /api/v1/users/me HTTP/1.1\" 401", "severity": "INFO", "module": "h11_impl", "funcName": "send", "lineno": 481, "ts": "2026-09-10T14:40:14.962929+00:00"}
{"message": "127.0.0.1:59630 - \"GET /api/auth/csrf HTTP/1.1\" 200", "severity": "INFO", "module": "h11_impl", "funcName": "send", "lineno": 481, "ts": "2026-09-10T14:40:14.964028+00:00"}
{"message": "127.0.0.1:59630 - \"POST /api/auth/login HTTP/1.1\" 401", "severity": "INFO", "module": "h11_impl", "funcName": "send", "lineno": 481, "ts": "2026-09-10T14:40:15.005677+00:00"}
{"message": "127.0.0.1:59640 - \"POST /api/auth/email/request-verification HTTP/1.1\" 200", "severity": "INFO", "module": "h11_impl", "funcName": "send", "lineno": 481, "ts": "2026-09-10T14:40:35.044819+00:00"}
{"message": "127.0.0.1:59658 - \"GET /auth/verify-email?returnTo=%2Fsettings%2Fuser HTTP/1.1\" 200", "severity": "INFO", "module": "h11_impl", "funcName": "send", "lineno": 481, "ts": "2026-09-10T14:40:46.803381+00:00"}
{"message": "127.0.0.1:59658 - \"GET /assets/manifest-d7f631c4.js HTTP/1.1\" 200", "severity": "INFO", "module": "h11_impl", "funcName": "send", "lineno": 481, "ts": "2026-09-10T14:40:46.841455+00:00"}
{"message": "127.0.0.1:59658 - \"GET /assets/root-D-LbRKNh.css HTTP/1.1\" 200", "severity": "INFO", "module": "h11_impl", "funcName": "send", "lineno": 481, "ts": "2026-09-10T14:40:46.860626+00:00"}
{"message": "127.0.0.1:59728 - \"GET /assets/index-tLtD-Cu0.js HTTP/1.1\" 200", "severity": "INFO", "module": "h11_impl", "funcName": "send", "lineno": 481, "ts": "2026-09-10T14:40:46.862538+00:00"}
{"message": "127.0.0.1:59732 - \"GET /assets/retrieve-axios-error-message-Dwxjb5f3.js HTTP/1.1\" 200", "severity": "INFO", "module": "h11_impl", "funcName": "send", "lineno": 481, "ts": "2026-09-10T14:40:46.863424+00:00"}
{"message": "127.0.0.1:59736 - \"GET /assets/rate-limit-retry-DdZplSiD.js HTTP/1.1\" 200", "severity": "INFO", "module": "h11_impl", "funcName": "send", "lineno": 481, "ts": "2026-09-10T14:40:46.864289+00:00"}
{"message": "127.0.0.1:59748 - \"GET /assets/index-Dt4MV93j.js HTTP/1.1\" 200", "severity": "INFO", "module": "h11_impl", "funcName": "send", "lineno": 481, "ts": "2026-09-10T14:40:46.871004+00:00"}
{"message": "127.0.0.1:59750 - \"GET /assets/query-keys-BSjaytiJ.js HTTP/1.1\" 200", "severity": "INFO", "module": "h11_impl", "funcName": "send", "lineno": 481, "ts": "2026-09-10T14:40:46.871454+00:00"}
{"message": "127.0.0.1:59728 - \"GET /assets/index-CXoKay-T.js HTTP/1.1\" 200", "severity": "INFO", "module": "h11_impl", "funcName": "send", "lineno": 481, "ts": "2026-09-10T14:40:46.873463+00:00"}
{"message": "127.0.0.1:59732 - \"GET /assets/entry.client-Dw7KE7hM.js HTTP/1.1\" 200", "severity": "INFO", "module": "h11_impl", "funcName": "send", "lineno": 481, "ts": "2026-09-10T14:40:46.873728+00:00"}
{"message": "127.0.0.1:59736 - \"GET /assets/preload-helper-Bc3Pu81E.js HTTP/1.1\" 200", "severity": "INFO", "module": "h11_impl", "funcName": "send", "lineno": 481, "ts": "2026-09-10T14:40:46.875388+00:00"}
{"message": "127.0.0.1:59658 - \"GET /assets/chunk-6CSD65Y2-UpbgoP9j.js HTTP/1.1\" 200", "severity": "INFO", "module": "h11_impl", "funcName": "send", "lineno": 481, "ts": "2026-09-10T14:40:46.879663+00:00"}
{"message": "127.0.0.1:59750 - \"GET /assets/declaration-Bwok30Lo.js HTTP/1.1\" 200", "severity": "INFO", "module": "h11_impl", "funcName": "send", "lineno": 481, "ts": "2026-09-10T14:40:46.881976+00:00"}
{"message": "127.0.0.1:59728 - \"GET /assets/custom-toast-handlers-CAVHstGd.js HTTP/1.1\" 200", "severity": "INFO", "module": "h11_impl", "funcName": "send", "lineno": 481, "ts": "2026-09-10T14:40:46.884622+00:00"}
{"message": "127.0.0.1:59748 - \"GET /assets/open-hands-axios-LzNSarGn.js HTTP/1.1\" 200", "severity": "INFO", "module": "h11_impl", "funcName": "send", "lineno": 481, "ts": "2026-09-10T14:40:46.885879+00:00"}
{"message": "127.0.0.1:59736 - \"GET /assets/mutation-DSZmfvqD.js HTTP/1.1\" 200", "severity": "INFO", "module": "h11_impl", "funcName": "send", "lineno": 481, "ts": "2026-09-10T14:40:46.886621+00:00"}
{"message": "127.0.0.1:59732 - \"GET /assets/infiniteQueryBehavior-DZN75Mj9.js HTTP/1.1\" 200", "severity": "INFO", "module": "h11_impl", "funcName": "send", "lineno": 481, "ts": "2026-09-10T14:40:46.889364+00:00"}
{"message": "127.0.0.1:59658 - \"GET /assets/root-Cyf3bcFs.js HTTP/1.1\" 200", "severity": "INFO", "module": "h11_impl", "funcName": "send", "lineno": 481, "ts": "2026-09-10T14:40:46.891910+00:00"}
{"message": "127.0.0.1:59750 - \"GET /assets/use-invitation-M5_iS4Ov.js HTTP/1.1\" 200", "severity": "INFO", "module": "h11_impl", "funcName": "send", "lineno": 481, "ts": "2026-09-10T14:40:46.892741+00:00"}
{"message": "127.0.0.1:59728 - \"GET /assets/query-client-config-C2aiFcZM.js HTTP/1.1\" 200", "severity": "INFO", "module": "h11_impl", "funcName": "send", "lineno": 481, "ts": "2026-09-10T14:40:46.892860+00:00"}
{"message": "127.0.0.1:59728 - \"GET /locales/en/translation.json HTTP/1.1\" 200", "severity": "INFO", "module": "h11_impl", "funcName": "send", "lineno": 481, "ts": "2026-09-10T14:40:46.909421+00:00"}
{"message": "127.0.0.1:59750 - \"GET /assets/account-action-CiHRle-Z.js HTTP/1.1\" 200", "severity": "INFO", "module": "h11_impl", "funcName": "send", "lineno": 481, "ts": "2026-09-10T14:40:46.917946+00:00"}
{"message": "127.0.0.1:59750 - \"GET /assets/use-auth-capabilities-EIdFh3Uu.js HTTP/1.1\" 200", "severity": "INFO", "module": "h11_impl", "funcName": "send", "lineno": 481, "ts": "2026-09-10T14:40:46.928993+00:00"}
{"message": "127.0.0.1:59728 - \"GET /assets/use-logout-SxGpq-OD.js HTTP/1.1\" 200", "severity": "INFO", "module": "h11_impl", "funcName": "send", "lineno": 481, "ts": "2026-09-10T14:40:46.930036+00:00"}
{"message": "127.0.0.1:59732 - \"GET /assets/account-form-D3u4oKV4.js HTTP/1.1\" 200", "severity": "INFO", "module": "h11_impl", "funcName": "send", "lineno": 481, "ts": "2026-09-10T14:40:46.930478+00:00"}
{"message": "127.0.0.1:59736 - \"GET /assets/password-policy-Blwrl2wX.js HTTP/1.1\" 200", "severity": "INFO", "module": "h11_impl", "funcName": "send", "lineno": 481, "ts": "2026-09-10T14:40:46.930605+00:00"}
{"message": "127.0.0.1:59748 - \"GET /assets/useTranslation-i1xdxadn.js HTTP/1.1\" 200", "severity": "INFO", "module": "h11_impl", "funcName": "send", "lineno": 481, "ts": "2026-09-10T14:40:46.931168+00:00"}
{"message": "127.0.0.1:59658 - \"GET /api/v1/web-client/config HTTP/1.1\" 200", "severity": "INFO", "module": "h11_impl", "funcName": "send", "lineno": 481, "ts": "2026-09-10T14:40:46.933188+00:00"}
{"message": "127.0.0.1:59728 - \"GET /assets/auth-service.api-DG-mQZWV.js HTTP/1.1\" 200", "severity": "INFO", "module": "h11_impl", "funcName": "send", "lineno": 481, "ts": "2026-09-10T14:40:46.939524+00:00"}
{"message": "127.0.0.1:59736 - \"GET /assets/local-storage-BL98fNWo.js HTTP/1.1\" 200", "severity": "INFO", "module": "h11_impl", "funcName": "send", "lineno": 481, "ts": "2026-09-10T14:40:46.940289+00:00"}
{"message": "127.0.0.1:59750 - \"GET /assets/use-config-Dh7W-dyl.js HTTP/1.1\" 200", "severity": "INFO", "module": "h11_impl", "funcName": "send", "lineno": 481, "ts": "2026-09-10T14:40:46.940495+00:00"}
{"message": "127.0.0.1:59658 - \"GET /assets/brand-button-CB2ZqR1E.js HTTP/1.1\" 200", "severity": "INFO", "module": "h11_impl", "funcName": "send", "lineno": 481, "ts": "2026-09-10T14:40:46.940757+00:00"}
{"message": "127.0.0.1:59748 - \"GET /assets/openhands-logo-white-cxeMkDJA.js HTTP/1.1\" 200", "severity": "INFO", "module": "h11_impl", "funcName": "send", "lineno": 481, "ts": "2026-09-10T14:40:46.941022+00:00"}
{"message": "127.0.0.1:59732 - \"GET /assets/useMutation-8-YK4bsn.js HTTP/1.1\" 200", "severity": "INFO", "module": "h11_impl", "funcName": "send", "lineno": 481, "ts": "2026-09-10T14:40:46.941131+00:00"}
{"message": "127.0.0.1:59728 - \"GET /assets/utils-BYzDx4ip.js HTTP/1.1\" 200", "severity": "INFO", "module": "h11_impl", "funcName": "send", "lineno": 481, "ts": "2026-09-10T14:40:46.944559+00:00"}
{"message": "127.0.0.1:59728 - \"GET /api/auth/capabilities HTTP/1.1\" 200", "severity": "INFO", "module": "h11_impl", "funcName": "send", "lineno": 481, "ts": "2026-09-10T14:40:46.951838+00:00"}
{"message": "127.0.0.1:59756 - \"POST /api/auth/email/verify HTTP/1.1\" 200", "severity": "INFO", "module": "h11_impl", "funcName": "send", "lineno": 481, "ts": "2026-09-10T14:40:55.491468+00:00"}
{"message": "127.0.0.1:59756 - \"GET /settings/user HTTP/1.1\" 200", "severity": "INFO", "module": "h11_impl", "funcName": "send", "lineno": 481, "ts": "2026-09-10T14:40:55.509460+00:00"}
{"message": "127.0.0.1:59756 - \"GET /assets/manifest-d7f631c4.js HTTP/1.1\" 200", "severity": "INFO", "module": "h11_impl", "funcName": "send", "lineno": 481, "ts": "2026-09-10T14:40:55.531656+00:00"}
{"message": "127.0.0.1:59756 - \"GET /assets/root-D-LbRKNh.css HTTP/1.1\" 200", "severity": "INFO", "module": "h11_impl", "funcName": "send", "lineno": 481, "ts": "2026-09-10T14:40:55.550882+00:00"}
{"message": "127.0.0.1:59828 - \"GET /assets/declaration-Bwok30Lo.js HTTP/1.1\" 200", "severity": "INFO", "module": "h11_impl", "funcName": "send", "lineno": 481, "ts": "2026-09-10T14:40:55.552885+00:00"}
{"message": "127.0.0.1:59844 - \"GET /assets/index-tLtD-Cu0.js HTTP/1.1\" 200", "severity": "INFO", "module": "h11_impl", "funcName": "send", "lineno": 481, "ts": "2026-09-10T14:40:55.554788+00:00"}
{"message": "127.0.0.1:59852 - \"GET /assets/index-Dt4MV93j.js HTTP/1.1\" 200", "severity": "INFO", "module": "h11_impl", "funcName": "send", "lineno": 481, "ts": "2026-09-10T14:40:55.555075+00:00"}
{"message": "127.0.0.1:59850 - \"GET /assets/query-client-config-C2aiFcZM.js HTTP/1.1\" 200", "severity": "INFO", "module": "h11_impl", "funcName": "send", "lineno": 481, "ts": "2026-09-10T14:40:55.555192+00:00"}
{"message": "127.0.0.1:59854 - \"GET /assets/entry.client-Dw7KE7hM.js HTTP/1.1\" 200", "severity": "INFO", "module": "h11_impl", "funcName": "send", "lineno": 481, "ts": "2026-09-10T14:40:55.555798+00:00"}
{"message": "127.0.0.1:59828 - \"GET /assets/query-keys-BSjaytiJ.js HTTP/1.1\" 200", "severity": "INFO", "module": "h11_impl", "funcName": "send", "lineno": 481, "ts": "2026-09-10T14:40:55.560793+00:00"}
{"message": "127.0.0.1:59844 - \"GET /assets/index-CXoKay-T.js HTTP/1.1\" 200", "severity": "INFO", "module": "h11_impl", "funcName": "send", "lineno": 481, "ts": "2026-09-10T14:40:55.562465+00:00"}
{"message": "127.0.0.1:59850 - \"GET /assets/preload-helper-Bc3Pu81E.js HTTP/1.1\" 200", "severity": "INFO", "module": "h11_impl", "funcName": "send", "lineno": 481, "ts": "2026-09-10T14:40:55.562881+00:00"}
{"message": "127.0.0.1:59756 - \"GET /assets/retrieve-axios-error-message-Dwxjb5f3.js HTTP/1.1\" 200", "severity": "INFO", "module": "h11_impl", "funcName": "send", "lineno": 481, "ts": "2026-09-10T14:40:55.563375+00:00"}
{"message": "127.0.0.1:59852 - \"GET /assets/rate-limit-retry-DdZplSiD.js HTTP/1.1\" 200", "severity": "INFO", "module": "h11_impl", "funcName": "send", "lineno": 481, "ts": "2026-09-10T14:40:55.564498+00:00"}
{"message": "127.0.0.1:59854 - \"GET /assets/mutation-DSZmfvqD.js HTTP/1.1\" 200", "severity": "INFO", "module": "h11_impl", "funcName": "send", "lineno": 481, "ts": "2026-09-10T14:40:55.566406+00:00"}
{"message": "127.0.0.1:59828 - \"GET /assets/infiniteQueryBehavior-DZN75Mj9.js HTTP/1.1\" 200", "severity": "INFO", "module": "h11_impl", "funcName": "send", "lineno": 481, "ts": "2026-09-10T14:40:55.567788+00:00"}
{"message": "127.0.0.1:59844 - \"GET /assets/root-Cyf3bcFs.js HTTP/1.1\" 200", "severity": "INFO", "module": "h11_impl", "funcName": "send", "lineno": 481, "ts": "2026-09-10T14:40:55.569493+00:00"}
{"message": "127.0.0.1:59850 - \"GET /assets/chunk-6CSD65Y2-UpbgoP9j.js HTTP/1.1\" 200", "severity": "INFO", "module": "h11_impl", "funcName": "send", "lineno": 481, "ts": "2026-09-10T14:40:55.569917+00:00"}
{"message": "127.0.0.1:59756 - \"GET /assets/use-invitation-M5_iS4Ov.js HTTP/1.1\" 200", "severity": "INFO", "module": "h11_impl", "funcName": "send", "lineno": 481, "ts": "2026-09-10T14:40:55.570157+00:00"}
{"message": "127.0.0.1:59852 - \"GET /assets/custom-toast-handlers-CAVHstGd.js HTTP/1.1\" 200", "severity": "INFO", "module": "h11_impl", "funcName": "send", "lineno": 481, "ts": "2026-09-10T14:40:55.570870+00:00"}
{"message": "127.0.0.1:59854 - \"GET /assets/open-hands-axios-LzNSarGn.js HTTP/1.1\" 200", "severity": "INFO", "module": "h11_impl", "funcName": "send", "lineno": 481, "ts": "2026-09-10T14:40:55.571873+00:00"}
{"message": "127.0.0.1:59854 - \"GET /locales/en/translation.json HTTP/1.1\" 200", "severity": "INFO", "module": "h11_impl", "funcName": "send", "lineno": 481, "ts": "2026-09-10T14:40:55.595502+00:00"}
{"message": "127.0.0.1:59852 - \"GET /assets/root-layout-ClPiNWoF.js HTTP/1.1\" 200", "severity": "INFO", "module": "h11_impl", "funcName": "send", "lineno": 481, "ts": "2026-09-10T14:40:55.597300+00:00"}
{"message": "127.0.0.1:59850 - \"GET /assets/settings-BGO5WOAS.js HTTP/1.1\" 200", "severity": "INFO", "module": "h11_impl", "funcName": "send", "lineno": 481, "ts": "2026-09-10T14:40:55.597482+00:00"}
{"message": "127.0.0.1:59756 - \"GET /assets/user-settings-af99hpQI.js HTTP/1.1\" 200", "severity": "INFO", "module": "h11_impl", "funcName": "send", "lineno": 481, "ts": "2026-09-10T14:40:55.597922+00:00"}
{"message": "127.0.0.1:59844 - \"GET /api/v1/web-client/config HTTP/1.1\" 200", "severity": "INFO", "module": "h11_impl", "funcName": "send", "lineno": 481, "ts": "2026-09-10T14:40:55.604698+00:00"}
{"message": "127.0.0.1:59844 - \"GET /assets/use-is-authed-D8E0h2Jo.js HTTP/1.1\" 200", "severity": "INFO", "module": "h11_impl", "funcName": "send", "lineno": 481, "ts": "2026-09-10T14:40:55.612256+00:00"}
{"message": "127.0.0.1:59850 - \"GET /assets/user-service.api-CSKE8tMw.js HTTP/1.1\" 200", "severity": "INFO", "module": "h11_impl", "funcName": "send", "lineno": 481, "ts": "2026-09-10T14:40:55.616015+00:00"}
{"message": "127.0.0.1:59756 - \"GET /assets/use-config-Dh7W-dyl.js HTTP/1.1\" 200", "severity": "INFO", "module": "h11_impl", "funcName": "send", "lineno": 481, "ts": "2026-09-10T14:40:55.616593+00:00"}
{"message": "127.0.0.1:59828 - \"GET /assets/loading-spinner-sGH7m1sO.js HTTP/1.1\" 200", "severity": "INFO", "module": "h11_impl", "funcName": "send", "lineno": 481, "ts": "2026-09-10T14:40:55.617276+00:00"}
{"message": "127.0.0.1:59852 - \"GET /assets/sandbox-status-indicator-De-qu6-K.js HTTP/1.1\" 200", "severity": "INFO", "module": "h11_impl", "funcName": "send", "lineno": 481, "ts": "2026-09-10T14:40:55.617578+00:00"}
{"message": "127.0.0.1:59854 - \"GET /assets/use-logout-SxGpq-OD.js HTTP/1.1\" 200", "severity": "INFO", "module": "h11_impl", "funcName": "send", "lineno": 481, "ts": "2026-09-10T14:40:55.617866+00:00"}
{"message": "127.0.0.1:59844 - \"GET /assets/utils-BYzDx4ip.js HTTP/1.1\" 200", "severity": "INFO", "module": "h11_impl", "funcName": "send", "lineno": 481, "ts": "2026-09-10T14:40:55.623302+00:00"}
{"message": "127.0.0.1:59850 - \"GET /assets/useTranslation-i1xdxadn.js HTTP/1.1\" 200", "severity": "INFO", "module": "h11_impl", "funcName": "send", "lineno": 481, "ts": "2026-09-10T14:40:55.633568+00:00"}
{"message": "127.0.0.1:59854 - \"GET /assets/index-Cl4PwBnF.js HTTP/1.1\" 200", "severity": "INFO", "module": "h11_impl", "funcName": "send", "lineno": 481, "ts": "2026-09-10T14:40:55.635134+00:00"}
{"message": "127.0.0.1:59828 - \"GET /assets/use-me-Dizf1yD1.js HTTP/1.1\" 200", "severity": "INFO", "module": "h11_impl", "funcName": "send", "lineno": 481, "ts": "2026-09-10T14:40:55.636537+00:00"}
{"message": "127.0.0.1:59852 - \"GET /assets/settings-nav-divider-DNWs2xzQ.js HTTP/1.1\" 200", "severity": "INFO", "module": "h11_impl", "funcName": "send", "lineno": 481, "ts": "2026-09-10T14:40:55.636896+00:00"}
{"message": "127.0.0.1:59756 - \"GET /assets/settings-gear-QGZieQG5.js HTTP/1.1\" 200", "severity": "INFO", "module": "h11_impl", "funcName": "send", "lineno": 481, "ts": "2026-09-10T14:40:55.637140+00:00"}
{"message": "127.0.0.1:59844 - \"GET /assets/index-BA1di30B.js HTTP/1.1\" 200", "severity": "INFO", "module": "h11_impl", "funcName": "send", "lineno": 481, "ts": "2026-09-10T14:40:55.642190+00:00"}
{"message": "127.0.0.1:59854 - \"GET /assets/context-menu-rVWPDAtP.js HTTP/1.1\" 200", "severity": "INFO", "module": "h11_impl", "funcName": "send", "lineno": 481, "ts": "2026-09-10T14:40:55.646781+00:00"}
{"message": "127.0.0.1:59828 - \"GET /assets/card-title-DNMudsxn.js HTTP/1.1\" 200", "severity": "INFO", "module": "h11_impl", "funcName": "send", "lineno": 481, "ts": "2026-09-10T14:40:55.647718+00:00"}
{"message": "127.0.0.1:59852 - \"GET /assets/typography-CEll3mgr.js HTTP/1.1\" 200", "severity": "INFO", "module": "h11_impl", "funcName": "send", "lineno": 481, "ts": "2026-09-10T14:40:55.647986+00:00"}
{"message": "127.0.0.1:59850 - \"GET /assets/card-BiCf3WY_.js HTTP/1.1\" 200", "severity": "INFO", "module": "h11_impl", "funcName": "send", "lineno": 481, "ts": "2026-09-10T14:40:55.648446+00:00"}
{"message": "127.0.0.1:59756 - \"GET /assets/stacked-5ookcZbZ.js HTTP/1.1\" 200", "severity": "INFO", "module": "h11_impl", "funcName": "send", "lineno": 481, "ts": "2026-09-10T14:40:55.649013+00:00"}
{"message": "127.0.0.1:59844 - \"GET /assets/chunk-AUA5GDXN-WvNegR2I.js HTTP/1.1\" 200", "severity": "INFO", "module": "h11_impl", "funcName": "send", "lineno": 481, "ts": "2026-09-10T14:40:55.652531+00:00"}
{"message": "127.0.0.1:59854 - \"GET /assets/use-should-hide-org-selector-CpSd0fQ-.js HTTP/1.1\" 200", "severity": "INFO", "module": "h11_impl", "funcName": "send", "lineno": 481, "ts": "2026-09-10T14:40:55.656924+00:00"}
{"message": "127.0.0.1:59850 - \"GET /assets/use-app-mode-B54Qx7LS.js HTTP/1.1\" 200", "severity": "INFO", "module": "h11_impl", "funcName": "send", "lineno": 481, "ts": "2026-09-10T14:40:55.657960+00:00"}
{"message": "127.0.0.1:59852 - \"GET /assets/settings-nav-header-Dnv4GU50.js HTTP/1.1\" 200", "severity": "INFO", "module": "h11_impl", "funcName": "send", "lineno": 481, "ts": "2026-09-10T14:40:55.658696+00:00"}
{"message": "127.0.0.1:59756 - \"GET /assets/org-modal-BRTBwe_B.js HTTP/1.1\" 200", "severity": "INFO", "module": "h11_impl", "funcName": "send", "lineno": 481, "ts": "2026-09-10T14:40:55.659315+00:00"}
{"message": "127.0.0.1:59828 - \"GET /assets/invite-organization-member-modal-D4MJ3CFv.js HTTP/1.1\" 200", "severity": "INFO", "module": "h11_impl", "funcName": "send", "lineno": 481, "ts": "2026-09-10T14:40:55.659630+00:00"}
{"message": "127.0.0.1:59844 - \"GET /assets/useMutation-8-YK4bsn.js HTTP/1.1\" 200", "severity": "INFO", "module": "h11_impl", "funcName": "send", "lineno": 481, "ts": "2026-09-10T14:40:55.661831+00:00"}
{"message": "127.0.0.1:59854 - \"GET /assets/organization-service.api-DAj5yeBR.js HTTP/1.1\" 200", "severity": "INFO", "module": "h11_impl", "funcName": "send", "lineno": 481, "ts": "2026-09-10T14:40:55.665552+00:00"}
{"message": "127.0.0.1:59850 - \"GET /assets/openhands-logo-DilX03Hr.js HTTP/1.1\" 200", "severity": "INFO", "module": "h11_impl", "funcName": "send", "lineno": 481, "ts": "2026-09-10T14:40:55.666035+00:00"}
{"message": "127.0.0.1:59852 - \"GET /assets/styled-tooltip-k9fZGNHu.js HTTP/1.1\" 200", "severity": "INFO", "module": "h11_impl", "funcName": "send", "lineno": 481, "ts": "2026-09-10T14:40:55.666812+00:00"}
{"message": "127.0.0.1:59828 - \"GET /assets/modal-backdrop-B5BF9mZF.js HTTP/1.1\" 200", "severity": "INFO", "module": "h11_impl", "funcName": "send", "lineno": 481, "ts": "2026-09-10T14:40:55.666909+00:00"}
{"message": "127.0.0.1:59756 - \"GET /assets/base-modal-8sJuGqdJ.js HTTP/1.1\" 200", "severity": "INFO", "module": "h11_impl", "funcName": "send", "lineno": 481, "ts": "2026-09-10T14:40:55.667355+00:00"}
{"message": "127.0.0.1:59844 - \"GET /assets/permissions-a6OWVwNd.js HTTP/1.1\" 200", "severity": "INFO", "module": "h11_impl", "funcName": "send", "lineno": 481, "ts": "2026-09-10T14:40:55.668587+00:00"}
{"message": "127.0.0.1:59854 - \"GET /assets/model-selector-B_esEVWk.js HTTP/1.1\" 200", "severity": "INFO", "module": "h11_impl", "funcName": "send", "lineno": 481, "ts": "2026-09-10T14:40:55.672680+00:00"}
{"message": "127.0.0.1:59850 - \"GET /assets/brand-button-CB2ZqR1E.js HTTP/1.1\" 200", "severity": "INFO", "module": "h11_impl", "funcName": "send", "lineno": 481, "ts": "2026-09-10T14:40:55.673077+00:00"}
{"message": "127.0.0.1:59756 - \"GET /assets/use-save-settings-DbZtTQUT.js HTTP/1.1\" 200", "severity": "INFO", "module": "h11_impl", "funcName": "send", "lineno": 481, "ts": "2026-09-10T14:40:55.674026+00:00"}
{"message": "127.0.0.1:59852 - \"GET /assets/settings-input-DeV8o5x5.js HTTP/1.1\" 200", "severity": "INFO", "module": "h11_impl", "funcName": "send", "lineno": 481, "ts": "2026-09-10T14:40:55.674346+00:00"}
{"message": "127.0.0.1:59828 - \"GET /assets/help-link-DcOVRYm_.js HTTP/1.1\" 200", "severity": "INFO", "module": "h11_impl", "funcName": "send", "lineno": 481, "ts": "2026-09-10T14:40:55.674590+00:00"}
{"message": "127.0.0.1:59844 - \"GET /assets/sdk-settings-schema-ysVUDYQY.js HTTP/1.1\" 200", "severity": "INFO", "module": "h11_impl", "funcName": "send", "lineno": 481, "ts": "2026-09-10T14:40:55.674812+00:00"}
{"message": "127.0.0.1:59854 - \"GET /assets/constants-BAVPcVUC.js HTTP/1.1\" 200", "severity": "INFO", "module": "h11_impl", "funcName": "send", "lineno": 481, "ts": "2026-09-10T14:40:55.679219+00:00"}
{"message": "127.0.0.1:59850 - \"GET /assets/use-settings-DDjmuEGm.js HTTP/1.1\" 200", "severity": "INFO", "module": "h11_impl", "funcName": "send", "lineno": 481, "ts": "2026-09-10T14:40:55.679414+00:00"}
{"message": "127.0.0.1:59756 - \"GET /assets/v1-conversation-service.api-Bp7sNLu0.js HTTP/1.1\" 200", "severity": "INFO", "module": "h11_impl", "funcName": "send", "lineno": 481, "ts": "2026-09-10T14:40:55.679947+00:00"}
{"message": "127.0.0.1:59852 - \"GET /assets/use-infinite-scroll-ug_PCwOE.js HTTP/1.1\" 200", "severity": "INFO", "module": "h11_impl", "funcName": "send", "lineno": 481, "ts": "2026-09-10T14:40:55.680977+00:00"}
{"message": "127.0.0.1:59828 - \"GET /assets/modal-body-C_1-4ovn.js HTTP/1.1\" 200", "severity": "INFO", "module": "h11_impl", "funcName": "send", "lineno": 481, "ts": "2026-09-10T14:40:55.681100+00:00"}
{"message": "127.0.0.1:59844 - \"GET /assets/agent-chip-icon-X2ZJp6do.js HTTP/1.1\" 200", "severity": "INFO", "module": "h11_impl", "funcName": "send", "lineno": 481, "ts": "2026-09-10T14:40:55.681263+00:00"}
{"message": "127.0.0.1:59854 - \"GET /assets/conversation-service.api-EKAoYc9o.js HTTP/1.1\" 200", "severity": "INFO", "module": "h11_impl", "funcName": "send", "lineno": 481, "ts": "2026-09-10T14:40:55.685593+00:00"}
{"message": "127.0.0.1:59756 - \"GET /assets/u-edit-Cw7UgFQ4.js HTTP/1.1\" 200", "severity": "INFO", "module": "h11_impl", "funcName": "send", "lineno": 481, "ts": "2026-09-10T14:40:55.685977+00:00"}
{"message": "127.0.0.1:59850 - \"GET /assets/conversation-name-context-menu-icon-text-B1HvcP85.js HTTP/1.1\" 200", "severity": "INFO", "module": "h11_impl", "funcName": "send", "lineno": 481, "ts": "2026-09-10T14:40:55.686374+00:00"}
{"message": "127.0.0.1:59828 - \"GET /assets/u-delete-CqpdoXH5.js HTTP/1.1\" 200", "severity": "INFO", "module": "h11_impl", "funcName": "send", "lineno": 481, "ts": "2026-09-10T14:40:55.686972+00:00"}
{"message": "127.0.0.1:59852 - \"GET /assets/format-time-delta-CgY-HPrl.js HTTP/1.1\" 200", "severity": "INFO", "module": "h11_impl", "funcName": "send", "lineno": 481, "ts": "2026-09-10T14:40:55.687201+00:00"}
{"message": "127.0.0.1:59844 - \"GET /assets/index-BR5f3GK5.js HTTP/1.1\" 200", "severity": "INFO", "module": "h11_impl", "funcName": "send", "lineno": 481, "ts": "2026-09-10T14:40:55.687627+00:00"}
{"message": "127.0.0.1:59854 - \"GET /assets/index-CcBMHdO5.js HTTP/1.1\" 200", "severity": "INFO", "module": "h11_impl", "funcName": "send", "lineno": 481, "ts": "2026-09-10T14:40:55.692039+00:00"}
{"message": "127.0.0.1:59756 - \"GET /assets/azure-devops-logo-DXPdTsmh.js HTTP/1.1\" 200", "severity": "INFO", "module": "h11_impl", "funcName": "send", "lineno": 481, "ts": "2026-09-10T14:40:55.692447+00:00"}
{"message": "127.0.0.1:59850 - \"GET /assets/handle-capture-consent-BKBd3oL3.js HTTP/1.1\" 200", "severity": "INFO", "module": "h11_impl", "funcName": "send", "lineno": 481, "ts": "2026-09-10T14:40:55.693323+00:00"}
{"message": "127.0.0.1:59828 - \"GET /assets/use-auth-capabilities-EIdFh3Uu.js HTTP/1.1\" 200", "severity": "INFO", "module": "h11_impl", "funcName": "send", "lineno": 481, "ts": "2026-09-10T14:40:55.693509+00:00"}
{"message": "127.0.0.1:59852 - \"GET /assets/local-storage-BL98fNWo.js HTTP/1.1\" 200", "severity": "INFO", "module": "h11_impl", "funcName": "send", "lineno": 481, "ts": "2026-09-10T14:40:55.693935+00:00"}
{"message": "127.0.0.1:59844 - \"GET /assets/use-auth-url-M2suDX2e.js HTTP/1.1\" 200", "severity": "INFO", "module": "h11_impl", "funcName": "send", "lineno": 481, "ts": "2026-09-10T14:40:55.694242+00:00"}
{"message": "127.0.0.1:59854 - \"GET /assets/cross-app-redirect-CA1RAd_9.js HTTP/1.1\" 200", "severity": "INFO", "module": "h11_impl", "funcName": "send", "lineno": 481, "ts": "2026-09-10T14:40:55.699821+00:00"}
{"message": "127.0.0.1:59756 - \"GET /assets/use-organizations-Du6jQWrG.js HTTP/1.1\" 200", "severity": "INFO", "module": "h11_impl", "funcName": "send", "lineno": 481, "ts": "2026-09-10T14:40:55.700225+00:00"}
{"message": "127.0.0.1:59852 - \"GET /assets/use-user-conversation-Cid1kHvb.js HTTP/1.1\" 200", "severity": "INFO", "module": "h11_impl", "funcName": "send", "lineno": 481, "ts": "2026-09-10T14:40:55.700751+00:00"}
{"message": "127.0.0.1:59850 - \"GET /assets/use-onboarding-status-D8-nDDLa.js HTTP/1.1\" 200", "severity": "INFO", "module": "h11_impl", "funcName": "send", "lineno": 481, "ts": "2026-09-10T14:40:55.701109+00:00"}
{"message": "127.0.0.1:59828 - \"GET /assets/close-5k7m9tBa.js HTTP/1.1\" 200", "severity": "INFO", "module": "h11_impl", "funcName": "send", "lineno": 481, "ts": "2026-09-10T14:40:55.702008+00:00"}
{"message": "127.0.0.1:59844 - \"GET /assets/auth-service.api-DG-mQZWV.js HTTP/1.1\" 200", "severity": "INFO", "module": "h11_impl", "funcName": "send", "lineno": 481, "ts": "2026-09-10T14:40:55.702150+00:00"}
{"message": "127.0.0.1:59854 - \"GET /assets/use-user-providers-De-NIh9j.js HTTP/1.1\" 200", "severity": "INFO", "module": "h11_impl", "funcName": "send", "lineno": 481, "ts": "2026-09-10T14:40:55.706775+00:00"}
{"message": "127.0.0.1:59828 - \"GET /assets/dropdown-npgxgKWR.js HTTP/1.1\" 200", "severity": "INFO", "module": "h11_impl", "funcName": "send", "lineno": 481, "ts": "2026-09-10T14:40:55.707628+00:00"}
{"message": "127.0.0.1:59844 - \"GET /assets/createLucideIcon-BxzTDeUp.js HTTP/1.1\" 200", "severity": "INFO", "module": "h11_impl", "funcName": "send", "lineno": 481, "ts": "2026-09-10T14:40:55.707946+00:00"}
{"message": "127.0.0.1:59850 - \"GET /assets/downshift.esm-BbaUJ_tW.js HTTP/1.1\" 200", "severity": "INFO", "module": "h11_impl", "funcName": "send", "lineno": 481, "ts": "2026-09-10T14:40:55.708099+00:00"}
{"message": "127.0.0.1:59756 - \"GET /assets/useInfiniteQuery-bO1xC7Iy.js HTTP/1.1\" 200", "severity": "INFO", "module": "h11_impl", "funcName": "send", "lineno": 481, "ts": "2026-09-10T14:40:55.708332+00:00"}
{"message": "127.0.0.1:59852 - \"GET /assets/iconBase-Dv4KA39o.js HTTP/1.1\" 200", "severity": "INFO", "module": "h11_impl", "funcName": "send", "lineno": 481, "ts": "2026-09-10T14:40:55.709659+00:00"}
{"message": "127.0.0.1:59854 - \"GET /assets/x-BsgLjmSr.js HTTP/1.1\" 200", "severity": "INFO", "module": "h11_impl", "funcName": "send", "lineno": 481, "ts": "2026-09-10T14:40:55.713462+00:00"}
{"message": "127.0.0.1:59828 - \"GET /assets/chevron-down-DJLF3NWr.js HTTP/1.1\" 200", "severity": "INFO", "module": "h11_impl", "funcName": "send", "lineno": 481, "ts": "2026-09-10T14:40:55.714189+00:00"}
{"message": "127.0.0.1:59850 - \"GET /assets/u-puzzle-piece-DZAj73nM.js HTTP/1.1\" 200", "severity": "INFO", "module": "h11_impl", "funcName": "send", "lineno": 481, "ts": "2026-09-10T14:40:55.714874+00:00"}
{"message": "127.0.0.1:59844 - \"GET /assets/user-BZaYcIDI.js HTTP/1.1\" 200", "severity": "INFO", "module": "h11_impl", "funcName": "send", "lineno": 481, "ts": "2026-09-10T14:40:55.715414+00:00"}
{"message": "127.0.0.1:59756 - \"GET /assets/billing-visibility-D5M6Ccfy.js HTTP/1.1\" 200", "severity": "INFO", "module": "h11_impl", "funcName": "send", "lineno": 481, "ts": "2026-09-10T14:40:55.715789+00:00"}
{"message": "127.0.0.1:59852 - \"GET /assets/use-permissions-Cw6_6mp8.js HTTP/1.1\" 200", "severity": "INFO", "module": "h11_impl", "funcName": "send", "lineno": 481, "ts": "2026-09-10T14:40:55.716131+00:00"}
{"message": "127.0.0.1:59854 - \"GET /assets/Trans-B9E-JHZU.js HTTP/1.1\" 200", "severity": "INFO", "module": "h11_impl", "funcName": "send", "lineno": 481, "ts": "2026-09-10T14:40:55.719979+00:00"}
{"message": "127.0.0.1:59828 - \"GET /assets/index-OXd_jqD1.js HTTP/1.1\" 200", "severity": "INFO", "module": "h11_impl", "funcName": "send", "lineno": 481, "ts": "2026-09-10T14:40:55.720781+00:00"}
{"message": "127.0.0.1:59850 - \"GET /assets/input-validation-hr7xwKOy.js HTTP/1.1\" 200", "severity": "INFO", "module": "h11_impl", "funcName": "send", "lineno": 481, "ts": "2026-09-10T14:40:55.721402+00:00"}
{"message": "127.0.0.1:59844 - \"GET /assets/chunk-RXKUWVQZ-D1OtVlZP.js HTTP/1.1\" 200", "severity": "INFO", "module": "h11_impl", "funcName": "send", "lineno": 481, "ts": "2026-09-10T14:40:55.722182+00:00"}
{"message": "127.0.0.1:59756 - \"GET /assets/openhands-logo-white-cxeMkDJA.js HTTP/1.1\" 200", "severity": "INFO", "module": "h11_impl", "funcName": "send", "lineno": 481, "ts": "2026-09-10T14:40:55.722732+00:00"}
{"message": "127.0.0.1:59852 - \"GET /assets/optional-tag-CEdAG4AY.js HTTP/1.1\" 200", "severity": "INFO", "module": "h11_impl", "funcName": "send", "lineno": 481, "ts": "2026-09-10T14:40:55.723910+00:00"}
{"message": "127.0.0.1:59854 - \"GET /assets/sandbox-service.api--HJWqUv9.js HTTP/1.1\" 200", "severity": "INFO", "module": "h11_impl", "funcName": "send", "lineno": 481, "ts": "2026-09-10T14:40:55.728477+00:00"}
{"message": "127.0.0.1:59850 - \"GET /assets/permission-checks-Ce96Mh3q.js HTTP/1.1\" 200", "severity": "INFO", "module": "h11_impl", "funcName": "send", "lineno": 481, "ts": "2026-09-10T14:40:55.729687+00:00"}
{"message": "127.0.0.1:59756 - \"GET /assets/info-circle-C7uY3qjj.js HTTP/1.1\" 200", "severity": "INFO", "module": "h11_impl", "funcName": "send", "lineno": 481, "ts": "2026-09-10T14:40:55.730598+00:00"}
{"message": "127.0.0.1:59852 - \"GET /assets/use-email-verification-S6_uU7s7.js HTTP/1.1\" 200", "severity": "INFO", "module": "h11_impl", "funcName": "send", "lineno": 481, "ts": "2026-09-10T14:40:55.731470+00:00"}
{"message": "127.0.0.1:59844 - \"GET /assets/account-form-D3u4oKV4.js HTTP/1.1\" 200", "severity": "INFO", "module": "h11_impl", "funcName": "send", "lineno": 481, "ts": "2026-09-10T14:40:55.732271+00:00"}
{"message": "127.0.0.1:59844 - \"GET /api/auth/capabilities HTTP/1.1\" 200", "severity": "INFO", "module": "h11_impl", "funcName": "send", "lineno": 481, "ts": "2026-09-10T14:40:55.739633+00:00"}
{"message": "127.0.0.1:59852 - \"POST /api/authenticate HTTP/1.1\" 200", "severity": "INFO", "module": "h11_impl", "funcName": "send", "lineno": 481, "ts": "2026-09-10T14:40:55.747904+00:00"}
{"message": "127.0.0.1:59844 - \"GET /assets/gestures-JaRNb3Lx.js HTTP/1.1\" 200", "severity": "INFO", "module": "h11_impl", "funcName": "send", "lineno": 481, "ts": "2026-09-10T14:40:55.762592+00:00"}
{"message": "127.0.0.1:59852 - \"GET /assets/index-DWt18b-i.js HTTP/1.1\" 200", "severity": "INFO", "module": "h11_impl", "funcName": "send", "lineno": 481, "ts": "2026-09-10T14:40:55.762870+00:00"}
{"message": "Listing organizations for user", "severity": "INFO", "module": "orgs", "funcName": "list_user_orgs", "lineno": 161, "user_id": "0dfec177-08aa-4cac-8292-e33dc9fd377e", "page_id": null, "limit": 100, "ts": "2026-09-10T14:40:55.780014+00:00"}
{"message": "127.0.0.1:59850 - \"GET /api/onboarding_status HTTP/1.1\" 200", "severity": "INFO", "module": "h11_impl", "funcName": "send", "lineno": 481, "ts": "2026-09-10T14:40:55.783394+00:00"}
{"message": "Successfully retrieved organizations", "severity": "INFO", "module": "orgs", "funcName": "list_user_orgs", "lineno": 189, "user_id": "0dfec177-08aa-4cac-8292-e33dc9fd377e", "org_count": 1, "has_more": false, "ts": "2026-09-10T14:40:55.786393+00:00"}
{"message": "127.0.0.1:59756 - \"GET /api/organizations HTTP/1.1\" 200", "severity": "INFO", "module": "h11_impl", "funcName": "send", "lineno": 481, "ts": "2026-09-10T14:40:55.787095+00:00"}
{"message": "Retrieving current member details", "severity": "INFO", "module": "orgs", "funcName": "get_me", "lineno": 661, "user_id": "0dfec177-08aa-4cac-8292-e33dc9fd377e", "org_id": "0dfec177-08aa-4cac-8292-e33dc9fd377e", "ts": "2026-09-10T14:40:55.801281+00:00"}
{"message": "127.0.0.1:59756 - \"GET /api/organizations/0dfec177-08aa-4cac-8292-e33dc9fd377e/me HTTP/1.1\" 200", "severity": "INFO", "module": "h11_impl", "funcName": "send", "lineno": 481, "ts": "2026-09-10T14:40:55.809756+00:00"}
{"message": "127.0.0.1:59850 - \"GET /api/v1/settings HTTP/1.1\" 200", "severity": "INFO", "module": "h11_impl", "funcName": "send", "lineno": 481, "ts": "2026-09-10T14:40:55.821647+00:00"}
{"message": "127.0.0.1:59850 - \"GET /api/v1/users/git-info HTTP/1.1\" 200", "severity": "INFO", "module": "h11_impl", "funcName": "send", "lineno": 481, "ts": "2026-09-10T14:40:56.860433+00:00"}
{"message": "127.0.0.1:59899 - \"GET /api/auth/csrf HTTP/1.1\" 200", "severity": "INFO", "module": "h11_impl", "funcName": "send", "lineno": 481, "ts": "2026-09-10T14:41:46.117519+00:00"}
{"message": "127.0.0.1:59899 - \"POST /api/auth/login HTTP/1.1\" 200", "severity": "INFO", "module": "h11_impl", "funcName": "send", "lineno": 481, "ts": "2026-09-10T14:41:46.912056+00:00"}
{"message": "Device authorization initiated", "severity": "INFO", "module": "oauth_device", "funcName": "device_authorization", "lineno": 104, "user_code": "SSFH5VMV", "ts": "2026-09-10T14:41:46.988851+00:00"}
{"message": "127.0.0.1:59905 - \"POST /oauth/device/authorize HTTP/1.1\" 200", "severity": "INFO", "module": "h11_impl", "funcName": "send", "lineno": 481, "ts": "2026-09-10T14:41:46.990592+00:00"}
{"message": "127.0.0.1:59899 - \"GET /api/auth/csrf HTTP/1.1\" 200", "severity": "INFO", "module": "h11_impl", "funcName": "send", "lineno": 481, "ts": "2026-09-10T14:41:46.994362+00:00"}
{"message": "127.0.0.1:59903 - \"POST /api/auth/email/change HTTP/1.1\" 200", "severity": "INFO", "module": "h11_impl", "funcName": "send", "lineno": 481, "ts": "2026-09-10T14:41:47.198497+00:00"}
{"message": "Created new device API key for user after successful authorization", "severity": "INFO", "module": "oauth_device", "funcName": "device_verification_authenticated", "lineno": 295, "user_id": "0dfec177-08aa-4cac-8292-e33dc9fd377e", "user_code": "SSFH5VMV", "ts": "2026-09-10T14:41:48.074304+00:00"}
{"message": "Device code authorized with API key successfully", "severity": "INFO", "module": "oauth_device", "funcName": "device_verification_authenticated", "lineno": 326, "user_code": "SSFH5VMV", "user_id": "0dfec177-08aa-4cac-8292-e33dc9fd377e", "ts": "2026-09-10T14:41:48.077155+00:00"}
{"message": "127.0.0.1:59899 - \"POST /oauth/device/verify-authenticated HTTP/1.1\" 200", "severity": "INFO", "module": "h11_impl", "funcName": "send", "lineno": 481, "ts": "2026-09-10T14:41:48.124037+00:00"}
{"message": "127.0.0.1:59905 - \"POST /oauth/device/token HTTP/1.1\" 200", "severity": "INFO", "module": "h11_impl", "funcName": "send", "lineno": 481, "ts": "2026-09-10T14:41:48.293576+00:00"}
{"message": "127.0.0.1:59899 - \"GET /api/v1/app-conversations?ids=5daaf17b-44b9-47d5-9527-74f5a1842d34 HTTP/1.1\" 200", "severity": "INFO", "module": "h11_impl", "funcName": "send", "lineno": 481, "ts": "2026-09-10T14:41:48.555920+00:00"}
{"message": "127.0.0.1:59905 - \"GET /api/v1/users/me HTTP/1.1\" 200", "severity": "INFO", "module": "h11_impl", "funcName": "send", "lineno": 481, "ts": "2026-09-10T14:41:48.697984+00:00"}
{"message": "127.0.0.1:59905 - \"GET /api/v1/users/me?expose_secrets=true HTTP/1.1\" 200", "severity": "INFO", "module": "h11_impl", "funcName": "send", "lineno": 481, "ts": "2026-09-10T14:41:48.851175+00:00"}
{"message": "127.0.0.1:60059 - \"GET /auth/verify-email?returnTo=%2Fsettings%2Fuser HTTP/1.1\" 200", "severity": "INFO", "module": "h11_impl", "funcName": "send", "lineno": 481, "ts": "2026-09-10T14:42:10.309294+00:00"}
{"message": "127.0.0.1:60059 - \"GET /assets/manifest-d7f631c4.js HTTP/1.1\" 200", "severity": "INFO", "module": "h11_impl", "funcName": "send", "lineno": 481, "ts": "2026-09-10T14:42:10.537572+00:00"}
{"message": "127.0.0.1:60065 - \"GET /assets/entry.client-Dw7KE7hM.js HTTP/1.1\" 200", "severity": "INFO", "module": "h11_impl", "funcName": "send", "lineno": 481, "ts": "2026-09-10T14:42:10.571149+00:00"}
{"message": "127.0.0.1:60067 - \"GET /assets/chunk-6CSD65Y2-UpbgoP9j.js HTTP/1.1\" 200", "severity": "INFO", "module": "h11_impl", "funcName": "send", "lineno": 481, "ts": "2026-09-10T14:42:10.572720+00:00"}
{"message": "127.0.0.1:60085 - \"GET /assets/preload-helper-Bc3Pu81E.js HTTP/1.1\" 200", "severity": "INFO", "module": "h11_impl", "funcName": "send", "lineno": 481, "ts": "2026-09-10T14:42:10.586970+00:00"}
{"message": "127.0.0.1:60059 - \"GET /assets/index-CXoKay-T.js HTTP/1.1\" 200", "severity": "INFO", "module": "h11_impl", "funcName": "send", "lineno": 481, "ts": "2026-09-10T14:42:10.587315+00:00"}
{"message": "127.0.0.1:60087 - \"GET /assets/declaration-Bwok30Lo.js HTTP/1.1\" 200", "severity": "INFO", "module": "h11_impl", "funcName": "send", "lineno": 481, "ts": "2026-09-10T14:42:10.589678+00:00"}
{"message": "127.0.0.1:60065 - \"GET /assets/retrieve-axios-error-message-Dwxjb5f3.js HTTP/1.1\" 200", "severity": "INFO", "module": "h11_impl", "funcName": "send", "lineno": 481, "ts": "2026-09-10T14:42:10.677950+00:00"}
{"message": "127.0.0.1:60067 - \"GET /assets/root-D-LbRKNh.css HTTP/1.1\" 200", "severity": "INFO", "module": "h11_impl", "funcName": "send", "lineno": 481, "ts": "2026-09-10T14:42:10.681446+00:00"}
{"message": "127.0.0.1:60059 - \"GET /assets/rate-limit-retry-DdZplSiD.js HTTP/1.1\" 200", "severity": "INFO", "module": "h11_impl", "funcName": "send", "lineno": 481, "ts": "2026-09-10T14:42:10.686783+00:00"}
{"message": "127.0.0.1:60085 - \"GET /assets/infiniteQueryBehavior-DZN75Mj9.js HTTP/1.1\" 200", "severity": "INFO", "module": "h11_impl", "funcName": "send", "lineno": 481, "ts": "2026-09-10T14:42:10.689291+00:00"}
{"message": "127.0.0.1:60087 - \"GET /assets/index-Dt4MV93j.js HTTP/1.1\" 200", "severity": "INFO", "module": "h11_impl", "funcName": "send", "lineno": 481, "ts": "2026-09-10T14:42:10.708381+00:00"}
{"message": "127.0.0.1:60105 - \"GET /assets/query-keys-BSjaytiJ.js HTTP/1.1\" 200", "severity": "INFO", "module": "h11_impl", "funcName": "send", "lineno": 481, "ts": "2026-09-10T14:42:10.709237+00:00"}
{"message": "127.0.0.1:60065 - \"GET /assets/index-tLtD-Cu0.js HTTP/1.1\" 200", "severity": "INFO", "module": "h11_impl", "funcName": "send", "lineno": 481, "ts": "2026-09-10T14:42:10.735721+00:00"}
{"message": "127.0.0.1:60059 - \"GET /assets/custom-toast-handlers-CAVHstGd.js HTTP/1.1\" 200", "severity": "INFO", "module": "h11_impl", "funcName": "send", "lineno": 481, "ts": "2026-09-10T14:42:10.836753+00:00"}
{"message": "127.0.0.1:60085 - \"GET /assets/root-Cyf3bcFs.js HTTP/1.1\" 200", "severity": "INFO", "module": "h11_impl", "funcName": "send", "lineno": 481, "ts": "2026-09-10T14:42:10.846513+00:00"}
{"message": "127.0.0.1:60105 - \"GET /assets/use-invitation-M5_iS4Ov.js HTTP/1.1\" 200", "severity": "INFO", "module": "h11_impl", "funcName": "send", "lineno": 481, "ts": "2026-09-10T14:42:10.849654+00:00"}
{"message": "127.0.0.1:60067 - \"GET /assets/open-hands-axios-LzNSarGn.js HTTP/1.1\" 200", "severity": "INFO", "module": "h11_impl", "funcName": "send", "lineno": 481, "ts": "2026-09-10T14:42:10.851608+00:00"}
{"message": "127.0.0.1:60065 - \"GET /assets/mutation-DSZmfvqD.js HTTP/1.1\" 200", "severity": "INFO", "module": "h11_impl", "funcName": "send", "lineno": 481, "ts": "2026-09-10T14:42:10.853621+00:00"}
{"message": "127.0.0.1:60087 - \"GET /assets/query-client-config-C2aiFcZM.js HTTP/1.1\" 200", "severity": "INFO", "module": "h11_impl", "funcName": "send", "lineno": 481, "ts": "2026-09-10T14:42:10.854737+00:00"}
{"message": "127.0.0.1:60065 - \"GET /locales/en/translation.json HTTP/1.1\" 200", "severity": "INFO", "module": "h11_impl", "funcName": "send", "lineno": 481, "ts": "2026-09-10T14:42:10.902949+00:00"}
{"message": "127.0.0.1:60087 - \"GET /assets/account-action-CiHRle-Z.js HTTP/1.1\" 200", "severity": "INFO", "module": "h11_impl", "funcName": "send", "lineno": 481, "ts": "2026-09-10T14:42:10.933674+00:00"}
{"message": "127.0.0.1:60087 - \"GET /assets/use-auth-capabilities-EIdFh3Uu.js HTTP/1.1\" 200", "severity": "INFO", "module": "h11_impl", "funcName": "send", "lineno": 481, "ts": "2026-09-10T14:42:10.953170+00:00"}
{"message": "127.0.0.1:60065 - \"GET /assets/use-logout-SxGpq-OD.js HTTP/1.1\" 200", "severity": "INFO", "module": "h11_impl", "funcName": "send", "lineno": 481, "ts": "2026-09-10T14:42:10.953438+00:00"}
{"message": "127.0.0.1:60067 - \"GET /api/v1/web-client/config HTTP/1.1\" 200", "severity": "INFO", "module": "h11_impl", "funcName": "send", "lineno": 481, "ts": "2026-09-10T14:42:10.954135+00:00"}
{"message": "127.0.0.1:60085 - \"GET /assets/account-form-D3u4oKV4.js HTTP/1.1\" 200", "severity": "INFO", "module": "h11_impl", "funcName": "send", "lineno": 481, "ts": "2026-09-10T14:42:10.956374+00:00"}
{"message": "127.0.0.1:60105 - \"GET /assets/password-policy-Blwrl2wX.js HTTP/1.1\" 200", "severity": "INFO", "module": "h11_impl", "funcName": "send", "lineno": 481, "ts": "2026-09-10T14:42:10.959124+00:00"}
{"message": "127.0.0.1:60059 - \"GET /assets/useTranslation-i1xdxadn.js HTTP/1.1\" 200", "severity": "INFO", "module": "h11_impl", "funcName": "send", "lineno": 481, "ts": "2026-09-10T14:42:10.959901+00:00"}
{"message": "127.0.0.1:60067 - \"GET /assets/use-config-Dh7W-dyl.js HTTP/1.1\" 200", "severity": "INFO", "module": "h11_impl", "funcName": "send", "lineno": 481, "ts": "2026-09-10T14:42:10.981416+00:00"}
{"message": "127.0.0.1:60065 - \"GET /assets/useMutation-8-YK4bsn.js HTTP/1.1\" 200", "severity": "INFO", "module": "h11_impl", "funcName": "send", "lineno": 481, "ts": "2026-09-10T14:42:10.991512+00:00"}
{"message": "127.0.0.1:60087 - \"GET /assets/auth-service.api-DG-mQZWV.js HTTP/1.1\" 200", "severity": "INFO", "module": "h11_impl", "funcName": "send", "lineno": 481, "ts": "2026-09-10T14:42:10.992654+00:00"}
{"message": "127.0.0.1:60085 - \"GET /assets/local-storage-BL98fNWo.js HTTP/1.1\" 200", "severity": "INFO", "module": "h11_impl", "funcName": "send", "lineno": 481, "ts": "2026-09-10T14:42:11.006324+00:00"}
{"message": "127.0.0.1:60059 - \"GET /assets/brand-button-CB2ZqR1E.js HTTP/1.1\" 200", "severity": "INFO", "module": "h11_impl", "funcName": "send", "lineno": 481, "ts": "2026-09-10T14:42:11.009585+00:00"}
{"message": "127.0.0.1:60105 - \"GET /assets/openhands-logo-white-cxeMkDJA.js HTTP/1.1\" 200", "severity": "INFO", "module": "h11_impl", "funcName": "send", "lineno": 481, "ts": "2026-09-10T14:42:11.011863+00:00"}
{"message": "127.0.0.1:60067 - \"GET /assets/utils-BYzDx4ip.js HTTP/1.1\" 200", "severity": "INFO", "module": "h11_impl", "funcName": "send", "lineno": 481, "ts": "2026-09-10T14:42:11.015686+00:00"}
{"message": "127.0.0.1:60067 - \"GET /api/auth/capabilities HTTP/1.1\" 200", "severity": "INFO", "module": "h11_impl", "funcName": "send", "lineno": 481, "ts": "2026-09-10T14:42:11.062589+00:00"}
{"message": "127.0.0.1:60111 - \"POST /api/auth/email/verify HTTP/1.1\" 200", "severity": "INFO", "module": "h11_impl", "funcName": "send", "lineno": 481, "ts": "2026-09-10T14:42:17.728779+00:00"}
{"message": "127.0.0.1:60111 - \"GET /login?returnTo=%2Fsettings%2Fuser HTTP/1.1\" 200", "severity": "INFO", "module": "h11_impl", "funcName": "send", "lineno": 481, "ts": "2026-09-10T14:42:17.786008+00:00"}
{"message": "127.0.0.1:60111 - \"GET /assets/manifest-d7f631c4.js HTTP/1.1\" 200", "severity": "INFO", "module": "h11_impl", "funcName": "send", "lineno": 481, "ts": "2026-09-10T14:42:17.829500+00:00"}
{"message": "127.0.0.1:60111 - \"GET /assets/entry.client-Dw7KE7hM.js HTTP/1.1\" 200", "severity": "INFO", "module": "h11_impl", "funcName": "send", "lineno": 481, "ts": "2026-09-10T14:42:17.858121+00:00"}
{"message": "127.0.0.1:60119 - \"GET /assets/chunk-6CSD65Y2-UpbgoP9j.js HTTP/1.1\" 200", "severity": "INFO", "module": "h11_impl", "funcName": "send", "lineno": 481, "ts": "2026-09-10T14:42:17.958639+00:00"}
{"message": "127.0.0.1:60122 - \"GET /assets/index-tLtD-Cu0.js HTTP/1.1\" 200", "severity": "INFO", "module": "h11_impl", "funcName": "send", "lineno": 481, "ts": "2026-09-10T14:42:17.965062+00:00"}
{"message": "127.0.0.1:60128 - \"GET /assets/index-Dt4MV93j.js HTTP/1.1\" 200", "severity": "INFO", "module": "h11_impl", "funcName": "send", "lineno": 481, "ts": "2026-09-10T14:42:17.974080+00:00"}
{"message": "127.0.0.1:60111 - \"GET /assets/index-CXoKay-T.js HTTP/1.1\" 200", "severity": "INFO", "module": "h11_impl", "funcName": "send", "lineno": 481, "ts": "2026-09-10T14:42:18.020679+00:00"}
{"message": "127.0.0.1:60122 - \"GET /assets/root-D-LbRKNh.css HTTP/1.1\" 200", "severity": "INFO", "module": "h11_impl", "funcName": "send", "lineno": 481, "ts": "2026-09-10T14:42:18.032956+00:00"}
{"message": "127.0.0.1:60160 - \"GET /assets/retrieve-axios-error-message-Dwxjb5f3.js HTTP/1.1\" 200", "severity": "INFO", "module": "h11_impl", "funcName": "send", "lineno": 481, "ts": "2026-09-10T14:42:18.034723+00:00"}
{"message": "127.0.0.1:60119 - \"GET /assets/query-client-config-C2aiFcZM.js HTTP/1.1\" 200", "severity": "INFO", "module": "h11_impl", "funcName": "send", "lineno": 481, "ts": "2026-09-10T14:42:18.035100+00:00"}
{"message": "127.0.0.1:60128 - \"GET /assets/mutation-DSZmfvqD.js HTTP/1.1\" 200", "severity": "INFO", "module": "h11_impl", "funcName": "send", "lineno": 481, "ts": "2026-09-10T14:42:18.091971+00:00"}
{"message": "127.0.0.1:60166 - \"GET /assets/query-keys-BSjaytiJ.js HTTP/1.1\" 200", "severity": "INFO", "module": "h11_impl", "funcName": "send", "lineno": 481, "ts": "2026-09-10T14:42:18.095305+00:00"}
{"message": "127.0.0.1:60111 - \"GET /assets/infiniteQueryBehavior-DZN75Mj9.js HTTP/1.1\" 200", "severity": "INFO", "module": "h11_impl", "funcName": "send", "lineno": 481, "ts": "2026-09-10T14:42:18.109515+00:00"}
{"message": "127.0.0.1:60119 - \"GET /assets/root-Cyf3bcFs.js HTTP/1.1\" 200", "severity": "INFO", "module": "h11_impl", "funcName": "send", "lineno": 481, "ts": "2026-09-10T14:42:18.116917+00:00"}
{"message": "127.0.0.1:60160 - \"GET /assets/use-invitation-M5_iS4Ov.js HTTP/1.1\" 200", "severity": "INFO", "module": "h11_impl", "funcName": "send", "lineno": 481, "ts": "2026-09-10T14:42:18.119172+00:00"}
{"message": "127.0.0.1:60128 - \"GET /assets/open-hands-axios-LzNSarGn.js HTTP/1.1\" 200", "severity": "INFO", "module": "h11_impl", "funcName": "send", "lineno": 481, "ts": "2026-09-10T14:42:18.125496+00:00"}
{"message": "127.0.0.1:60166 - \"GET /assets/preload-helper-Bc3Pu81E.js HTTP/1.1\" 200", "severity": "INFO", "module": "h11_impl", "funcName": "send", "lineno": 481, "ts": "2026-09-10T14:42:18.131421+00:00"}
{"message": "127.0.0.1:60122 - \"GET /assets/declaration-Bwok30Lo.js HTTP/1.1\" 200", "severity": "INFO", "module": "h11_impl", "funcName": "send", "lineno": 481, "ts": "2026-09-10T14:42:18.142594+00:00"}
{"message": "127.0.0.1:60111 - \"GET /assets/rate-limit-retry-DdZplSiD.js HTTP/1.1\" 200", "severity": "INFO", "module": "h11_impl", "funcName": "send", "lineno": 481, "ts": "2026-09-10T14:42:18.145405+00:00"}
{"message": "127.0.0.1:60119 - \"GET /assets/custom-toast-handlers-CAVHstGd.js HTTP/1.1\" 200", "severity": "INFO", "module": "h11_impl", "funcName": "send", "lineno": 481, "ts": "2026-09-10T14:42:18.157668+00:00"}
{"message": "127.0.0.1:60119 - \"GET /locales/en/translation.json HTTP/1.1\" 200", "severity": "INFO", "module": "h11_impl", "funcName": "send", "lineno": 481, "ts": "2026-09-10T14:42:18.206936+00:00"}
{"message": "127.0.0.1:60122 - \"GET /assets/login-CMNc1VtQ.js HTTP/1.1\" 200", "severity": "INFO", "module": "h11_impl", "funcName": "send", "lineno": 481, "ts": "2026-09-10T14:42:18.208333+00:00"}
{"message": "127.0.0.1:60111 - \"GET /api/v1/web-client/config HTTP/1.1\" 200", "severity": "INFO", "module": "h11_impl", "funcName": "send", "lineno": 481, "ts": "2026-09-10T14:42:18.214954+00:00"}
{"message": "127.0.0.1:60111 - \"GET /assets/use-is-authed-D8E0h2Jo.js HTTP/1.1\" 200", "severity": "INFO", "module": "h11_impl", "funcName": "send", "lineno": 481, "ts": "2026-09-10T14:42:18.242439+00:00"}
{"message": "127.0.0.1:60119 - \"GET /assets/use-config-Dh7W-dyl.js HTTP/1.1\" 200", "severity": "INFO", "module": "h11_impl", "funcName": "send", "lineno": 481, "ts": "2026-09-10T14:42:18.258124+00:00"}
{"message": "127.0.0.1:60122 - \"GET /assets/use-auth-url-M2suDX2e.js HTTP/1.1\" 200", "severity": "INFO", "module": "h11_impl", "funcName": "send", "lineno": 481, "ts": "2026-09-10T14:42:18.289199+00:00"}
{"message": "127.0.0.1:60166 - \"GET /assets/use-email-verification-S6_uU7s7.js HTTP/1.1\" 200", "severity": "INFO", "module": "h11_impl", "funcName": "send", "lineno": 481, "ts": "2026-09-10T14:42:18.296625+00:00"}
{"message": "127.0.0.1:60128 - \"GET /assets/index-CcBMHdO5.js HTTP/1.1\" 200", "severity": "INFO", "module": "h11_impl", "funcName": "send", "lineno": 481, "ts": "2026-09-10T14:42:18.316826+00:00"}
{"message": "127.0.0.1:60160 - \"GET /assets/openhands-logo-white-cxeMkDJA.js HTTP/1.1\" 200", "severity": "INFO", "module": "h11_impl", "funcName": "send", "lineno": 481, "ts": "2026-09-10T14:42:18.320507+00:00"}
{"message": "127.0.0.1:60111 - \"GET /assets/azure-devops-logo-DXPdTsmh.js HTTP/1.1\" 200", "severity": "INFO", "module": "h11_impl", "funcName": "send", "lineno": 481, "ts": "2026-09-10T14:42:18.333616+00:00"}
{"message": "127.0.0.1:60119 - \"GET /assets/utils-BYzDx4ip.js HTTP/1.1\" 200", "severity": "INFO", "module": "h11_impl", "funcName": "send", "lineno": 481, "ts": "2026-09-10T14:42:18.335258+00:00"}
{"message": "127.0.0.1:60122 - \"GET /assets/useTranslation-i1xdxadn.js HTTP/1.1\" 200", "severity": "INFO", "module": "h11_impl", "funcName": "send", "lineno": 481, "ts": "2026-09-10T14:42:18.336566+00:00"}
{"message": "127.0.0.1:60128 - \"GET /assets/openhands-logo-DilX03Hr.js HTTP/1.1\" 200", "severity": "INFO", "module": "h11_impl", "funcName": "send", "lineno": 481, "ts": "2026-09-10T14:42:18.337692+00:00"}
{"message": "127.0.0.1:60166 - \"GET /assets/login-cta-B8n-JrN9.js HTTP/1.1\" 200", "severity": "INFO", "module": "h11_impl", "funcName": "send", "lineno": 481, "ts": "2026-09-10T14:42:18.338055+00:00"}
{"message": "127.0.0.1:60160 - \"GET /assets/use-app-mode-B54Qx7LS.js HTTP/1.1\" 200", "severity": "INFO", "module": "h11_impl", "funcName": "send", "lineno": 481, "ts": "2026-09-10T14:42:18.338294+00:00"}
{"message": "127.0.0.1:60111 - \"GET /assets/modal-body-C_1-4ovn.js HTTP/1.1\" 200", "severity": "INFO", "module": "h11_impl", "funcName": "send", "lineno": 481, "ts": "2026-09-10T14:42:18.349414+00:00"}
{"message": "127.0.0.1:60122 - \"GET /assets/brand-button-CB2ZqR1E.js HTTP/1.1\" 200", "severity": "INFO", "module": "h11_impl", "funcName": "send", "lineno": 481, "ts": "2026-09-10T14:42:18.350462+00:00"}
{"message": "127.0.0.1:60119 - \"GET /assets/modal-backdrop-B5BF9mZF.js HTTP/1.1\" 200", "severity": "INFO", "module": "h11_impl", "funcName": "send", "lineno": 481, "ts": "2026-09-10T14:42:18.351585+00:00"}
{"message": "127.0.0.1:60166 - \"GET /assets/typography-CEll3mgr.js HTTP/1.1\" 200", "severity": "INFO", "module": "h11_impl", "funcName": "send", "lineno": 481, "ts": "2026-09-10T14:42:18.356659+00:00"}
{"message": "127.0.0.1:60128 - \"GET /assets/cross-app-redirect-CA1RAd_9.js HTTP/1.1\" 200", "severity": "INFO", "module": "h11_impl", "funcName": "send", "lineno": 481, "ts": "2026-09-10T14:42:18.357523+00:00"}
{"message": "127.0.0.1:60160 - \"GET /assets/use-auth-capabilities-EIdFh3Uu.js HTTP/1.1\" 200", "severity": "INFO", "module": "h11_impl", "funcName": "send", "lineno": 481, "ts": "2026-09-10T14:42:18.358609+00:00"}
{"message": "127.0.0.1:60119 - \"GET /assets/auth-service.api-DG-mQZWV.js HTTP/1.1\" 200", "severity": "INFO", "module": "h11_impl", "funcName": "send", "lineno": 481, "ts": "2026-09-10T14:42:18.368544+00:00"}
{"message": "127.0.0.1:60111 - \"GET /assets/account-form-D3u4oKV4.js HTTP/1.1\" 200", "severity": "INFO", "module": "h11_impl", "funcName": "send", "lineno": 481, "ts": "2026-09-10T14:42:18.369733+00:00"}
{"message": "127.0.0.1:60122 - \"GET /assets/useMutation-8-YK4bsn.js HTTP/1.1\" 200", "severity": "INFO", "module": "h11_impl", "funcName": "send", "lineno": 481, "ts": "2026-09-10T14:42:18.370641+00:00"}
{"message": "127.0.0.1:60128 - \"GET /assets/iconBase-Dv4KA39o.js HTTP/1.1\" 200", "severity": "INFO", "module": "h11_impl", "funcName": "send", "lineno": 481, "ts": "2026-09-10T14:42:18.371820+00:00"}
{"message": "127.0.0.1:60166 - \"GET /assets/card-BiCf3WY_.js HTTP/1.1\" 200", "severity": "INFO", "module": "h11_impl", "funcName": "send", "lineno": 481, "ts": "2026-09-10T14:42:18.372389+00:00"}
{"message": "127.0.0.1:60160 - \"GET /assets/card-title-DNMudsxn.js HTTP/1.1\" 200", "severity": "INFO", "module": "h11_impl", "funcName": "send", "lineno": 481, "ts": "2026-09-10T14:42:18.373957+00:00"}
{"message": "127.0.0.1:60119 - \"GET /assets/stacked-5ookcZbZ.js HTTP/1.1\" 200", "severity": "INFO", "module": "h11_impl", "funcName": "send", "lineno": 481, "ts": "2026-09-10T14:42:18.379360+00:00"}
{"message": "127.0.0.1:60119 - \"GET /api/auth/capabilities HTTP/1.1\" 200", "severity": "INFO", "module": "h11_impl", "funcName": "send", "lineno": 481, "ts": "2026-09-10T14:42:18.419881+00:00"}
{"message": "127.0.0.1:60166 - \"POST /api/authenticate HTTP/1.1\" 401", "severity": "INFO", "module": "h11_impl", "funcName": "send", "lineno": 481, "ts": "2026-09-10T14:42:18.424008+00:00"}
{"message": "127.0.0.1:60178 - \"GET /api/auth/csrf HTTP/1.1\" 200", "severity": "INFO", "module": "h11_impl", "funcName": "send", "lineno": 481, "ts": "2026-09-10T14:42:39.694189+00:00"}
{"message": "127.0.0.1:60178 - \"POST /api/auth/login HTTP/1.1\" 401", "severity": "INFO", "module": "h11_impl", "funcName": "send", "lineno": 481, "ts": "2026-09-10T14:42:40.080893+00:00"}
{"message": "127.0.0.1:60178 - \"POST /api/authenticate HTTP/1.1\" 401", "severity": "INFO", "module": "h11_impl", "funcName": "send", "lineno": 481, "ts": "2026-09-10T14:42:40.111259+00:00"}
{"message": "127.0.0.1:60201 - \"POST /api/auth/login HTTP/1.1\" 200", "severity": "INFO", "module": "h11_impl", "funcName": "send", "lineno": 481, "ts": "2026-09-10T14:43:03.768550+00:00"}
{"message": "127.0.0.1:60201 - \"GET /settings/user HTTP/1.1\" 200", "severity": "INFO", "module": "h11_impl", "funcName": "send", "lineno": 481, "ts": "2026-09-10T14:43:03.866900+00:00"}
{"message": "127.0.0.1:60201 - \"GET /assets/manifest-d7f631c4.js HTTP/1.1\" 200", "severity": "INFO", "module": "h11_impl", "funcName": "send", "lineno": 481, "ts": "2026-09-10T14:43:03.897133+00:00"}
{"message": "127.0.0.1:60223 - \"GET /assets/root-D-LbRKNh.css HTTP/1.1\" 200", "severity": "INFO", "module": "h11_impl", "funcName": "send", "lineno": 481, "ts": "2026-09-10T14:43:03.902221+00:00"}
{"message": "127.0.0.1:60227 - \"GET /assets/query-keys-BSjaytiJ.js HTTP/1.1\" 200", "severity": "INFO", "module": "h11_impl", "funcName": "send", "lineno": 481, "ts": "2026-09-10T14:43:03.904330+00:00"}
{"message": "127.0.0.1:60231 - \"GET /assets/index-tLtD-Cu0.js HTTP/1.1\" 200", "severity": "INFO", "module": "h11_impl", "funcName": "send", "lineno": 481, "ts": "2026-09-10T14:43:03.904517+00:00"}
{"message": "127.0.0.1:60229 - \"GET /assets/index-CXoKay-T.js HTTP/1.1\" 200", "severity": "INFO", "module": "h11_impl", "funcName": "send", "lineno": 481, "ts": "2026-09-10T14:43:03.904989+00:00"}
{"message": "127.0.0.1:60235 - \"GET /assets/custom-toast-handlers-CAVHstGd.js HTTP/1.1\" 200", "severity": "INFO", "module": "h11_impl", "funcName": "send", "lineno": 481, "ts": "2026-09-10T14:43:03.905838+00:00"}
{"message": "127.0.0.1:60201 - \"GET /assets/declaration-Bwok30Lo.js HTTP/1.1\" 200", "severity": "INFO", "module": "h11_impl", "funcName": "send", "lineno": 481, "ts": "2026-09-10T14:43:03.907736+00:00"}
{"message": "127.0.0.1:60231 - \"GET /assets/retrieve-axios-error-message-Dwxjb5f3.js HTTP/1.1\" 200", "severity": "INFO", "module": "h11_impl", "funcName": "send", "lineno": 481, "ts": "2026-09-10T14:43:03.916373+00:00"}
{"message": "127.0.0.1:60227 - \"GET /assets/open-hands-axios-LzNSarGn.js HTTP/1.1\" 200", "severity": "INFO", "module": "h11_impl", "funcName": "send", "lineno": 481, "ts": "2026-09-10T14:43:03.917114+00:00"}
{"message": "127.0.0.1:60229 - \"GET /assets/query-client-config-C2aiFcZM.js HTTP/1.1\" 200", "severity": "INFO", "module": "h11_impl", "funcName": "send", "lineno": 481, "ts": "2026-09-10T14:43:03.918331+00:00"}
{"message": "127.0.0.1:60235 - \"GET /assets/entry.client-Dw7KE7hM.js HTTP/1.1\" 200", "severity": "INFO", "module": "h11_impl", "funcName": "send", "lineno": 481, "ts": "2026-09-10T14:43:03.919008+00:00"}
{"message": "127.0.0.1:60201 - \"GET /assets/rate-limit-retry-DdZplSiD.js HTTP/1.1\" 200", "severity": "INFO", "module": "h11_impl", "funcName": "send", "lineno": 481, "ts": "2026-09-10T14:43:03.925979+00:00"}
{"message": "127.0.0.1:60223 - \"GET /assets/mutation-DSZmfvqD.js HTTP/1.1\" 200", "severity": "INFO", "module": "h11_impl", "funcName": "send", "lineno": 481, "ts": "2026-09-10T14:43:03.926236+00:00"}
{"message": "127.0.0.1:60227 - \"GET /assets/root-Cyf3bcFs.js HTTP/1.1\" 200", "severity": "INFO", "module": "h11_impl", "funcName": "send", "lineno": 481, "ts": "2026-09-10T14:43:03.931806+00:00"}
{"message": "127.0.0.1:60231 - \"GET /assets/infiniteQueryBehavior-DZN75Mj9.js HTTP/1.1\" 200", "severity": "INFO", "module": "h11_impl", "funcName": "send", "lineno": 481, "ts": "2026-09-10T14:43:03.932321+00:00"}
{"message": "127.0.0.1:60229 - \"GET /assets/index-Dt4MV93j.js HTTP/1.1\" 200", "severity": "INFO", "module": "h11_impl", "funcName": "send", "lineno": 481, "ts": "2026-09-10T14:43:03.933686+00:00"}
{"message": "127.0.0.1:60235 - \"GET /assets/preload-helper-Bc3Pu81E.js HTTP/1.1\" 200", "severity": "INFO", "module": "h11_impl", "funcName": "send", "lineno": 481, "ts": "2026-09-10T14:43:03.936600+00:00"}
{"message": "127.0.0.1:60201 - \"GET /assets/chunk-6CSD65Y2-UpbgoP9j.js HTTP/1.1\" 200", "severity": "INFO", "module": "h11_impl", "funcName": "send", "lineno": 481, "ts": "2026-09-10T14:43:03.936974+00:00"}
{"message": "127.0.0.1:60223 - \"GET /assets/use-invitation-M5_iS4Ov.js HTTP/1.1\" 200", "severity": "INFO", "module": "h11_impl", "funcName": "send", "lineno": 481, "ts": "2026-09-10T14:43:03.937253+00:00"}
{"message": "127.0.0.1:60201 - \"GET /auth/forgot-password?returnTo=%2Fsettings%2Fuser HTTP/1.1\" 200", "severity": "INFO", "module": "h11_impl", "funcName": "send", "lineno": 481, "ts": "2026-09-10T14:43:03.950009+00:00"}
{"message": "127.0.0.1:60229 - \"GET /assets/entry.client-Dw7KE7hM.js HTTP/1.1\" 200", "severity": "INFO", "module": "h11_impl", "funcName": "send", "lineno": 481, "ts": "2026-09-10T14:43:03.964800+00:00"}
{"message": "127.0.0.1:60201 - \"GET /assets/manifest-d7f631c4.js HTTP/1.1\" 200", "severity": "INFO", "module": "h11_impl", "funcName": "send", "lineno": 481, "ts": "2026-09-10T14:43:03.965260+00:00"}
{"message": "127.0.0.1:60223 - \"GET /assets/chunk-6CSD65Y2-UpbgoP9j.js HTTP/1.1\" 200", "severity": "INFO", "module": "h11_impl", "funcName": "send", "lineno": 481, "ts": "2026-09-10T14:43:03.967000+00:00"}
{"message": "127.0.0.1:60231 - \"GET /assets/open-hands-axios-LzNSarGn.js HTTP/1.1\" 200", "severity": "INFO", "module": "h11_impl", "funcName": "send", "lineno": 481, "ts": "2026-09-10T14:43:03.972602+00:00"}
{"message": "127.0.0.1:60235 - \"GET /assets/index-tLtD-Cu0.js HTTP/1.1\" 200", "severity": "INFO", "module": "h11_impl", "funcName": "send", "lineno": 481, "ts": "2026-09-10T14:43:03.972802+00:00"}
{"message": "127.0.0.1:60227 - \"GET /assets/custom-toast-handlers-CAVHstGd.js HTTP/1.1\" 200", "severity": "INFO", "module": "h11_impl", "funcName": "send", "lineno": 481, "ts": "2026-09-10T14:43:03.973130+00:00"}
{"message": "127.0.0.1:60201 - \"GET /assets/query-client-config-C2aiFcZM.js HTTP/1.1\" 200", "severity": "INFO", "module": "h11_impl", "funcName": "send", "lineno": 481, "ts": "2026-09-10T14:43:03.973706+00:00"}
{"message": "127.0.0.1:60229 - \"GET /assets/root-D-LbRKNh.css HTTP/1.1\" 200", "severity": "INFO", "module": "h11_impl", "funcName": "send", "lineno": 481, "ts": "2026-09-10T14:43:03.976186+00:00"}
{"message": "127.0.0.1:60223 - \"GET /assets/index-Dt4MV93j.js HTTP/1.1\" 200", "severity": "INFO", "module": "h11_impl", "funcName": "send", "lineno": 481, "ts": "2026-09-10T14:43:03.977272+00:00"}
{"message": "127.0.0.1:60231 - \"GET /assets/query-keys-BSjaytiJ.js HTTP/1.1\" 200", "severity": "INFO", "module": "h11_impl", "funcName": "send", "lineno": 481, "ts": "2026-09-10T14:43:03.978716+00:00"}
{"message": "127.0.0.1:60235 - \"GET /assets/index-CXoKay-T.js HTTP/1.1\" 200", "severity": "INFO", "module": "h11_impl", "funcName": "send", "lineno": 481, "ts": "2026-09-10T14:43:03.980272+00:00"}
{"message": "127.0.0.1:60227 - \"GET /assets/preload-helper-Bc3Pu81E.js HTTP/1.1\" 200", "severity": "INFO", "module": "h11_impl", "funcName": "send", "lineno": 481, "ts": "2026-09-10T14:43:03.980673+00:00"}
{"message": "127.0.0.1:60201 - \"GET /assets/declaration-Bwok30Lo.js HTTP/1.1\" 200", "severity": "INFO", "module": "h11_impl", "funcName": "send", "lineno": 481, "ts": "2026-09-10T14:43:03.980879+00:00"}
{"message": "127.0.0.1:60223 - \"GET /assets/retrieve-axios-error-message-Dwxjb5f3.js HTTP/1.1\" 200", "severity": "INFO", "module": "h11_impl", "funcName": "send", "lineno": 481, "ts": "2026-09-10T14:43:03.986329+00:00"}
{"message": "127.0.0.1:60231 - \"GET /assets/rate-limit-retry-DdZplSiD.js HTTP/1.1\" 200", "severity": "INFO", "module": "h11_impl", "funcName": "send", "lineno": 481, "ts": "2026-09-10T14:43:03.987015+00:00"}
{"message": "127.0.0.1:60235 - \"GET /assets/mutation-DSZmfvqD.js HTTP/1.1\" 200", "severity": "INFO", "module": "h11_impl", "funcName": "send", "lineno": 481, "ts": "2026-09-10T14:43:03.988353+00:00"}
{"message": "127.0.0.1:60229 - \"GET /assets/root-Cyf3bcFs.js HTTP/1.1\" 200", "severity": "INFO", "module": "h11_impl", "funcName": "send", "lineno": 481, "ts": "2026-09-10T14:43:03.988619+00:00"}
{"message": "127.0.0.1:60227 - \"GET /assets/infiniteQueryBehavior-DZN75Mj9.js HTTP/1.1\" 200", "severity": "INFO", "module": "h11_impl", "funcName": "send", "lineno": 481, "ts": "2026-09-10T14:43:03.988945+00:00"}
{"message": "127.0.0.1:60201 - \"GET /assets/use-invitation-M5_iS4Ov.js HTTP/1.1\" 200", "severity": "INFO", "module": "h11_impl", "funcName": "send", "lineno": 481, "ts": "2026-09-10T14:43:03.989891+00:00"}
{"message": "127.0.0.1:60201 - \"GET /locales/en/translation.json HTTP/1.1\" 200", "severity": "INFO", "module": "h11_impl", "funcName": "send", "lineno": 481, "ts": "2026-09-10T14:43:04.003082+00:00"}
{"message": "127.0.0.1:60229 - \"GET /assets/account-action-CiHRle-Z.js HTTP/1.1\" 200", "severity": "INFO", "module": "h11_impl", "funcName": "send", "lineno": 481, "ts": "2026-09-10T14:43:04.008342+00:00"}
{"message": "127.0.0.1:60201 - \"GET /api/v1/web-client/config HTTP/1.1\" 200", "severity": "INFO", "module": "h11_impl", "funcName": "send", "lineno": 481, "ts": "2026-09-10T14:43:04.012798+00:00"}
{"message": "127.0.0.1:60229 - \"GET /assets/use-logout-SxGpq-OD.js HTTP/1.1\" 200", "severity": "INFO", "module": "h11_impl", "funcName": "send", "lineno": 481, "ts": "2026-09-10T14:43:04.020395+00:00"}
{"message": "127.0.0.1:60201 - \"GET /assets/use-auth-capabilities-EIdFh3Uu.js HTTP/1.1\" 200", "severity": "INFO", "module": "h11_impl", "funcName": "send", "lineno": 481, "ts": "2026-09-10T14:43:04.020648+00:00"}
{"message": "127.0.0.1:60227 - \"GET /assets/account-form-D3u4oKV4.js HTTP/1.1\" 200", "severity": "INFO", "module": "h11_impl", "funcName": "send", "lineno": 481, "ts": "2026-09-10T14:43:04.020987+00:00"}
{"message": "127.0.0.1:60223 - \"GET /assets/use-config-Dh7W-dyl.js HTTP/1.1\" 200", "severity": "INFO", "module": "h11_impl", "funcName": "send", "lineno": 481, "ts": "2026-09-10T14:43:04.021185+00:00"}
{"message": "127.0.0.1:60235 - \"GET /assets/password-policy-Blwrl2wX.js HTTP/1.1\" 200", "severity": "INFO", "module": "h11_impl", "funcName": "send", "lineno": 481, "ts": "2026-09-10T14:43:04.021484+00:00"}
{"message": "127.0.0.1:60231 - \"GET /assets/useTranslation-i1xdxadn.js HTTP/1.1\" 200", "severity": "INFO", "module": "h11_impl", "funcName": "send", "lineno": 481, "ts": "2026-09-10T14:43:04.021994+00:00"}
{"message": "127.0.0.1:60223 - \"GET /assets/useMutation-8-YK4bsn.js HTTP/1.1\" 200", "severity": "INFO", "module": "h11_impl", "funcName": "send", "lineno": 481, "ts": "2026-09-10T14:43:04.027254+00:00"}
{"message": "127.0.0.1:60229 - \"GET /assets/openhands-logo-white-cxeMkDJA.js HTTP/1.1\" 200", "severity": "INFO", "module": "h11_impl", "funcName": "send", "lineno": 481, "ts": "2026-09-10T14:43:04.027392+00:00"}
{"message": "127.0.0.1:60201 - \"GET /assets/local-storage-BL98fNWo.js HTTP/1.1\" 200", "severity": "INFO", "module": "h11_impl", "funcName": "send", "lineno": 481, "ts": "2026-09-10T14:43:04.027662+00:00"}
{"message": "127.0.0.1:60231 - \"GET /assets/utils-BYzDx4ip.js HTTP/1.1\" 200", "severity": "INFO", "module": "h11_impl", "funcName": "send", "lineno": 481, "ts": "2026-09-10T14:43:04.027790+00:00"}
{"message": "127.0.0.1:60227 - \"GET /assets/auth-service.api-DG-mQZWV.js HTTP/1.1\" 200", "severity": "INFO", "module": "h11_impl", "funcName": "send", "lineno": 481, "ts": "2026-09-10T14:43:04.028363+00:00"}
{"message": "127.0.0.1:60235 - \"GET /assets/brand-button-CB2ZqR1E.js HTTP/1.1\" 200", "severity": "INFO", "module": "h11_impl", "funcName": "send", "lineno": 481, "ts": "2026-09-10T14:43:04.028614+00:00"}
{"message": "127.0.0.1:60227 - \"GET /api/auth/capabilities HTTP/1.1\" 200", "severity": "INFO", "module": "h11_impl", "funcName": "send", "lineno": 481, "ts": "2026-09-10T14:43:04.036612+00:00"}
{"message": "127.0.0.1:62440 - \"GET /auth/forgot-password?returnTo=%2Fsettings%2Fuser HTTP/1.1\" 200", "severity": "INFO", "module": "h11_impl", "funcName": "send", "lineno": 481, "ts": "2026-09-10T14:44:16.051354+00:00"}
{"message": "127.0.0.1:62440 - \"GET /assets/manifest-d7f631c4.js HTTP/1.1\" 200", "severity": "INFO", "module": "h11_impl", "funcName": "send", "lineno": 481, "ts": "2026-09-10T14:44:16.125773+00:00"}
{"message": "127.0.0.1:62472 - \"GET /assets/custom-toast-handlers-CAVHstGd.js HTTP/1.1\" 200", "severity": "INFO", "module": "h11_impl", "funcName": "send", "lineno": 481, "ts": "2026-09-10T14:44:16.151894+00:00"}
{"message": "127.0.0.1:62474 - \"GET /assets/open-hands-axios-LzNSarGn.js HTTP/1.1\" 200", "severity": "INFO", "module": "h11_impl", "funcName": "send", "lineno": 481, "ts": "2026-09-10T14:44:16.157328+00:00"}
{"message": "127.0.0.1:62476 - \"GET /assets/query-keys-BSjaytiJ.js HTTP/1.1\" 200", "severity": "INFO", "module": "h11_impl", "funcName": "send", "lineno": 481, "ts": "2026-09-10T14:44:16.160017+00:00"}
{"message": "127.0.0.1:62480 - \"GET /assets/index-CXoKay-T.js HTTP/1.1\" 200", "severity": "INFO", "module": "h11_impl", "funcName": "send", "lineno": 481, "ts": "2026-09-10T14:44:16.163987+00:00"}
{"message": "127.0.0.1:62484 - \"GET /assets/root-D-LbRKNh.css HTTP/1.1\" 200", "severity": "INFO", "module": "h11_impl", "funcName": "send", "lineno": 481, "ts": "2026-09-10T14:44:16.177041+00:00"}
{"message": "127.0.0.1:62440 - \"GET /assets/entry.client-Dw7KE7hM.js HTTP/1.1\" 200", "severity": "INFO", "module": "h11_impl", "funcName": "send", "lineno": 481, "ts": "2026-09-10T14:44:16.177278+00:00"}
{"message": "127.0.0.1:62474 - \"GET /assets/declaration-Bwok30Lo.js HTTP/1.1\" 200", "severity": "INFO", "module": "h11_impl", "funcName": "send", "lineno": 481, "ts": "2026-09-10T14:44:16.213494+00:00"}
{"message": "127.0.0.1:62472 - \"GET /assets/preload-helper-Bc3Pu81E.js HTTP/1.1\" 200", "severity": "INFO", "module": "h11_impl", "funcName": "send", "lineno": 481, "ts": "2026-09-10T14:44:16.216783+00:00"}
{"message": "127.0.0.1:62476 - \"GET /assets/retrieve-axios-error-message-Dwxjb5f3.js HTTP/1.1\" 200", "severity": "INFO", "module": "h11_impl", "funcName": "send", "lineno": 481, "ts": "2026-09-10T14:44:16.219548+00:00"}
{"message": "127.0.0.1:62480 - \"GET /assets/chunk-6CSD65Y2-UpbgoP9j.js HTTP/1.1\" 200", "severity": "INFO", "module": "h11_impl", "funcName": "send", "lineno": 481, "ts": "2026-09-10T14:44:16.226707+00:00"}
{"message": "127.0.0.1:62440 - \"GET /assets/rate-limit-retry-DdZplSiD.js HTTP/1.1\" 200", "severity": "INFO", "module": "h11_impl", "funcName": "send", "lineno": 481, "ts": "2026-09-10T14:44:16.353767+00:00"}
{"message": "127.0.0.1:62472 - \"GET /assets/mutation-DSZmfvqD.js HTTP/1.1\" 200", "severity": "INFO", "module": "h11_impl", "funcName": "send", "lineno": 481, "ts": "2026-09-10T14:44:16.355788+00:00"}
{"message": "127.0.0.1:62476 - \"GET /assets/index-tLtD-Cu0.js HTTP/1.1\" 200", "severity": "INFO", "module": "h11_impl", "funcName": "send", "lineno": 481, "ts": "2026-09-10T14:44:16.357438+00:00"}
{"message": "127.0.0.1:62484 - \"GET /assets/infiniteQueryBehavior-DZN75Mj9.js HTTP/1.1\" 200", "severity": "INFO", "module": "h11_impl", "funcName": "send", "lineno": 481, "ts": "2026-09-10T14:44:16.359558+00:00"}
{"message": "127.0.0.1:62474 - \"GET /assets/index-Dt4MV93j.js HTTP/1.1\" 200", "severity": "INFO", "module": "h11_impl", "funcName": "send", "lineno": 481, "ts": "2026-09-10T14:44:16.360853+00:00"}
{"message": "127.0.0.1:62480 - \"GET /assets/root-Cyf3bcFs.js HTTP/1.1\" 200", "severity": "INFO", "module": "h11_impl", "funcName": "send", "lineno": 481, "ts": "2026-09-10T14:44:16.367030+00:00"}
{"message": "127.0.0.1:62440 - \"GET /assets/use-invitation-M5_iS4Ov.js HTTP/1.1\" 200", "severity": "INFO", "module": "h11_impl", "funcName": "send", "lineno": 481, "ts": "2026-09-10T14:44:16.433506+00:00"}
{"message": "127.0.0.1:62476 - \"GET /assets/query-client-config-C2aiFcZM.js HTTP/1.1\" 200", "severity": "INFO", "module": "h11_impl", "funcName": "send", "lineno": 481, "ts": "2026-09-10T14:44:16.454223+00:00"}
{"message": "127.0.0.1:62476 - \"GET /locales/en/translation.json HTTP/1.1\" 200", "severity": "INFO", "module": "h11_impl", "funcName": "send", "lineno": 481, "ts": "2026-09-10T14:44:16.496426+00:00"}
{"message": "127.0.0.1:62440 - \"GET /assets/account-action-CiHRle-Z.js HTTP/1.1\" 200", "severity": "INFO", "module": "h11_impl", "funcName": "send", "lineno": 481, "ts": "2026-09-10T14:44:16.506708+00:00"}
{"message": "127.0.0.1:62440 - \"GET /assets/use-auth-capabilities-EIdFh3Uu.js HTTP/1.1\" 200", "severity": "INFO", "module": "h11_impl", "funcName": "send", "lineno": 481, "ts": "2026-09-10T14:44:16.526272+00:00"}
{"message": "127.0.0.1:62474 - \"GET /assets/use-logout-SxGpq-OD.js HTTP/1.1\" 200", "severity": "INFO", "module": "h11_impl", "funcName": "send", "lineno": 481, "ts": "2026-09-10T14:44:16.532509+00:00"}
{"message": "127.0.0.1:62440 - \"GET /assets/account-form-D3u4oKV4.js HTTP/1.1\" 200", "severity": "INFO", "module": "h11_impl", "funcName": "send", "lineno": 481, "ts": "2026-09-10T14:44:16.548929+00:00"}
{"message": "127.0.0.1:62480 - \"GET /assets/password-policy-Blwrl2wX.js HTTP/1.1\" 200", "severity": "INFO", "module": "h11_impl", "funcName": "send", "lineno": 481, "ts": "2026-09-10T14:44:16.549501+00:00"}
{"message": "127.0.0.1:62484 - \"GET /assets/useTranslation-i1xdxadn.js HTTP/1.1\" 200", "severity": "INFO", "module": "h11_impl", "funcName": "send", "lineno": 481, "ts": "2026-09-10T14:44:16.550158+00:00"}
{"message": "127.0.0.1:62472 - \"GET /assets/use-config-Dh7W-dyl.js HTTP/1.1\" 200", "severity": "INFO", "module": "h11_impl", "funcName": "send", "lineno": 481, "ts": "2026-09-10T14:44:16.551216+00:00"}
{"message": "127.0.0.1:62474 - \"GET /assets/auth-service.api-DG-mQZWV.js HTTP/1.1\" 200", "severity": "INFO", "module": "h11_impl", "funcName": "send", "lineno": 481, "ts": "2026-09-10T14:44:16.555980+00:00"}
{"message": "127.0.0.1:62480 - \"GET /assets/useMutation-8-YK4bsn.js HTTP/1.1\" 200", "severity": "INFO", "module": "h11_impl", "funcName": "send", "lineno": 481, "ts": "2026-09-10T14:44:16.586865+00:00"}
{"message": "127.0.0.1:62440 - \"GET /assets/local-storage-BL98fNWo.js HTTP/1.1\" 200", "severity": "INFO", "module": "h11_impl", "funcName": "send", "lineno": 481, "ts": "2026-09-10T14:44:16.587103+00:00"}
{"message": "127.0.0.1:62484 - \"GET /assets/openhands-logo-white-cxeMkDJA.js HTTP/1.1\" 200", "severity": "INFO", "module": "h11_impl", "funcName": "send", "lineno": 481, "ts": "2026-09-10T14:44:16.588973+00:00"}
{"message": "127.0.0.1:62472 - \"GET /assets/brand-button-CB2ZqR1E.js HTTP/1.1\" 200", "severity": "INFO", "module": "h11_impl", "funcName": "send", "lineno": 481, "ts": "2026-09-10T14:44:16.597434+00:00"}
{"message": "127.0.0.1:62474 - \"GET /assets/utils-BYzDx4ip.js HTTP/1.1\" 200", "severity": "INFO", "module": "h11_impl", "funcName": "send", "lineno": 481, "ts": "2026-09-10T14:44:16.598036+00:00"}
{"message": "127.0.0.1:62476 - \"GET /api/v1/web-client/config HTTP/1.1\" 200", "severity": "INFO", "module": "h11_impl", "funcName": "send", "lineno": 481, "ts": "2026-09-10T14:44:16.662403+00:00"}
{"message": "127.0.0.1:62476 - \"GET /api/auth/capabilities HTTP/1.1\" 200", "severity": "INFO", "module": "h11_impl", "funcName": "send", "lineno": 481, "ts": "2026-09-10T14:44:16.742539+00:00"}
{"message": "127.0.0.1:62476 - \"POST /api/auth/password/forgot HTTP/1.1\" 200", "severity": "INFO", "module": "h11_impl", "funcName": "send", "lineno": 481, "ts": "2026-09-10T14:44:17.287763+00:00"}
{"message": "127.0.0.1:63033 - \"GET /auth/reset-password?returnTo=%2Fsettings%2Fuser HTTP/1.1\" 200", "severity": "INFO", "module": "h11_impl", "funcName": "send", "lineno": 481, "ts": "2026-09-10T14:44:23.941228+00:00"}
{"message": "127.0.0.1:63033 - \"GET /assets/manifest-d7f631c4.js HTTP/1.1\" 200", "severity": "INFO", "module": "h11_impl", "funcName": "send", "lineno": 481, "ts": "2026-09-10T14:44:23.988548+00:00"}
{"message": "127.0.0.1:63048 - \"GET /assets/root-D-LbRKNh.css HTTP/1.1\" 200", "severity": "INFO", "module": "h11_impl", "funcName": "send", "lineno": 481, "ts": "2026-09-10T14:44:24.006922+00:00"}
{"message": "127.0.0.1:63056 - \"GET /assets/query-keys-BSjaytiJ.js HTTP/1.1\" 200", "severity": "INFO", "module": "h11_impl", "funcName": "send", "lineno": 481, "ts": "2026-09-10T14:44:24.007569+00:00"}
{"message": "127.0.0.1:63069 - \"GET /assets/retrieve-axios-error-message-Dwxjb5f3.js HTTP/1.1\" 200", "severity": "INFO", "module": "h11_impl", "funcName": "send", "lineno": 481, "ts": "2026-09-10T14:44:24.014567+00:00"}
{"message": "127.0.0.1:63033 - \"GET /assets/mutation-DSZmfvqD.js HTTP/1.1\" 200", "severity": "INFO", "module": "h11_impl", "funcName": "send", "lineno": 481, "ts": "2026-09-10T14:44:24.029253+00:00"}
{"message": "127.0.0.1:63084 - \"GET /assets/entry.client-Dw7KE7hM.js HTTP/1.1\" 200", "severity": "INFO", "module": "h11_impl", "funcName": "send", "lineno": 481, "ts": "2026-09-10T14:44:24.038886+00:00"}
{"message": "127.0.0.1:63086 - \"GET /assets/query-client-config-C2aiFcZM.js HTTP/1.1\" 200", "severity": "INFO", "module": "h11_impl", "funcName": "send", "lineno": 481, "ts": "2026-09-10T14:44:24.041672+00:00"}
{"message": "127.0.0.1:63056 - \"GET /assets/index-Dt4MV93j.js HTTP/1.1\" 200", "severity": "INFO", "module": "h11_impl", "funcName": "send", "lineno": 481, "ts": "2026-09-10T14:44:24.094033+00:00"}
{"message": "127.0.0.1:63069 - \"GET /assets/chunk-6CSD65Y2-UpbgoP9j.js HTTP/1.1\" 200", "severity": "INFO", "module": "h11_impl", "funcName": "send", "lineno": 481, "ts": "2026-09-10T14:44:24.097558+00:00"}
{"message": "127.0.0.1:63033 - \"GET /assets/index-CXoKay-T.js HTTP/1.1\" 200", "severity": "INFO", "module": "h11_impl", "funcName": "send", "lineno": 481, "ts": "2026-09-10T14:44:24.099689+00:00"}
{"message": "127.0.0.1:63048 - \"GET /assets/preload-helper-Bc3Pu81E.js HTTP/1.1\" 200", "severity": "INFO", "module": "h11_impl", "funcName": "send", "lineno": 481, "ts": "2026-09-10T14:44:24.105123+00:00"}
{"message": "127.0.0.1:63086 - \"GET /assets/index-tLtD-Cu0.js HTTP/1.1\" 200", "severity": "INFO", "module": "h11_impl", "funcName": "send", "lineno": 481, "ts": "2026-09-10T14:44:24.108768+00:00"}
{"message": "127.0.0.1:63084 - \"GET /assets/declaration-Bwok30Lo.js HTTP/1.1\" 200", "severity": "INFO", "module": "h11_impl", "funcName": "send", "lineno": 481, "ts": "2026-09-10T14:44:24.115920+00:00"}
{"message": "127.0.0.1:63056 - \"GET /assets/rate-limit-retry-DdZplSiD.js HTTP/1.1\" 200", "severity": "INFO", "module": "h11_impl", "funcName": "send", "lineno": 481, "ts": "2026-09-10T14:44:24.121957+00:00"}
{"message": "127.0.0.1:63033 - \"GET /assets/custom-toast-handlers-CAVHstGd.js HTTP/1.1\" 200", "severity": "INFO", "module": "h11_impl", "funcName": "send", "lineno": 481, "ts": "2026-09-10T14:44:24.122466+00:00"}
{"message": "127.0.0.1:63069 - \"GET /assets/infiniteQueryBehavior-DZN75Mj9.js HTTP/1.1\" 200", "severity": "INFO", "module": "h11_impl", "funcName": "send", "lineno": 481, "ts": "2026-09-10T14:44:24.125752+00:00"}
{"message": "127.0.0.1:63048 - \"GET /assets/root-Cyf3bcFs.js HTTP/1.1\" 200", "severity": "INFO", "module": "h11_impl", "funcName": "send", "lineno": 481, "ts": "2026-09-10T14:44:24.132726+00:00"}
{"message": "127.0.0.1:63086 - \"GET /assets/use-invitation-M5_iS4Ov.js HTTP/1.1\" 200", "severity": "INFO", "module": "h11_impl", "funcName": "send", "lineno": 481, "ts": "2026-09-10T14:44:24.134675+00:00"}
{"message": "127.0.0.1:63056 - \"GET /assets/open-hands-axios-LzNSarGn.js HTTP/1.1\" 200", "severity": "INFO", "module": "h11_impl", "funcName": "send", "lineno": 481, "ts": "2026-09-10T14:44:24.149566+00:00"}
{"message": "127.0.0.1:63086 - \"GET /assets/account-action-CiHRle-Z.js HTTP/1.1\" 200", "severity": "INFO", "module": "h11_impl", "funcName": "send", "lineno": 481, "ts": "2026-09-10T14:44:24.210471+00:00"}
{"message": "127.0.0.1:63056 - \"GET /locales/en/translation.json HTTP/1.1\" 200", "severity": "INFO", "module": "h11_impl", "funcName": "send", "lineno": 481, "ts": "2026-09-10T14:44:24.211004+00:00"}
{"message": "127.0.0.1:63086 - \"GET /assets/use-auth-capabilities-EIdFh3Uu.js HTTP/1.1\" 200", "severity": "INFO", "module": "h11_impl", "funcName": "send", "lineno": 481, "ts": "2026-09-10T14:44:24.224311+00:00"}
{"message": "127.0.0.1:63056 - \"GET /assets/use-logout-SxGpq-OD.js HTTP/1.1\" 200", "severity": "INFO", "module": "h11_impl", "funcName": "send", "lineno": 481, "ts": "2026-09-10T14:44:24.237613+00:00"}
{"message": "127.0.0.1:63069 - \"GET /assets/account-form-D3u4oKV4.js HTTP/1.1\" 200", "severity": "INFO", "module": "h11_impl", "funcName": "send", "lineno": 481, "ts": "2026-09-10T14:44:24.238702+00:00"}
{"message": "127.0.0.1:63033 - \"GET /assets/password-policy-Blwrl2wX.js HTTP/1.1\" 200", "severity": "INFO", "module": "h11_impl", "funcName": "send", "lineno": 481, "ts": "2026-09-10T14:44:24.239207+00:00"}
{"message": "127.0.0.1:63084 - \"GET /assets/useTranslation-i1xdxadn.js HTTP/1.1\" 200", "severity": "INFO", "module": "h11_impl", "funcName": "send", "lineno": 481, "ts": "2026-09-10T14:44:24.248819+00:00"}
{"message": "127.0.0.1:63048 - \"GET /api/v1/web-client/config HTTP/1.1\" 200", "severity": "INFO", "module": "h11_impl", "funcName": "send", "lineno": 481, "ts": "2026-09-10T14:44:24.284067+00:00"}
{"message": "127.0.0.1:63086 - \"GET /assets/use-config-Dh7W-dyl.js HTTP/1.1\" 200", "severity": "INFO", "module": "h11_impl", "funcName": "send", "lineno": 481, "ts": "2026-09-10T14:44:24.333464+00:00"}
{"message": "127.0.0.1:63033 - \"GET /assets/useMutation-8-YK4bsn.js HTTP/1.1\" 200", "severity": "INFO", "module": "h11_impl", "funcName": "send", "lineno": 481, "ts": "2026-09-10T14:44:24.345233+00:00"}
{"message": "127.0.0.1:63069 - \"GET /assets/local-storage-BL98fNWo.js HTTP/1.1\" 200", "severity": "INFO", "module": "h11_impl", "funcName": "send", "lineno": 481, "ts": "2026-09-10T14:44:24.345516+00:00"}
{"message": "127.0.0.1:63056 - \"GET /assets/auth-service.api-DG-mQZWV.js HTTP/1.1\" 200", "severity": "INFO", "module": "h11_impl", "funcName": "send", "lineno": 481, "ts": "2026-09-10T14:44:24.347093+00:00"}
{"message": "127.0.0.1:63084 - \"GET /assets/openhands-logo-white-cxeMkDJA.js HTTP/1.1\" 200", "severity": "INFO", "module": "h11_impl", "funcName": "send", "lineno": 481, "ts": "2026-09-10T14:44:24.356249+00:00"}
{"message": "127.0.0.1:63048 - \"GET /assets/brand-button-CB2ZqR1E.js HTTP/1.1\" 200", "severity": "INFO", "module": "h11_impl", "funcName": "send", "lineno": 481, "ts": "2026-09-10T14:44:24.367103+00:00"}
{"message": "127.0.0.1:63086 - \"GET /assets/utils-BYzDx4ip.js HTTP/1.1\" 200", "severity": "INFO", "module": "h11_impl", "funcName": "send", "lineno": 481, "ts": "2026-09-10T14:44:24.369491+00:00"}
{"message": "127.0.0.1:63086 - \"GET /api/auth/capabilities HTTP/1.1\" 200", "severity": "INFO", "module": "h11_impl", "funcName": "send", "lineno": 481, "ts": "2026-09-10T14:44:24.381156+00:00"}
{"message": "127.0.0.1:63550 - \"POST /api/auth/password/reset HTTP/1.1\" 200", "severity": "INFO", "module": "h11_impl", "funcName": "send", "lineno": 481, "ts": "2026-09-10T14:44:31.949534+00:00"}
{"message": "127.0.0.1:63550 - \"GET /login?returnTo=%2Fsettings%2Fuser HTTP/1.1\" 200", "severity": "INFO", "module": "h11_impl", "funcName": "send", "lineno": 481, "ts": "2026-09-10T14:44:31.987179+00:00"}
{"message": "127.0.0.1:63550 - \"GET /assets/manifest-d7f631c4.js HTTP/1.1\" 200", "severity": "INFO", "module": "h11_impl", "funcName": "send", "lineno": 481, "ts": "2026-09-10T14:44:32.039221+00:00"}
{"message": "127.0.0.1:63601 - \"GET /assets/entry.client-Dw7KE7hM.js HTTP/1.1\" 200", "severity": "INFO", "module": "h11_impl", "funcName": "send", "lineno": 481, "ts": "2026-09-10T14:44:32.051164+00:00"}
{"message": "127.0.0.1:63608 - \"GET /assets/chunk-6CSD65Y2-UpbgoP9j.js HTTP/1.1\" 200", "severity": "INFO", "module": "h11_impl", "funcName": "send", "lineno": 481, "ts": "2026-09-10T14:44:32.053107+00:00"}
{"message": "127.0.0.1:63614 - \"GET /assets/index-tLtD-Cu0.js HTTP/1.1\" 200", "severity": "INFO", "module": "h11_impl", "funcName": "send", "lineno": 481, "ts": "2026-09-10T14:44:32.055245+00:00"}
{"message": "127.0.0.1:63618 - \"GET /assets/query-keys-BSjaytiJ.js HTTP/1.1\" 200", "severity": "INFO", "module": "h11_impl", "funcName": "send", "lineno": 481, "ts": "2026-09-10T14:44:32.059990+00:00"}
{"message": "127.0.0.1:63550 - \"GET /assets/root-D-LbRKNh.css HTTP/1.1\" 200", "severity": "INFO", "module": "h11_impl", "funcName": "send", "lineno": 481, "ts": "2026-09-10T14:44:32.075927+00:00"}
{"message": "127.0.0.1:63625 - \"GET /assets/custom-toast-handlers-CAVHstGd.js HTTP/1.1\" 200", "severity": "INFO", "module": "h11_impl", "funcName": "send", "lineno": 481, "ts": "2026-09-10T14:44:32.080317+00:00"}
{"message": "127.0.0.1:63614 - \"GET /assets/open-hands-axios-LzNSarGn.js HTTP/1.1\" 200", "severity": "INFO", "module": "h11_impl", "funcName": "send", "lineno": 481, "ts": "2026-09-10T14:44:32.099219+00:00"}
{"message": "127.0.0.1:63608 - \"GET /assets/preload-helper-Bc3Pu81E.js HTTP/1.1\" 200", "severity": "INFO", "module": "h11_impl", "funcName": "send", "lineno": 481, "ts": "2026-09-10T14:44:32.100269+00:00"}
{"message": "127.0.0.1:63618 - \"GET /assets/declaration-Bwok30Lo.js HTTP/1.1\" 200", "severity": "INFO", "module": "h11_impl", "funcName": "send", "lineno": 481, "ts": "2026-09-10T14:44:32.100780+00:00"}
{"message": "127.0.0.1:63601 - \"GET /assets/retrieve-axios-error-message-Dwxjb5f3.js HTTP/1.1\" 200", "severity": "INFO", "module": "h11_impl", "funcName": "send", "lineno": 481, "ts": "2026-09-10T14:44:32.102048+00:00"}
{"message": "127.0.0.1:63625 - \"GET /assets/query-client-config-C2aiFcZM.js HTTP/1.1\" 200", "severity": "INFO", "module": "h11_impl", "funcName": "send", "lineno": 481, "ts": "2026-09-10T14:44:32.158728+00:00"}
{"message": "127.0.0.1:63601 - \"GET /assets/mutation-DSZmfvqD.js HTTP/1.1\" 200", "severity": "INFO", "module": "h11_impl", "funcName": "send", "lineno": 481, "ts": "2026-09-10T14:44:32.197941+00:00"}
{"message": "127.0.0.1:63614 - \"GET /assets/index-Dt4MV93j.js HTTP/1.1\" 200", "severity": "INFO", "module": "h11_impl", "funcName": "send", "lineno": 481, "ts": "2026-09-10T14:44:32.198992+00:00"}
{"message": "127.0.0.1:63608 - \"GET /assets/rate-limit-retry-DdZplSiD.js HTTP/1.1\" 200", "severity": "INFO", "module": "h11_impl", "funcName": "send", "lineno": 481, "ts": "2026-09-10T14:44:32.199527+00:00"}
{"message": "127.0.0.1:63550 - \"GET /assets/infiniteQueryBehavior-DZN75Mj9.js HTTP/1.1\" 200", "severity": "INFO", "module": "h11_impl", "funcName": "send", "lineno": 481, "ts": "2026-09-10T14:44:32.212129+00:00"}
{"message": "127.0.0.1:63618 - \"GET /assets/root-Cyf3bcFs.js HTTP/1.1\" 200", "severity": "INFO", "module": "h11_impl", "funcName": "send", "lineno": 481, "ts": "2026-09-10T14:44:32.216896+00:00"}
{"message": "127.0.0.1:63625 - \"GET /assets/use-invitation-M5_iS4Ov.js HTTP/1.1\" 200", "severity": "INFO", "module": "h11_impl", "funcName": "send", "lineno": 481, "ts": "2026-09-10T14:44:32.231929+00:00"}
{"message": "127.0.0.1:63608 - \"GET /assets/index-CXoKay-T.js HTTP/1.1\" 200", "severity": "INFO", "module": "h11_impl", "funcName": "send", "lineno": 481, "ts": "2026-09-10T14:44:32.300803+00:00"}
{"message": "127.0.0.1:63608 - \"GET /locales/en/translation.json HTTP/1.1\" 200", "severity": "INFO", "module": "h11_impl", "funcName": "send", "lineno": 481, "ts": "2026-09-10T14:44:32.383179+00:00"}
{"message": "127.0.0.1:63625 - \"GET /assets/login-CMNc1VtQ.js HTTP/1.1\" 200", "severity": "INFO", "module": "h11_impl", "funcName": "send", "lineno": 481, "ts": "2026-09-10T14:44:32.391289+00:00"}
{"message": "127.0.0.1:63608 - \"GET /assets/use-is-authed-D8E0h2Jo.js HTTP/1.1\" 200", "severity": "INFO", "module": "h11_impl", "funcName": "send", "lineno": 481, "ts": "2026-09-10T14:44:32.497184+00:00"}
{"message": "127.0.0.1:63625 - \"GET /assets/use-config-Dh7W-dyl.js HTTP/1.1\" 200", "severity": "INFO", "module": "h11_impl", "funcName": "send", "lineno": 481, "ts": "2026-09-10T14:44:32.509771+00:00"}
{"message": "127.0.0.1:63550 - \"GET /assets/use-auth-url-M2suDX2e.js HTTP/1.1\" 200", "severity": "INFO", "module": "h11_impl", "funcName": "send", "lineno": 481, "ts": "2026-09-10T14:44:32.511969+00:00"}
{"message": "127.0.0.1:63601 - \"GET /assets/use-email-verification-S6_uU7s7.js HTTP/1.1\" 200", "severity": "INFO", "module": "h11_impl", "funcName": "send", "lineno": 481, "ts": "2026-09-10T14:44:32.514510+00:00"}
{"message": "127.0.0.1:63618 - \"GET /assets/index-CcBMHdO5.js HTTP/1.1\" 200", "severity": "INFO", "module": "h11_impl", "funcName": "send", "lineno": 481, "ts": "2026-09-10T14:44:32.515861+00:00"}
{"message": "127.0.0.1:63614 - \"GET /api/v1/web-client/config HTTP/1.1\" 200", "severity": "INFO", "module": "h11_impl", "funcName": "send", "lineno": 481, "ts": "2026-09-10T14:44:32.516999+00:00"}
{"message": "127.0.0.1:63608 - \"GET /assets/openhands-logo-white-cxeMkDJA.js HTTP/1.1\" 200", "severity": "INFO", "module": "h11_impl", "funcName": "send", "lineno": 481, "ts": "2026-09-10T14:44:32.598794+00:00"}
{"message": "127.0.0.1:63625 - \"GET /assets/azure-devops-logo-DXPdTsmh.js HTTP/1.1\" 200", "severity": "INFO", "module": "h11_impl", "funcName": "send", "lineno": 481, "ts": "2026-09-10T14:44:32.599452+00:00"}
{"message": "127.0.0.1:63550 - \"GET /assets/utils-BYzDx4ip.js HTTP/1.1\" 200", "severity": "INFO", "module": "h11_impl", "funcName": "send", "lineno": 481, "ts": "2026-09-10T14:44:32.605908+00:00"}
{"message": "127.0.0.1:63614 - \"GET /assets/useTranslation-i1xdxadn.js HTTP/1.1\" 200", "severity": "INFO", "module": "h11_impl", "funcName": "send", "lineno": 481, "ts": "2026-09-10T14:44:32.606816+00:00"}
{"message": "127.0.0.1:63618 - \"GET /assets/login-cta-B8n-JrN9.js HTTP/1.1\" 200", "severity": "INFO", "module": "h11_impl", "funcName": "send", "lineno": 481, "ts": "2026-09-10T14:44:32.607620+00:00"}
{"message": "127.0.0.1:63601 - \"GET /assets/use-app-mode-B54Qx7LS.js HTTP/1.1\" 200", "severity": "INFO", "module": "h11_impl", "funcName": "send", "lineno": 481, "ts": "2026-09-10T14:44:32.608113+00:00"}
{"message": "127.0.0.1:63608 - \"GET /assets/openhands-logo-DilX03Hr.js HTTP/1.1\" 200", "severity": "INFO", "module": "h11_impl", "funcName": "send", "lineno": 481, "ts": "2026-09-10T14:44:32.640233+00:00"}
{"message": "127.0.0.1:63625 - \"GET /assets/modal-backdrop-B5BF9mZF.js HTTP/1.1\" 200", "severity": "INFO", "module": "h11_impl", "funcName": "send", "lineno": 481, "ts": "2026-09-10T14:44:32.661932+00:00"}
{"message": "127.0.0.1:63614 - \"GET /assets/modal-body-C_1-4ovn.js HTTP/1.1\" 200", "severity": "INFO", "module": "h11_impl", "funcName": "send", "lineno": 481, "ts": "2026-09-10T14:44:32.664251+00:00"}
{"message": "127.0.0.1:63550 - \"GET /assets/brand-button-CB2ZqR1E.js HTTP/1.1\" 200", "severity": "INFO", "module": "h11_impl", "funcName": "send", "lineno": 481, "ts": "2026-09-10T14:44:32.666562+00:00"}
{"message": "127.0.0.1:63618 - \"GET /assets/typography-CEll3mgr.js HTTP/1.1\" 200", "severity": "INFO", "module": "h11_impl", "funcName": "send", "lineno": 481, "ts": "2026-09-10T14:44:32.666815+00:00"}
{"message": "127.0.0.1:63601 - \"GET /assets/cross-app-redirect-CA1RAd_9.js HTTP/1.1\" 200", "severity": "INFO", "module": "h11_impl", "funcName": "send", "lineno": 481, "ts": "2026-09-10T14:44:32.666986+00:00"}
{"message": "127.0.0.1:63608 - \"GET /assets/use-auth-capabilities-EIdFh3Uu.js HTTP/1.1\" 200", "severity": "INFO", "module": "h11_impl", "funcName": "send", "lineno": 481, "ts": "2026-09-10T14:44:32.721788+00:00"}
{"message": "127.0.0.1:63625 - \"GET /assets/account-form-D3u4oKV4.js HTTP/1.1\" 200", "severity": "INFO", "module": "h11_impl", "funcName": "send", "lineno": 481, "ts": "2026-09-10T14:44:32.723643+00:00"}
{"message": "127.0.0.1:63601 - \"GET /assets/card-BiCf3WY_.js HTTP/1.1\" 200", "severity": "INFO", "module": "h11_impl", "funcName": "send", "lineno": 481, "ts": "2026-09-10T14:44:32.731977+00:00"}
{"message": "127.0.0.1:63550 - \"GET /assets/auth-service.api-DG-mQZWV.js HTTP/1.1\" 200", "severity": "INFO", "module": "h11_impl", "funcName": "send", "lineno": 481, "ts": "2026-09-10T14:44:32.732477+00:00"}
{"message": "127.0.0.1:63614 - \"GET /assets/iconBase-Dv4KA39o.js HTTP/1.1\" 200", "severity": "INFO", "module": "h11_impl", "funcName": "send", "lineno": 481, "ts": "2026-09-10T14:44:32.733256+00:00"}
{"message": "127.0.0.1:63618 - \"GET /assets/useMutation-8-YK4bsn.js HTTP/1.1\" 200", "severity": "INFO", "module": "h11_impl", "funcName": "send", "lineno": 481, "ts": "2026-09-10T14:44:32.733371+00:00"}
{"message": "127.0.0.1:63625 - \"GET /assets/stacked-5ookcZbZ.js HTTP/1.1\" 200", "severity": "INFO", "module": "h11_impl", "funcName": "send", "lineno": 481, "ts": "2026-09-10T14:44:32.751873+00:00"}
{"message": "127.0.0.1:63608 - \"GET /assets/card-title-DNMudsxn.js HTTP/1.1\" 200", "severity": "INFO", "module": "h11_impl", "funcName": "send", "lineno": 481, "ts": "2026-09-10T14:44:32.769736+00:00"}
{"message": "127.0.0.1:63608 - \"GET /api/auth/capabilities HTTP/1.1\" 200", "severity": "INFO", "module": "h11_impl", "funcName": "send", "lineno": 481, "ts": "2026-09-10T14:44:32.792317+00:00"}
{"message": "127.0.0.1:63625 - \"GET /api/auth/csrf HTTP/1.1\" 200", "severity": "INFO", "module": "h11_impl", "funcName": "send", "lineno": 481, "ts": "2026-09-10T14:44:32.793450+00:00"}
{"message": "127.0.0.1:63625 - \"POST /api/authenticate HTTP/1.1\" 401", "severity": "INFO", "module": "h11_impl", "funcName": "send", "lineno": 481, "ts": "2026-09-10T14:44:32.849097+00:00"}
{"message": "127.0.0.1:64183 - \"GET /auth/reset-password?returnTo=%2Fsettings%2Fuser HTTP/1.1\" 200", "severity": "INFO", "module": "h11_impl", "funcName": "send", "lineno": 481, "ts": "2026-09-10T14:44:40.973939+00:00"}
{"message": "127.0.0.1:64183 - \"GET /assets/manifest-d7f631c4.js HTTP/1.1\" 200", "severity": "INFO", "module": "h11_impl", "funcName": "send", "lineno": 481, "ts": "2026-09-10T14:44:40.999336+00:00"}
{"message": "127.0.0.1:64183 - \"GET /assets/entry.client-Dw7KE7hM.js HTTP/1.1\" 200", "severity": "INFO", "module": "h11_impl", "funcName": "send", "lineno": 481, "ts": "2026-09-10T14:44:41.015588+00:00"}
{"message": "127.0.0.1:64202 - \"GET /assets/chunk-6CSD65Y2-UpbgoP9j.js HTTP/1.1\" 200", "severity": "INFO", "module": "h11_impl", "funcName": "send", "lineno": 481, "ts": "2026-09-10T14:44:41.053137+00:00"}
{"message": "127.0.0.1:64183 - \"GET /assets/index-CXoKay-T.js HTTP/1.1\" 200", "severity": "INFO", "module": "h11_impl", "funcName": "send", "lineno": 481, "ts": "2026-09-10T14:44:41.054845+00:00"}
{"message": "127.0.0.1:64207 - \"GET /assets/custom-toast-handlers-CAVHstGd.js HTTP/1.1\" 200", "severity": "INFO", "module": "h11_impl", "funcName": "send", "lineno": 481, "ts": "2026-09-10T14:44:41.056215+00:00"}
{"message": "127.0.0.1:64210 - \"GET /assets/query-client-config-C2aiFcZM.js HTTP/1.1\" 200", "severity": "INFO", "module": "h11_impl", "funcName": "send", "lineno": 481, "ts": "2026-09-10T14:44:41.056595+00:00"}
{"message": "127.0.0.1:64209 - \"GET /assets/open-hands-axios-LzNSarGn.js HTTP/1.1\" 200", "severity": "INFO", "module": "h11_impl", "funcName": "send", "lineno": 481, "ts": "2026-09-10T14:44:41.056845+00:00"}
{"message": "127.0.0.1:64212 - \"GET /assets/index-Dt4MV93j.js HTTP/1.1\" 200", "severity": "INFO", "module": "h11_impl", "funcName": "send", "lineno": 481, "ts": "2026-09-10T14:44:41.057327+00:00"}
{"message": "127.0.0.1:64183 - \"GET /assets/root-D-LbRKNh.css HTTP/1.1\" 200", "severity": "INFO", "module": "h11_impl", "funcName": "send", "lineno": 481, "ts": "2026-09-10T14:44:41.093734+00:00"}
{"message": "127.0.0.1:64207 - \"GET /assets/preload-helper-Bc3Pu81E.js HTTP/1.1\" 200", "severity": "INFO", "module": "h11_impl", "funcName": "send", "lineno": 481, "ts": "2026-09-10T14:44:41.093930+00:00"}
{"message": "127.0.0.1:64210 - \"GET /assets/query-keys-BSjaytiJ.js HTTP/1.1\" 200", "severity": "INFO", "module": "h11_impl", "funcName": "send", "lineno": 481, "ts": "2026-09-10T14:44:41.095212+00:00"}
{"message": "127.0.0.1:64209 - \"GET /assets/declaration-Bwok30Lo.js HTTP/1.1\" 200", "severity": "INFO", "module": "h11_impl", "funcName": "send", "lineno": 481, "ts": "2026-09-10T14:44:41.095518+00:00"}
{"message": "127.0.0.1:64202 - \"GET /assets/retrieve-axios-error-message-Dwxjb5f3.js HTTP/1.1\" 200", "severity": "INFO", "module": "h11_impl", "funcName": "send", "lineno": 481, "ts": "2026-09-10T14:44:41.095778+00:00"}
{"message": "127.0.0.1:64212 - \"GET /assets/rate-limit-retry-DdZplSiD.js HTTP/1.1\" 200", "severity": "INFO", "module": "h11_impl", "funcName": "send", "lineno": 481, "ts": "2026-09-10T14:44:41.104898+00:00"}
{"message": "127.0.0.1:64207 - \"GET /assets/mutation-DSZmfvqD.js HTTP/1.1\" 200", "severity": "INFO", "module": "h11_impl", "funcName": "send", "lineno": 481, "ts": "2026-09-10T14:44:41.125577+00:00"}
{"message": "127.0.0.1:64210 - \"GET /assets/infiniteQueryBehavior-DZN75Mj9.js HTTP/1.1\" 200", "severity": "INFO", "module": "h11_impl", "funcName": "send", "lineno": 481, "ts": "2026-09-10T14:44:41.153673+00:00"}
{"message": "127.0.0.1:64202 - \"GET /assets/root-Cyf3bcFs.js HTTP/1.1\" 200", "severity": "INFO", "module": "h11_impl", "funcName": "send", "lineno": 481, "ts": "2026-09-10T14:44:41.181947+00:00"}
{"message": "127.0.0.1:64209 - \"GET /assets/use-invitation-M5_iS4Ov.js HTTP/1.1\" 200", "severity": "INFO", "module": "h11_impl", "funcName": "send", "lineno": 481, "ts": "2026-09-10T14:44:41.189635+00:00"}
{"message": "127.0.0.1:64212 - \"GET /assets/index-tLtD-Cu0.js HTTP/1.1\" 200", "severity": "INFO", "module": "h11_impl", "funcName": "send", "lineno": 481, "ts": "2026-09-10T14:44:41.192701+00:00"}
{"message": "127.0.0.1:64212 - \"GET /locales/en/translation.json HTTP/1.1\" 200", "severity": "INFO", "module": "h11_impl", "funcName": "send", "lineno": 481, "ts": "2026-09-10T14:44:41.343247+00:00"}
{"message": "127.0.0.1:64209 - \"GET /assets/account-action-CiHRle-Z.js HTTP/1.1\" 200", "severity": "INFO", "module": "h11_impl", "funcName": "send", "lineno": 481, "ts": "2026-09-10T14:44:41.344539+00:00"}
{"message": "127.0.0.1:64212 - \"GET /assets/use-auth-capabilities-EIdFh3Uu.js HTTP/1.1\" 200", "severity": "INFO", "module": "h11_impl", "funcName": "send", "lineno": 481, "ts": "2026-09-10T14:44:41.373775+00:00"}
{"message": "127.0.0.1:64202 - \"GET /api/v1/web-client/config HTTP/1.1\" 200", "severity": "INFO", "module": "h11_impl", "funcName": "send", "lineno": 481, "ts": "2026-09-10T14:44:41.379478+00:00"}
{"message": "127.0.0.1:64202 - \"GET /assets/use-logout-SxGpq-OD.js HTTP/1.1\" 200", "severity": "INFO", "module": "h11_impl", "funcName": "send", "lineno": 481, "ts": "2026-09-10T14:44:41.393122+00:00"}
{"message": "127.0.0.1:64212 - \"GET /assets/account-form-D3u4oKV4.js HTTP/1.1\" 200", "severity": "INFO", "module": "h11_impl", "funcName": "send", "lineno": 481, "ts": "2026-09-10T14:44:41.396072+00:00"}
{"message": "127.0.0.1:64209 - \"GET /assets/password-policy-Blwrl2wX.js HTTP/1.1\" 200", "severity": "INFO", "module": "h11_impl", "funcName": "send", "lineno": 481, "ts": "2026-09-10T14:44:41.460576+00:00"}
{"message": "127.0.0.1:64210 - \"GET /assets/useTranslation-i1xdxadn.js HTTP/1.1\" 200", "severity": "INFO", "module": "h11_impl", "funcName": "send", "lineno": 481, "ts": "2026-09-10T14:44:41.461293+00:00"}
{"message": "127.0.0.1:64207 - \"GET /assets/use-config-Dh7W-dyl.js HTTP/1.1\" 200", "severity": "INFO", "module": "h11_impl", "funcName": "send", "lineno": 481, "ts": "2026-09-10T14:44:41.490746+00:00"}
{"message": "127.0.0.1:64212 - \"GET /assets/local-storage-BL98fNWo.js HTTP/1.1\" 200", "severity": "INFO", "module": "h11_impl", "funcName": "send", "lineno": 481, "ts": "2026-09-10T14:44:41.491468+00:00"}
{"message": "127.0.0.1:64183 - \"GET /assets/auth-service.api-DG-mQZWV.js HTTP/1.1\" 200", "severity": "INFO", "module": "h11_impl", "funcName": "send", "lineno": 481, "ts": "2026-09-10T14:44:41.492155+00:00"}
{"message": "127.0.0.1:64202 - \"GET /assets/useMutation-8-YK4bsn.js HTTP/1.1\" 200", "severity": "INFO", "module": "h11_impl", "funcName": "send", "lineno": 481, "ts": "2026-09-10T14:44:41.493177+00:00"}
{"message": "127.0.0.1:64210 - \"GET /assets/openhands-logo-white-cxeMkDJA.js HTTP/1.1\" 200", "severity": "INFO", "module": "h11_impl", "funcName": "send", "lineno": 481, "ts": "2026-09-10T14:44:41.507792+00:00"}
{"message": "127.0.0.1:64209 - \"GET /assets/brand-button-CB2ZqR1E.js HTTP/1.1\" 200", "severity": "INFO", "module": "h11_impl", "funcName": "send", "lineno": 481, "ts": "2026-09-10T14:44:41.513485+00:00"}
{"message": "127.0.0.1:64202 - \"GET /assets/utils-BYzDx4ip.js HTTP/1.1\" 200", "severity": "INFO", "module": "h11_impl", "funcName": "send", "lineno": 481, "ts": "2026-09-10T14:44:41.546204+00:00"}
{"message": "127.0.0.1:64202 - \"GET /api/auth/capabilities HTTP/1.1\" 200", "severity": "INFO", "module": "h11_impl", "funcName": "send", "lineno": 481, "ts": "2026-09-10T14:44:41.565719+00:00"}
{"message": "127.0.0.1:64202 - \"POST /api/auth/password/reset HTTP/1.1\" 400", "severity": "INFO", "module": "h11_impl", "funcName": "send", "lineno": 481, "ts": "2026-09-10T14:44:46.246928+00:00"}
{"message": "127.0.0.1:64913 - \"GET /login HTTP/1.1\" 200", "severity": "INFO", "module": "h11_impl", "funcName": "send", "lineno": 481, "ts": "2026-09-10T14:45:02.977502+00:00"}
{"message": "127.0.0.1:64913 - \"GET /assets/manifest-d7f631c4.js HTTP/1.1\" 200", "severity": "INFO", "module": "h11_impl", "funcName": "send", "lineno": 481, "ts": "2026-09-10T14:45:03.115855+00:00"}
{"message": "127.0.0.1:64913 - \"GET /assets/entry.client-Dw7KE7hM.js HTTP/1.1\" 200", "severity": "INFO", "module": "h11_impl", "funcName": "send", "lineno": 481, "ts": "2026-09-10T14:45:03.258483+00:00"}
{"message": "127.0.0.1:64983 - \"GET /assets/root-D-LbRKNh.css HTTP/1.1\" 200", "severity": "INFO", "module": "h11_impl", "funcName": "send", "lineno": 481, "ts": "2026-09-10T14:45:03.399759+00:00"}
{"message": "127.0.0.1:64985 - \"GET /assets/index-tLtD-Cu0.js HTTP/1.1\" 200", "severity": "INFO", "module": "h11_impl", "funcName": "send", "lineno": 481, "ts": "2026-09-10T14:45:03.400222+00:00"}
{"message": "127.0.0.1:64987 - \"GET /assets/custom-toast-handlers-CAVHstGd.js HTTP/1.1\" 200", "severity": "INFO", "module": "h11_impl", "funcName": "send", "lineno": 481, "ts": "2026-09-10T14:45:03.406040+00:00"}
{"message": "127.0.0.1:64989 - \"GET /assets/open-hands-axios-LzNSarGn.js HTTP/1.1\" 200", "severity": "INFO", "module": "h11_impl", "funcName": "send", "lineno": 481, "ts": "2026-09-10T14:45:03.408125+00:00"}
{"message": "127.0.0.1:64991 - \"GET /assets/query-client-config-C2aiFcZM.js HTTP/1.1\" 200", "severity": "INFO", "module": "h11_impl", "funcName": "send", "lineno": 481, "ts": "2026-09-10T14:45:03.409724+00:00"}
{"message": "127.0.0.1:64913 - \"GET /assets/index-Dt4MV93j.js HTTP/1.1\" 200", "severity": "INFO", "module": "h11_impl", "funcName": "send", "lineno": 481, "ts": "2026-09-10T14:45:03.444260+00:00"}
{"message": "127.0.0.1:64989 - \"GET /assets/preload-helper-Bc3Pu81E.js HTTP/1.1\" 200", "severity": "INFO", "module": "h11_impl", "funcName": "send", "lineno": 481, "ts": "2026-09-10T14:45:03.453754+00:00"}
{"message": "127.0.0.1:64985 - \"GET /assets/index-CXoKay-T.js HTTP/1.1\" 200", "severity": "INFO", "module": "h11_impl", "funcName": "send", "lineno": 481, "ts": "2026-09-10T14:45:03.479753+00:00"}
{"message": "127.0.0.1:64987 - \"GET /assets/query-keys-BSjaytiJ.js HTTP/1.1\" 200", "severity": "INFO", "module": "h11_impl", "funcName": "send", "lineno": 481, "ts": "2026-09-10T14:45:03.482306+00:00"}
{"message": "127.0.0.1:64991 - \"GET /assets/declaration-Bwok30Lo.js HTTP/1.1\" 200", "severity": "INFO", "module": "h11_impl", "funcName": "send", "lineno": 481, "ts": "2026-09-10T14:45:03.484317+00:00"}
{"message": "127.0.0.1:64983 - \"GET /assets/retrieve-axios-error-message-Dwxjb5f3.js HTTP/1.1\" 200", "severity": "INFO", "module": "h11_impl", "funcName": "send", "lineno": 481, "ts": "2026-09-10T14:45:03.507219+00:00"}
{"message": "127.0.0.1:64913 - \"GET /assets/mutation-DSZmfvqD.js HTTP/1.1\" 200", "severity": "INFO", "module": "h11_impl", "funcName": "send", "lineno": 481, "ts": "2026-09-10T14:45:03.545794+00:00"}
{"message": "127.0.0.1:64989 - \"GET /assets/rate-limit-retry-DdZplSiD.js HTTP/1.1\" 200", "severity": "INFO", "module": "h11_impl", "funcName": "send", "lineno": 481, "ts": "2026-09-10T14:45:03.554914+00:00"}
{"message": "127.0.0.1:64985 - \"GET /assets/root-Cyf3bcFs.js HTTP/1.1\" 200", "severity": "INFO", "module": "h11_impl", "funcName": "send", "lineno": 481, "ts": "2026-09-10T14:45:03.555703+00:00"}
{"message": "127.0.0.1:64987 - \"GET /assets/infiniteQueryBehavior-DZN75Mj9.js HTTP/1.1\" 200", "severity": "INFO", "module": "h11_impl", "funcName": "send", "lineno": 481, "ts": "2026-09-10T14:45:03.555853+00:00"}
{"message": "127.0.0.1:64991 - \"GET /assets/use-invitation-M5_iS4Ov.js HTTP/1.1\" 200", "severity": "INFO", "module": "h11_impl", "funcName": "send", "lineno": 481, "ts": "2026-09-10T14:45:03.556579+00:00"}
{"message": "127.0.0.1:64983 - \"GET /assets/chunk-6CSD65Y2-UpbgoP9j.js HTTP/1.1\" 200", "severity": "INFO", "module": "h11_impl", "funcName": "send", "lineno": 481, "ts": "2026-09-10T14:45:03.563247+00:00"}
{"message": "127.0.0.1:64983 - \"GET /locales/en/translation.json HTTP/1.1\" 200", "severity": "INFO", "module": "h11_impl", "funcName": "send", "lineno": 481, "ts": "2026-09-10T14:45:03.612180+00:00"}
{"message": "127.0.0.1:64991 - \"GET /assets/login-CMNc1VtQ.js HTTP/1.1\" 200", "severity": "INFO", "module": "h11_impl", "funcName": "send", "lineno": 481, "ts": "2026-09-10T14:45:03.612370+00:00"}
{"message": "127.0.0.1:64985 - \"GET /api/v1/web-client/config HTTP/1.1\" 200", "severity": "INFO", "module": "h11_impl", "funcName": "send", "lineno": 481, "ts": "2026-09-10T14:45:03.625536+00:00"}
{"message": "127.0.0.1:64985 - \"GET /assets/use-is-authed-D8E0h2Jo.js HTTP/1.1\" 200", "severity": "INFO", "module": "h11_impl", "funcName": "send", "lineno": 481, "ts": "2026-09-10T14:45:03.651999+00:00"}
{"message": "127.0.0.1:64983 - \"GET /assets/use-config-Dh7W-dyl.js HTTP/1.1\" 200", "severity": "INFO", "module": "h11_impl", "funcName": "send", "lineno": 481, "ts": "2026-09-10T14:45:03.653263+00:00"}
{"message": "127.0.0.1:64987 - \"GET /assets/use-email-verification-S6_uU7s7.js HTTP/1.1\" 200", "severity": "INFO", "module": "h11_impl", "funcName": "send", "lineno": 481, "ts": "2026-09-10T14:45:03.657911+00:00"}
{"message": "127.0.0.1:64991 - \"GET /assets/use-auth-url-M2suDX2e.js HTTP/1.1\" 200", "severity": "INFO", "module": "h11_impl", "funcName": "send", "lineno": 481, "ts": "2026-09-10T14:45:03.658320+00:00"}
{"message": "127.0.0.1:64913 - \"GET /assets/openhands-logo-white-cxeMkDJA.js HTTP/1.1\" 200", "severity": "INFO", "module": "h11_impl", "funcName": "send", "lineno": 481, "ts": "2026-09-10T14:45:03.659558+00:00"}
{"message": "127.0.0.1:64989 - \"GET /assets/index-CcBMHdO5.js HTTP/1.1\" 200", "severity": "INFO", "module": "h11_impl", "funcName": "send", "lineno": 481, "ts": "2026-09-10T14:45:03.664380+00:00"}
{"message": "127.0.0.1:64985 - \"GET /assets/azure-devops-logo-DXPdTsmh.js HTTP/1.1\" 200", "severity": "INFO", "module": "h11_impl", "funcName": "send", "lineno": 481, "ts": "2026-09-10T14:45:03.675387+00:00"}
{"message": "127.0.0.1:64983 - \"GET /assets/utils-BYzDx4ip.js HTTP/1.1\" 200", "severity": "INFO", "module": "h11_impl", "funcName": "send", "lineno": 481, "ts": "2026-09-10T14:45:03.676325+00:00"}
{"message": "127.0.0.1:64989 - \"GET /assets/openhands-logo-DilX03Hr.js HTTP/1.1\" 200", "severity": "INFO", "module": "h11_impl", "funcName": "send", "lineno": 481, "ts": "2026-09-10T14:45:03.679094+00:00"}
{"message": "127.0.0.1:64987 - \"GET /assets/useTranslation-i1xdxadn.js HTTP/1.1\" 200", "severity": "INFO", "module": "h11_impl", "funcName": "send", "lineno": 481, "ts": "2026-09-10T14:45:03.679934+00:00"}
{"message": "127.0.0.1:64913 - \"GET /assets/login-cta-B8n-JrN9.js HTTP/1.1\" 200", "severity": "INFO", "module": "h11_impl", "funcName": "send", "lineno": 481, "ts": "2026-09-10T14:45:03.680201+00:00"}
{"message": "127.0.0.1:64991 - \"GET /assets/use-app-mode-B54Qx7LS.js HTTP/1.1\" 200", "severity": "INFO", "module": "h11_impl", "funcName": "send", "lineno": 481, "ts": "2026-09-10T14:45:03.680578+00:00"}
{"message": "127.0.0.1:64985 - \"GET /assets/modal-backdrop-B5BF9mZF.js HTTP/1.1\" 200", "severity": "INFO", "module": "h11_impl", "funcName": "send", "lineno": 481, "ts": "2026-09-10T14:45:03.699678+00:00"}
{"message": "127.0.0.1:64983 - \"GET /assets/modal-body-C_1-4ovn.js HTTP/1.1\" 200", "severity": "INFO", "module": "h11_impl", "funcName": "send", "lineno": 481, "ts": "2026-09-10T14:45:03.701978+00:00"}
{"message": "127.0.0.1:64989 - \"GET /assets/brand-button-CB2ZqR1E.js HTTP/1.1\" 200", "severity": "INFO", "module": "h11_impl", "funcName": "send", "lineno": 481, "ts": "2026-09-10T14:45:03.703523+00:00"}
{"message": "127.0.0.1:64913 - \"GET /assets/typography-CEll3mgr.js HTTP/1.1\" 200", "severity": "INFO", "module": "h11_impl", "funcName": "send", "lineno": 481, "ts": "2026-09-10T14:45:03.706242+00:00"}
{"message": "127.0.0.1:64991 - \"GET /assets/cross-app-redirect-CA1RAd_9.js HTTP/1.1\" 200", "severity": "INFO", "module": "h11_impl", "funcName": "send", "lineno": 481, "ts": "2026-09-10T14:45:03.708952+00:00"}
{"message": "127.0.0.1:64987 - \"GET /assets/use-auth-capabilities-EIdFh3Uu.js HTTP/1.1\" 200", "severity": "INFO", "module": "h11_impl", "funcName": "send", "lineno": 481, "ts": "2026-09-10T14:45:03.712657+00:00"}
{"message": "127.0.0.1:64985 - \"GET /assets/account-form-D3u4oKV4.js HTTP/1.1\" 200", "severity": "INFO", "module": "h11_impl", "funcName": "send", "lineno": 481, "ts": "2026-09-10T14:45:03.726785+00:00"}
{"message": "127.0.0.1:64983 - \"GET /assets/auth-service.api-DG-mQZWV.js HTTP/1.1\" 200", "severity": "INFO", "module": "h11_impl", "funcName": "send", "lineno": 481, "ts": "2026-09-10T14:45:03.728037+00:00"}
{"message": "127.0.0.1:64989 - \"GET /assets/useMutation-8-YK4bsn.js HTTP/1.1\" 200", "severity": "INFO", "module": "h11_impl", "funcName": "send", "lineno": 481, "ts": "2026-09-10T14:45:03.728304+00:00"}
{"message": "127.0.0.1:64913 - \"GET /assets/iconBase-Dv4KA39o.js HTTP/1.1\" 200", "severity": "INFO", "module": "h11_impl", "funcName": "send", "lineno": 481, "ts": "2026-09-10T14:45:03.729884+00:00"}
{"message": "127.0.0.1:64991 - \"GET /assets/card-BiCf3WY_.js HTTP/1.1\" 200", "severity": "INFO", "module": "h11_impl", "funcName": "send", "lineno": 481, "ts": "2026-09-10T14:45:03.730970+00:00"}
{"message": "127.0.0.1:64987 - \"GET /assets/card-title-DNMudsxn.js HTTP/1.1\" 200", "severity": "INFO", "module": "h11_impl", "funcName": "send", "lineno": 481, "ts": "2026-09-10T14:45:03.731937+00:00"}
{"message": "127.0.0.1:64985 - \"GET /assets/stacked-5ookcZbZ.js HTTP/1.1\" 200", "severity": "INFO", "module": "h11_impl", "funcName": "send", "lineno": 481, "ts": "2026-09-10T14:45:03.738363+00:00"}
{"message": "127.0.0.1:64987 - \"POST /api/authenticate HTTP/1.1\" 401", "severity": "INFO", "module": "h11_impl", "funcName": "send", "lineno": 481, "ts": "2026-09-10T14:45:03.748026+00:00"}
{"message": "127.0.0.1:64985 - \"GET /api/auth/capabilities HTTP/1.1\" 200", "severity": "INFO", "module": "h11_impl", "funcName": "send", "lineno": 481, "ts": "2026-09-10T14:45:03.749241+00:00"}
{"message": "127.0.0.1:65232 - \"POST /api/auth/login HTTP/1.1\" 401", "severity": "INFO", "module": "h11_impl", "funcName": "send", "lineno": 481, "ts": "2026-09-10T14:45:18.422989+00:00"}
{"message": "127.0.0.1:65232 - \"POST /api/authenticate HTTP/1.1\" 401", "severity": "INFO", "module": "h11_impl", "funcName": "send", "lineno": 481, "ts": "2026-09-10T14:45:18.426940+00:00"}
{"message": "127.0.0.1:65232 - \"POST /api/auth/login HTTP/1.1\" 200", "severity": "INFO", "module": "h11_impl", "funcName": "send", "lineno": 481, "ts": "2026-09-10T14:45:18.538850+00:00"}
{"message": "127.0.0.1:65232 - \"GET / HTTP/1.1\" 200", "severity": "INFO", "module": "h11_impl", "funcName": "send", "lineno": 481, "ts": "2026-09-10T14:45:18.548341+00:00"}
{"message": "127.0.0.1:65232 - \"GET /assets/manifest-d7f631c4.js HTTP/1.1\" 200", "severity": "INFO", "module": "h11_impl", "funcName": "send", "lineno": 481, "ts": "2026-09-10T14:45:18.562060+00:00"}
{"message": "127.0.0.1:65244 - \"GET /assets/root-D-LbRKNh.css HTTP/1.1\" 200", "severity": "INFO", "module": "h11_impl", "funcName": "send", "lineno": 481, "ts": "2026-09-10T14:45:18.566833+00:00"}
{"message": "127.0.0.1:65254 - \"GET /assets/query-keys-BSjaytiJ.js HTTP/1.1\" 200", "severity": "INFO", "module": "h11_impl", "funcName": "send", "lineno": 481, "ts": "2026-09-10T14:45:18.569173+00:00"}
{"message": "127.0.0.1:65262 - \"GET /assets/declaration-Bwok30Lo.js HTTP/1.1\" 200", "severity": "INFO", "module": "h11_impl", "funcName": "send", "lineno": 481, "ts": "2026-09-10T14:45:18.569726+00:00"}
{"message": "127.0.0.1:65232 - \"GET /assets/mutation-DSZmfvqD.js HTTP/1.1\" 200", "severity": "INFO", "module": "h11_impl", "funcName": "send", "lineno": 481, "ts": "2026-09-10T14:45:18.571084+00:00"}
{"message": "127.0.0.1:65270 - \"GET /assets/infiniteQueryBehavior-DZN75Mj9.js HTTP/1.1\" 200", "severity": "INFO", "module": "h11_impl", "funcName": "send", "lineno": 481, "ts": "2026-09-10T14:45:18.571222+00:00"}
{"message": "127.0.0.1:65274 - \"GET /assets/custom-toast-handlers-CAVHstGd.js HTTP/1.1\" 200", "severity": "INFO", "module": "h11_impl", "funcName": "send", "lineno": 481, "ts": "2026-09-10T14:45:18.573061+00:00"}
{"message": "127.0.0.1:65254 - \"GET /assets/use-invitation-M5_iS4Ov.js HTTP/1.1\" 200", "severity": "INFO", "module": "h11_impl", "funcName": "send", "lineno": 481, "ts": "2026-09-10T14:45:18.575792+00:00"}
{"message": "127.0.0.1:65262 - \"GET /assets/open-hands-axios-LzNSarGn.js HTTP/1.1\" 200", "severity": "INFO", "module": "h11_impl", "funcName": "send", "lineno": 481, "ts": "2026-09-10T14:45:18.577689+00:00"}
{"message": "127.0.0.1:65232 - \"GET /assets/entry.client-Dw7KE7hM.js HTTP/1.1\" 200", "severity": "INFO", "module": "h11_impl", "funcName": "send", "lineno": 481, "ts": "2026-09-10T14:45:18.578759+00:00"}
{"message": "127.0.0.1:65270 - \"GET /assets/query-client-config-C2aiFcZM.js HTTP/1.1\" 200", "severity": "INFO", "module": "h11_impl", "funcName": "send", "lineno": 481, "ts": "2026-09-10T14:45:18.579033+00:00"}
{"message": "127.0.0.1:65244 - \"GET /assets/index-Dt4MV93j.js HTTP/1.1\" 200", "severity": "INFO", "module": "h11_impl", "funcName": "send", "lineno": 481, "ts": "2026-09-10T14:45:18.579243+00:00"}
{"message": "127.0.0.1:65274 - \"GET /assets/index-CXoKay-T.js HTTP/1.1\" 200", "severity": "INFO", "module": "h11_impl", "funcName": "send", "lineno": 481, "ts": "2026-09-10T14:45:18.579617+00:00"}
{"message": "127.0.0.1:65254 - \"GET /assets/chunk-6CSD65Y2-UpbgoP9j.js HTTP/1.1\" 200", "severity": "INFO", "module": "h11_impl", "funcName": "send", "lineno": 481, "ts": "2026-09-10T14:45:18.581457+00:00"}
{"message": "127.0.0.1:65262 - \"GET /assets/preload-helper-Bc3Pu81E.js HTTP/1.1\" 200", "severity": "INFO", "module": "h11_impl", "funcName": "send", "lineno": 481, "ts": "2026-09-10T14:45:18.584708+00:00"}
{"message": "127.0.0.1:65270 - \"GET /assets/retrieve-axios-error-message-Dwxjb5f3.js HTTP/1.1\" 200", "severity": "INFO", "module": "h11_impl", "funcName": "send", "lineno": 481, "ts": "2026-09-10T14:45:18.585858+00:00"}
{"message": "127.0.0.1:65274 - \"GET /assets/rate-limit-retry-DdZplSiD.js HTTP/1.1\" 200", "severity": "INFO", "module": "h11_impl", "funcName": "send", "lineno": 481, "ts": "2026-09-10T14:45:18.586202+00:00"}
{"message": "127.0.0.1:65232 - \"GET /assets/index-tLtD-Cu0.js HTTP/1.1\" 200", "severity": "INFO", "module": "h11_impl", "funcName": "send", "lineno": 481, "ts": "2026-09-10T14:45:18.586961+00:00"}
{"message": "127.0.0.1:65244 - \"GET /assets/root-Cyf3bcFs.js HTTP/1.1\" 200", "severity": "INFO", "module": "h11_impl", "funcName": "send", "lineno": 481, "ts": "2026-09-10T14:45:18.587279+00:00"}
{"message": "127.0.0.1:65244 - \"GET /locales/en/translation.json HTTP/1.1\" 200", "severity": "INFO", "module": "h11_impl", "funcName": "send", "lineno": 481, "ts": "2026-09-10T14:45:18.600113+00:00"}
{"message": "127.0.0.1:65232 - \"GET /assets/root-layout-ClPiNWoF.js HTTP/1.1\" 200", "severity": "INFO", "module": "h11_impl", "funcName": "send", "lineno": 481, "ts": "2026-09-10T14:45:18.600476+00:00"}
{"message": "127.0.0.1:65274 - \"GET /assets/home-B9be-sc-.js HTTP/1.1\" 200", "severity": "INFO", "module": "h11_impl", "funcName": "send", "lineno": 481, "ts": "2026-09-10T14:45:18.601161+00:00"}
{"message": "127.0.0.1:65270 - \"GET /api/v1/web-client/config HTTP/1.1\" 200", "severity": "INFO", "module": "h11_impl", "funcName": "send", "lineno": 481, "ts": "2026-09-10T14:45:18.605604+00:00"}
{"message": "127.0.0.1:65254 - \"GET /assets/loading-spinner-sGH7m1sO.js HTTP/1.1\" 200", "severity": "INFO", "module": "h11_impl", "funcName": "send", "lineno": 481, "ts": "2026-09-10T14:45:18.613998+00:00"}
{"message": "127.0.0.1:65232 - \"GET /assets/sandbox-status-indicator-De-qu6-K.js HTTP/1.1\" 200", "severity": "INFO", "module": "h11_impl", "funcName": "send", "lineno": 481, "ts": "2026-09-10T14:45:18.614182+00:00"}
{"message": "127.0.0.1:65274 - \"GET /assets/use-config-Dh7W-dyl.js HTTP/1.1\" 200", "severity": "INFO", "module": "h11_impl", "funcName": "send", "lineno": 481, "ts": "2026-09-10T14:45:18.614264+00:00"}
{"message": "127.0.0.1:65270 - \"GET /assets/use-is-authed-D8E0h2Jo.js HTTP/1.1\" 200", "severity": "INFO", "module": "h11_impl", "funcName": "send", "lineno": 481, "ts": "2026-09-10T14:45:18.614594+00:00"}
{"message": "127.0.0.1:65244 - \"GET /assets/user-service.api-CSKE8tMw.js HTTP/1.1\" 200", "severity": "INFO", "module": "h11_impl", "funcName": "send", "lineno": 481, "ts": "2026-09-10T14:45:18.615098+00:00"}
{"message": "127.0.0.1:65262 - \"GET /assets/use-logout-SxGpq-OD.js HTTP/1.1\" 200", "severity": "INFO", "module": "h11_impl", "funcName": "send", "lineno": 481, "ts": "2026-09-10T14:45:18.615730+00:00"}
{"message": "127.0.0.1:65270 - \"GET /assets/utils-BYzDx4ip.js HTTP/1.1\" 200", "severity": "INFO", "module": "h11_impl", "funcName": "send", "lineno": 481, "ts": "2026-09-10T14:45:18.623690+00:00"}
{"message": "127.0.0.1:65262 - \"GET /assets/settings-gear-QGZieQG5.js HTTP/1.1\" 200", "severity": "INFO", "module": "h11_impl", "funcName": "send", "lineno": 481, "ts": "2026-09-10T14:45:18.624564+00:00"}
{"message": "127.0.0.1:65244 - \"GET /assets/settings-nav-divider-DNWs2xzQ.js HTTP/1.1\" 200", "severity": "INFO", "module": "h11_impl", "funcName": "send", "lineno": 481, "ts": "2026-09-10T14:45:18.624975+00:00"}
{"message": "127.0.0.1:65254 - \"GET /assets/useTranslation-i1xdxadn.js HTTP/1.1\" 200", "severity": "INFO", "module": "h11_impl", "funcName": "send", "lineno": 481, "ts": "2026-09-10T14:45:18.625268+00:00"}
{"message": "127.0.0.1:65232 - \"GET /assets/use-me-Dizf1yD1.js HTTP/1.1\" 200", "severity": "INFO", "module": "h11_impl", "funcName": "send", "lineno": 481, "ts": "2026-09-10T14:45:18.625446+00:00"}
{"message": "127.0.0.1:65274 - \"GET /assets/index-Cl4PwBnF.js HTTP/1.1\" 200", "severity": "INFO", "module": "h11_impl", "funcName": "send", "lineno": 481, "ts": "2026-09-10T14:45:18.625599+00:00"}
{"message": "127.0.0.1:65270 - \"GET /assets/index-BA1di30B.js HTTP/1.1\" 200", "severity": "INFO", "module": "h11_impl", "funcName": "send", "lineno": 481, "ts": "2026-09-10T14:45:18.631168+00:00"}
{"message": "127.0.0.1:65262 - \"GET /assets/context-menu-rVWPDAtP.js HTTP/1.1\" 200", "severity": "INFO", "module": "h11_impl", "funcName": "send", "lineno": 481, "ts": "2026-09-10T14:45:18.631916+00:00"}
{"message": "127.0.0.1:65244 - \"GET /assets/typography-CEll3mgr.js HTTP/1.1\" 200", "severity": "INFO", "module": "h11_impl", "funcName": "send", "lineno": 481, "ts": "2026-09-10T14:45:18.632835+00:00"}
{"message": "127.0.0.1:65254 - \"GET /assets/card-BiCf3WY_.js HTTP/1.1\" 200", "severity": "INFO", "module": "h11_impl", "funcName": "send", "lineno": 481, "ts": "2026-09-10T14:45:18.633041+00:00"}
{"message": "127.0.0.1:65274 - \"GET /assets/card-title-DNMudsxn.js HTTP/1.1\" 200", "severity": "INFO", "module": "h11_impl", "funcName": "send", "lineno": 481, "ts": "2026-09-10T14:45:18.633302+00:00"}
{"message": "127.0.0.1:65232 - \"GET /assets/stacked-5ookcZbZ.js HTTP/1.1\" 200", "severity": "INFO", "module": "h11_impl", "funcName": "send", "lineno": 481, "ts": "2026-09-10T14:45:18.633398+00:00"}
{"message": "127.0.0.1:65270 - \"GET /assets/chunk-AUA5GDXN-WvNegR2I.js HTTP/1.1\" 200", "severity": "INFO", "module": "h11_impl", "funcName": "send", "lineno": 481, "ts": "2026-09-10T14:45:18.638671+00:00"}
{"message": "127.0.0.1:65262 - \"GET /assets/use-should-hide-org-selector-CpSd0fQ-.js HTTP/1.1\" 200", "severity": "INFO", "module": "h11_impl", "funcName": "send", "lineno": 481, "ts": "2026-09-10T14:45:18.639131+00:00"}
{"message": "127.0.0.1:65244 - \"GET /assets/org-modal-BRTBwe_B.js HTTP/1.1\" 200", "severity": "INFO", "module": "h11_impl", "funcName": "send", "lineno": 481, "ts": "2026-09-10T14:45:18.640399+00:00"}
{"message": "127.0.0.1:65254 - \"GET /assets/settings-nav-header-Dnv4GU50.js HTTP/1.1\" 200", "severity": "INFO", "module": "h11_impl", "funcName": "send", "lineno": 481, "ts": "2026-09-10T14:45:18.640562+00:00"}
{"message": "127.0.0.1:65274 - \"GET /assets/use-app-mode-B54Qx7LS.js HTTP/1.1\" 200", "severity": "INFO", "module": "h11_impl", "funcName": "send", "lineno": 481, "ts": "2026-09-10T14:45:18.640652+00:00"}
{"message": "127.0.0.1:65232 - \"GET /assets/invite-organization-member-modal-D4MJ3CFv.js HTTP/1.1\" 200", "severity": "INFO", "module": "h11_impl", "funcName": "send", "lineno": 481, "ts": "2026-09-10T14:45:18.640974+00:00"}
{"message": "127.0.0.1:65270 - \"GET /assets/useMutation-8-YK4bsn.js HTTP/1.1\" 200", "severity": "INFO", "module": "h11_impl", "funcName": "send", "lineno": 481, "ts": "2026-09-10T14:45:18.646341+00:00"}
{"message": "127.0.0.1:65262 - \"GET /assets/organization-service.api-DAj5yeBR.js HTTP/1.1\" 200", "severity": "INFO", "module": "h11_impl", "funcName": "send", "lineno": 481, "ts": "2026-09-10T14:45:18.647076+00:00"}
{"message": "127.0.0.1:65254 - \"GET /assets/styled-tooltip-k9fZGNHu.js HTTP/1.1\" 200", "severity": "INFO", "module": "h11_impl", "funcName": "send", "lineno": 481, "ts": "2026-09-10T14:45:18.648387+00:00"}
{"message": "127.0.0.1:65244 - \"GET /assets/openhands-logo-DilX03Hr.js HTTP/1.1\" 200", "severity": "INFO", "module": "h11_impl", "funcName": "send", "lineno": 481, "ts": "2026-09-10T14:45:18.649163+00:00"}
{"message": "127.0.0.1:65232 - \"GET /assets/base-modal-8sJuGqdJ.js HTTP/1.1\" 200", "severity": "INFO", "module": "h11_impl", "funcName": "send", "lineno": 481, "ts": "2026-09-10T14:45:18.649696+00:00"}
{"message": "127.0.0.1:65274 - \"GET /assets/modal-backdrop-B5BF9mZF.js HTTP/1.1\" 200", "severity": "INFO", "module": "h11_impl", "funcName": "send", "lineno": 481, "ts": "2026-09-10T14:45:18.650103+00:00"}
{"message": "127.0.0.1:65270 - \"GET /assets/permissions-a6OWVwNd.js HTTP/1.1\" 200", "severity": "INFO", "module": "h11_impl", "funcName": "send", "lineno": 481, "ts": "2026-09-10T14:45:18.653997+00:00"}
{"message": "127.0.0.1:65262 - \"GET /assets/model-selector-B_esEVWk.js HTTP/1.1\" 200", "severity": "INFO", "module": "h11_impl", "funcName": "send", "lineno": 481, "ts": "2026-09-10T14:45:18.655138+00:00"}
{"message": "127.0.0.1:65244 - \"GET /assets/help-link-DcOVRYm_.js HTTP/1.1\" 200", "severity": "INFO", "module": "h11_impl", "funcName": "send", "lineno": 481, "ts": "2026-09-10T14:45:18.656882+00:00"}
{"message": "127.0.0.1:65254 - \"GET /assets/brand-button-CB2ZqR1E.js HTTP/1.1\" 200", "severity": "INFO", "module": "h11_impl", "funcName": "send", "lineno": 481, "ts": "2026-09-10T14:45:18.657041+00:00"}
{"message": "127.0.0.1:65232 - \"GET /assets/settings-input-DeV8o5x5.js HTTP/1.1\" 200", "severity": "INFO", "module": "h11_impl", "funcName": "send", "lineno": 481, "ts": "2026-09-10T14:45:18.657140+00:00"}
{"message": "127.0.0.1:65274 - \"GET /assets/use-save-settings-DbZtTQUT.js HTTP/1.1\" 200", "severity": "INFO", "module": "h11_impl", "funcName": "send", "lineno": 481, "ts": "2026-09-10T14:45:18.657216+00:00"}
{"message": "127.0.0.1:65270 - \"GET /assets/sdk-settings-schema-ysVUDYQY.js HTTP/1.1\" 200", "severity": "INFO", "module": "h11_impl", "funcName": "send", "lineno": 481, "ts": "2026-09-10T14:45:18.660427+00:00"}
{"message": "127.0.0.1:65262 - \"GET /assets/constants-BAVPcVUC.js HTTP/1.1\" 200", "severity": "INFO", "module": "h11_impl", "funcName": "send", "lineno": 481, "ts": "2026-09-10T14:45:18.662073+00:00"}
{"message": "127.0.0.1:65232 - \"GET /assets/v1-conversation-service.api-Bp7sNLu0.js HTTP/1.1\" 200", "severity": "INFO", "module": "h11_impl", "funcName": "send", "lineno": 481, "ts": "2026-09-10T14:45:18.663804+00:00"}
{"message": "127.0.0.1:65254 - \"GET /assets/use-settings-DDjmuEGm.js HTTP/1.1\" 200", "severity": "INFO", "module": "h11_impl", "funcName": "send", "lineno": 481, "ts": "2026-09-10T14:45:18.664155+00:00"}
{"message": "127.0.0.1:65244 - \"GET /assets/use-infinite-scroll-ug_PCwOE.js HTTP/1.1\" 200", "severity": "INFO", "module": "h11_impl", "funcName": "send", "lineno": 481, "ts": "2026-09-10T14:45:18.664281+00:00"}
{"message": "127.0.0.1:65274 - \"GET /assets/modal-body-C_1-4ovn.js HTTP/1.1\" 200", "severity": "INFO", "module": "h11_impl", "funcName": "send", "lineno": 481, "ts": "2026-09-10T14:45:18.664763+00:00"}
{"message": "127.0.0.1:65270 - \"GET /assets/agent-chip-icon-X2ZJp6do.js HTTP/1.1\" 200", "severity": "INFO", "module": "h11_impl", "funcName": "send", "lineno": 481, "ts": "2026-09-10T14:45:18.669004+00:00"}
{"message": "127.0.0.1:65262 - \"GET /assets/conversation-service.api-EKAoYc9o.js HTTP/1.1\" 200", "severity": "INFO", "module": "h11_impl", "funcName": "send", "lineno": 481, "ts": "2026-09-10T14:45:18.670161+00:00"}
{"message": "127.0.0.1:65232 - \"GET /assets/conversation-name-context-menu-icon-text-B1HvcP85.js HTTP/1.1\" 200", "severity": "INFO", "module": "h11_impl", "funcName": "send", "lineno": 481, "ts": "2026-09-10T14:45:18.671228+00:00"}
{"message": "127.0.0.1:65274 - \"GET /assets/u-edit-Cw7UgFQ4.js HTTP/1.1\" 200", "severity": "INFO", "module": "h11_impl", "funcName": "send", "lineno": 481, "ts": "2026-09-10T14:45:18.671353+00:00"}
{"message": "127.0.0.1:65254 - \"GET /assets/format-time-delta-CgY-HPrl.js HTTP/1.1\" 200", "severity": "INFO", "module": "h11_impl", "funcName": "send", "lineno": 481, "ts": "2026-09-10T14:45:18.671860+00:00"}
{"message": "127.0.0.1:65244 - \"GET /assets/u-delete-CqpdoXH5.js HTTP/1.1\" 200", "severity": "INFO", "module": "h11_impl", "funcName": "send", "lineno": 481, "ts": "2026-09-10T14:45:18.672309+00:00"}
{"message": "127.0.0.1:65270 - \"GET /assets/index-BR5f3GK5.js HTTP/1.1\" 200", "severity": "INFO", "module": "h11_impl", "funcName": "send", "lineno": 481, "ts": "2026-09-10T14:45:18.674247+00:00"}
{"message": "127.0.0.1:65262 - \"GET /assets/index-CcBMHdO5.js HTTP/1.1\" 200", "severity": "INFO", "module": "h11_impl", "funcName": "send", "lineno": 481, "ts": "2026-09-10T14:45:18.676009+00:00"}
{"message": "127.0.0.1:65274 - \"GET /assets/azure-devops-logo-DXPdTsmh.js HTTP/1.1\" 200", "severity": "INFO", "module": "h11_impl", "funcName": "send", "lineno": 481, "ts": "2026-09-10T14:45:18.677252+00:00"}
{"message": "127.0.0.1:65232 - \"GET /assets/handle-capture-consent-BKBd3oL3.js HTTP/1.1\" 200", "severity": "INFO", "module": "h11_impl", "funcName": "send", "lineno": 481, "ts": "2026-09-10T14:45:18.677406+00:00"}
{"message": "127.0.0.1:65244 - \"GET /assets/local-storage-BL98fNWo.js HTTP/1.1\" 200", "severity": "INFO", "module": "h11_impl", "funcName": "send", "lineno": 481, "ts": "2026-09-10T14:45:18.677923+00:00"}
{"message": "127.0.0.1:65254 - \"GET /assets/use-auth-capabilities-EIdFh3Uu.js HTTP/1.1\" 200", "severity": "INFO", "module": "h11_impl", "funcName": "send", "lineno": 481, "ts": "2026-09-10T14:45:18.678027+00:00"}
{"message": "127.0.0.1:65270 - \"GET /assets/use-auth-url-M2suDX2e.js HTTP/1.1\" 200", "severity": "INFO", "module": "h11_impl", "funcName": "send", "lineno": 481, "ts": "2026-09-10T14:45:18.679007+00:00"}
{"message": "127.0.0.1:65262 - \"GET /assets/cross-app-redirect-CA1RAd_9.js HTTP/1.1\" 200", "severity": "INFO", "module": "h11_impl", "funcName": "send", "lineno": 481, "ts": "2026-09-10T14:45:18.681277+00:00"}
{"message": "127.0.0.1:65274 - \"GET /assets/use-organizations-Du6jQWrG.js HTTP/1.1\" 200", "severity": "INFO", "module": "h11_impl", "funcName": "send", "lineno": 481, "ts": "2026-09-10T14:45:18.682581+00:00"}
{"message": "127.0.0.1:65232 - \"GET /assets/use-onboarding-status-D8-nDDLa.js HTTP/1.1\" 200", "severity": "INFO", "module": "h11_impl", "funcName": "send", "lineno": 481, "ts": "2026-09-10T14:45:18.682817+00:00"}
{"message": "127.0.0.1:65254 - \"GET /assets/close-5k7m9tBa.js HTTP/1.1\" 200", "severity": "INFO", "module": "h11_impl", "funcName": "send", "lineno": 481, "ts": "2026-09-10T14:45:18.683206+00:00"}
{"message": "127.0.0.1:65244 - \"GET /assets/use-user-conversation-Cid1kHvb.js HTTP/1.1\" 200", "severity": "INFO", "module": "h11_impl", "funcName": "send", "lineno": 481, "ts": "2026-09-10T14:45:18.683758+00:00"}
{"message": "127.0.0.1:65270 - \"GET /assets/auth-service.api-DG-mQZWV.js HTTP/1.1\" 200", "severity": "INFO", "module": "h11_impl", "funcName": "send", "lineno": 481, "ts": "2026-09-10T14:45:18.685050+00:00"}
{"message": "127.0.0.1:65262 - \"GET /assets/use-user-providers-De-NIh9j.js HTTP/1.1\" 200", "severity": "INFO", "module": "h11_impl", "funcName": "send", "lineno": 481, "ts": "2026-09-10T14:45:18.687109+00:00"}
{"message": "127.0.0.1:65232 - \"GET /assets/useInfiniteQuery-bO1xC7Iy.js HTTP/1.1\" 200", "severity": "INFO", "module": "h11_impl", "funcName": "send", "lineno": 481, "ts": "2026-09-10T14:45:18.689265+00:00"}
{"message": "127.0.0.1:65254 - \"GET /assets/dropdown-npgxgKWR.js HTTP/1.1\" 200", "severity": "INFO", "module": "h11_impl", "funcName": "send", "lineno": 481, "ts": "2026-09-10T14:45:18.689751+00:00"}
{"message": "127.0.0.1:65274 - \"GET /assets/iconBase-Dv4KA39o.js HTTP/1.1\" 200", "severity": "INFO", "module": "h11_impl", "funcName": "send", "lineno": 481, "ts": "2026-09-10T14:45:18.690034+00:00"}
{"message": "127.0.0.1:65244 - \"GET /assets/downshift.esm-BbaUJ_tW.js HTTP/1.1\" 200", "severity": "INFO", "module": "h11_impl", "funcName": "send", "lineno": 481, "ts": "2026-09-10T14:45:18.690719+00:00"}
{"message": "127.0.0.1:65270 - \"GET /assets/createLucideIcon-BxzTDeUp.js HTTP/1.1\" 200", "severity": "INFO", "module": "h11_impl", "funcName": "send", "lineno": 481, "ts": "2026-09-10T14:45:18.691144+00:00"}
{"message": "127.0.0.1:65262 - \"GET /assets/x-BsgLjmSr.js HTTP/1.1\" 200", "severity": "INFO", "module": "h11_impl", "funcName": "send", "lineno": 481, "ts": "2026-09-10T14:45:18.693560+00:00"}
{"message": "127.0.0.1:65232 - \"GET /assets/chevron-down-DJLF3NWr.js HTTP/1.1\" 200", "severity": "INFO", "module": "h11_impl", "funcName": "send", "lineno": 481, "ts": "2026-09-10T14:45:18.696039+00:00"}
{"message": "127.0.0.1:65254 - \"GET /assets/u-puzzle-piece-DZAj73nM.js HTTP/1.1\" 200", "severity": "INFO", "module": "h11_impl", "funcName": "send", "lineno": 481, "ts": "2026-09-10T14:45:18.696433+00:00"}
{"message": "127.0.0.1:65274 - \"GET /assets/user-BZaYcIDI.js HTTP/1.1\" 200", "severity": "INFO", "module": "h11_impl", "funcName": "send", "lineno": 481, "ts": "2026-09-10T14:45:18.696651+00:00"}
{"message": "127.0.0.1:65270 - \"GET /assets/billing-visibility-D5M6Ccfy.js HTTP/1.1\" 200", "severity": "INFO", "module": "h11_impl", "funcName": "send", "lineno": 481, "ts": "2026-09-10T14:45:18.698119+00:00"}
{"message": "127.0.0.1:65244 - \"GET /assets/use-permissions-Cw6_6mp8.js HTTP/1.1\" 200", "severity": "INFO", "module": "h11_impl", "funcName": "send", "lineno": 481, "ts": "2026-09-10T14:45:18.698868+00:00"}
{"message": "127.0.0.1:65262 - \"GET /assets/Trans-B9E-JHZU.js HTTP/1.1\" 200", "severity": "INFO", "module": "h11_impl", "funcName": "send", "lineno": 481, "ts": "2026-09-10T14:45:18.699393+00:00"}
{"message": "127.0.0.1:65232 - \"GET /assets/index-OXd_jqD1.js HTTP/1.1\" 200", "severity": "INFO", "module": "h11_impl", "funcName": "send", "lineno": 481, "ts": "2026-09-10T14:45:18.703144+00:00"}
{"message": "127.0.0.1:65274 - \"GET /assets/input-validation-hr7xwKOy.js HTTP/1.1\" 200", "severity": "INFO", "module": "h11_impl", "funcName": "send", "lineno": 481, "ts": "2026-09-10T14:45:18.703307+00:00"}
{"message": "127.0.0.1:65254 - \"GET /assets/chunk-RXKUWVQZ-D1OtVlZP.js HTTP/1.1\" 200", "severity": "INFO", "module": "h11_impl", "funcName": "send", "lineno": 481, "ts": "2026-09-10T14:45:18.703529+00:00"}
{"message": "127.0.0.1:65270 - \"GET /assets/optional-tag-CEdAG4AY.js HTTP/1.1\" 200", "severity": "INFO", "module": "h11_impl", "funcName": "send", "lineno": 481, "ts": "2026-09-10T14:45:18.704859+00:00"}
{"message": "127.0.0.1:65244 - \"GET /assets/openhands-logo-white-cxeMkDJA.js HTTP/1.1\" 200", "severity": "INFO", "module": "h11_impl", "funcName": "send", "lineno": 481, "ts": "2026-09-10T14:45:18.704962+00:00"}
{"message": "127.0.0.1:65262 - \"GET /assets/sandbox-service.api--HJWqUv9.js HTTP/1.1\" 200", "severity": "INFO", "module": "h11_impl", "funcName": "send", "lineno": 481, "ts": "2026-09-10T14:45:18.706964+00:00"}
{"message": "127.0.0.1:65274 - \"GET /assets/use-create-conversation-Cq1eb-NT.js HTTP/1.1\" 200", "severity": "INFO", "module": "h11_impl", "funcName": "send", "lineno": 481, "ts": "2026-09-10T14:45:18.711513+00:00"}
{"message": "127.0.0.1:65270 - \"GET /assets/git-repo-dropdown-g69fC8tx.js HTTP/1.1\" 200", "severity": "INFO", "module": "h11_impl", "funcName": "send", "lineno": 481, "ts": "2026-09-10T14:45:18.712561+00:00"}
{"message": "127.0.0.1:65244 - \"GET /assets/optimistic-user-message-store-Cxxipzgc.js HTTP/1.1\" 200", "severity": "INFO", "module": "h11_impl", "funcName": "send", "lineno": 481, "ts": "2026-09-10T14:45:18.712825+00:00"}
{"message": "127.0.0.1:65254 - \"GET /assets/use-debounce-Ws-HtAm7.js HTTP/1.1\" 200", "severity": "INFO", "module": "h11_impl", "funcName": "send", "lineno": 481, "ts": "2026-09-10T14:45:18.713130+00:00"}
{"message": "127.0.0.1:65262 - \"GET /assets/settings-yZvhRmJJ.js HTTP/1.1\" 200", "severity": "INFO", "module": "h11_impl", "funcName": "send", "lineno": 481, "ts": "2026-09-10T14:45:18.714302+00:00"}
{"message": "127.0.0.1:65262 - \"GET /api/auth/csrf HTTP/1.1\" 200", "severity": "INFO", "module": "h11_impl", "funcName": "send", "lineno": 481, "ts": "2026-09-10T14:45:18.723710+00:00"}
{"message": "127.0.0.1:65254 - \"GET /api/auth/capabilities HTTP/1.1\" 200", "severity": "INFO", "module": "h11_impl", "funcName": "send", "lineno": 481, "ts": "2026-09-10T14:45:18.723876+00:00"}
{"message": "127.0.0.1:65254 - \"POST /api/authenticate HTTP/1.1\" 200", "severity": "INFO", "module": "h11_impl", "funcName": "send", "lineno": 481, "ts": "2026-09-10T14:45:18.734104+00:00"}
{"message": "127.0.0.1:65262 - \"GET /assets/gestures-JaRNb3Lx.js HTTP/1.1\" 200", "severity": "INFO", "module": "h11_impl", "funcName": "send", "lineno": 481, "ts": "2026-09-10T14:45:18.752458+00:00"}
{"message": "127.0.0.1:65254 - \"GET /assets/index-DWt18b-i.js HTTP/1.1\" 200", "severity": "INFO", "module": "h11_impl", "funcName": "send", "lineno": 481, "ts": "2026-09-10T14:45:18.752634+00:00"}
{"message": "Listing organizations for user", "severity": "INFO", "module": "orgs", "funcName": "list_user_orgs", "lineno": 161, "user_id": "0dfec177-08aa-4cac-8292-e33dc9fd377e", "page_id": null, "limit": 100, "ts": "2026-09-10T14:45:18.770678+00:00"}
{"message": "Successfully retrieved organizations", "severity": "INFO", "module": "orgs", "funcName": "list_user_orgs", "lineno": 189, "user_id": "0dfec177-08aa-4cac-8292-e33dc9fd377e", "org_count": 1, "has_more": false, "ts": "2026-09-10T14:45:18.786597+00:00"}
{"message": "127.0.0.1:65244 - \"GET /api/organizations HTTP/1.1\" 200", "severity": "INFO", "module": "h11_impl", "funcName": "send", "lineno": 481, "ts": "2026-09-10T14:45:18.787507+00:00"}
{"message": "127.0.0.1:65270 - \"GET /api/v1/app-conversations/search?limit=10 HTTP/1.1\" 200", "severity": "INFO", "module": "h11_impl", "funcName": "send", "lineno": 481, "ts": "2026-09-10T14:45:18.822664+00:00"}
{"message": "127.0.0.1:65274 - \"GET /api/onboarding_status HTTP/1.1\" 200", "severity": "INFO", "module": "h11_impl", "funcName": "send", "lineno": 481, "ts": "2026-09-10T14:45:19.780300+00:00"}
{"message": "Retrieving current member details", "severity": "INFO", "module": "orgs", "funcName": "get_me", "lineno": 661, "user_id": "0dfec177-08aa-4cac-8292-e33dc9fd377e", "org_id": "0dfec177-08aa-4cac-8292-e33dc9fd377e", "ts": "2026-09-10T14:45:19.843910+00:00"}
{"message": "127.0.0.1:65270 - \"GET /api/organizations/0dfec177-08aa-4cac-8292-e33dc9fd377e/me HTTP/1.1\" 200", "severity": "INFO", "module": "h11_impl", "funcName": "send", "lineno": 481, "ts": "2026-09-10T14:45:19.855726+00:00"}
{"message": "127.0.0.1:65244 - \"GET /api/v1/settings HTTP/1.1\" 200", "severity": "INFO", "module": "h11_impl", "funcName": "send", "lineno": 481, "ts": "2026-09-10T14:45:19.874396+00:00"}
{"message": "127.0.0.1:65270 - \"GET /api/v1/git/installations/search?provider=github&limit=100 HTTP/1.1\" 200", "severity": "INFO", "module": "h11_impl", "funcName": "send", "lineno": 481, "ts": "2026-09-10T14:45:19.924284+00:00"}
{"message": "127.0.0.1:65244 - \"GET /api/v1/users/git-info HTTP/1.1\" 200", "severity": "INFO", "module": "h11_impl", "funcName": "send", "lineno": 481, "ts": "2026-09-10T14:45:19.924823+00:00"}
{"message": "Error processing PR response: 'user'", "severity": "INFO", "module": "features", "funcName": "get_suggested_tasks", "lineno": 96, "signal": "github_suggested_tasks", "user_id": "0dfec177-08aa-4cac-8292-e33dc9fd377e", "ts": "2026-09-10T14:45:19.926647+00:00"}
{"message": "Error processing issue response: 'user'", "severity": "INFO", "module": "features", "funcName": "get_suggested_tasks", "lineno": 130, "signal": "github_suggested_tasks", "user_id": "0dfec177-08aa-4cac-8292-e33dc9fd377e", "ts": "2026-09-10T14:45:19.926774+00:00"}
{"message": "127.0.0.1:65274 - \"GET /api/v1/git/suggested-tasks/search?limit=30 HTTP/1.1\" 200", "severity": "INFO", "module": "h11_impl", "funcName": "send", "lineno": 481, "ts": "2026-09-10T14:45:19.927184+00:00"}
{"message": "127.0.0.1:65294 - \"GET /api/auth/csrf HTTP/1.1\" 200", "severity": "INFO", "module": "h11_impl", "funcName": "send", "lineno": 481, "ts": "2026-09-10T14:45:42.001640+00:00"}
{"message": "127.0.0.1:65294 - \"POST /api/auth/password/forgot HTTP/1.1\" 200", "severity": "INFO", "module": "h11_impl", "funcName": "send", "lineno": 481, "ts": "2026-09-10T14:45:42.010578+00:00"}
{"message": "127.0.0.1:65294 - \"POST /api/auth/password/forgot HTTP/1.1\" 200", "severity": "INFO", "module": "h11_impl", "funcName": "send", "lineno": 481, "ts": "2026-09-10T14:45:42.020464+00:00"}
{"message": "127.0.0.1:65483 - \"GET /api/auth/csrf HTTP/1.1\" 200", "severity": "INFO", "module": "h11_impl", "funcName": "send", "lineno": 481, "ts": "2026-09-10T14:46:56.879812+00:00"}
{"message": "127.0.0.1:65483 - \"POST /api/auth/login HTTP/1.1\" 200", "severity": "INFO", "module": "h11_impl", "funcName": "send", "lineno": 481, "ts": "2026-09-10T14:46:56.942842+00:00"}
{"message": "127.0.0.1:65483 - \"GET /api/auth/csrf HTTP/1.1\" 200", "severity": "INFO", "module": "h11_impl", "funcName": "send", "lineno": 481, "ts": "2026-09-10T14:46:56.944682+00:00"}
{"message": "127.0.0.1:65483 - \"POST /api/admin/users/82396d1b-8198-4275-972a-ae0a386b92de/enable HTTP/1.1\" 200", "severity": "INFO", "module": "h11_impl", "funcName": "send", "lineno": 481, "ts": "2026-09-10T14:46:56.970920+00:00"}
{"message": "127.0.0.1:65485 - \"GET /api/auth/csrf HTTP/1.1\" 200", "severity": "INFO", "module": "h11_impl", "funcName": "send", "lineno": 481, "ts": "2026-09-10T14:46:56.973327+00:00"}
{"message": "Redirecting user to onboarding", "severity": "INFO", "module": "admission", "funcName": "_get_post_auth_redirect", "lineno": 329, "user_id": "82396d1b-8198-4275-972a-ae0a386b92de", "deployment_mode": "self_hosted", "ts": "2026-09-10T14:46:57.028221+00:00"}
{"message": "127.0.0.1:65485 - \"POST /api/auth/login HTTP/1.1\" 200", "severity": "INFO", "module": "h11_impl", "funcName": "send", "lineno": 481, "ts": "2026-09-10T14:46:57.028847+00:00"}
{"message": "Device authorization initiated", "severity": "INFO", "module": "oauth_device", "funcName": "device_authorization", "lineno": 104, "user_code": "CPSH23V9", "ts": "2026-09-10T14:46:57.037840+00:00"}
{"message": "127.0.0.1:65487 - \"POST /oauth/device/authorize HTTP/1.1\" 200", "severity": "INFO", "module": "h11_impl", "funcName": "send", "lineno": 481, "ts": "2026-09-10T14:46:57.038711+00:00"}
{"message": "127.0.0.1:65483 - \"GET /api/auth/csrf HTTP/1.1\" 200", "severity": "INFO", "module": "h11_impl", "funcName": "send", "lineno": 481, "ts": "2026-09-10T14:46:57.039915+00:00"}
{"message": "Created new device API key for user after successful authorization", "severity": "INFO", "module": "oauth_device", "funcName": "device_verification_authenticated", "lineno": 295, "user_id": "0dfec177-08aa-4cac-8292-e33dc9fd377e", "user_code": "CPSH23V9", "ts": "2026-09-10T14:46:57.054642+00:00"}
{"message": "Device code authorized with API key successfully", "severity": "INFO", "module": "oauth_device", "funcName": "device_verification_authenticated", "lineno": 326, "user_code": "CPSH23V9", "user_id": "0dfec177-08aa-4cac-8292-e33dc9fd377e", "ts": "2026-09-10T14:46:57.054757+00:00"}
{"message": "127.0.0.1:65483 - \"POST /oauth/device/verify-authenticated HTTP/1.1\" 200", "severity": "INFO", "module": "h11_impl", "funcName": "send", "lineno": 481, "ts": "2026-09-10T14:46:57.058105+00:00"}
{"message": "127.0.0.1:65487 - \"POST /oauth/device/token HTTP/1.1\" 200", "severity": "INFO", "module": "h11_impl", "funcName": "send", "lineno": 481, "ts": "2026-09-10T14:46:57.064042+00:00"}
{"message": "127.0.0.1:65491 - \"GET /api/v1/users/me HTTP/1.1\" 401", "severity": "INFO", "module": "h11_impl", "funcName": "send", "lineno": 481, "ts": "2026-09-10T14:46:57.845616+00:00"}
{"message": "Device authorization initiated", "severity": "INFO", "module": "oauth_device", "funcName": "device_authorization", "lineno": 104, "user_code": "NTU5YFY7", "ts": "2026-09-10T14:46:58.079872+00:00"}
{"message": "127.0.0.1:65487 - \"POST /oauth/device/authorize HTTP/1.1\" 200", "severity": "INFO", "module": "h11_impl", "funcName": "send", "lineno": 481, "ts": "2026-09-10T14:46:58.080622+00:00"}
{"message": "127.0.0.1:65485 - \"GET /api/auth/csrf HTTP/1.1\" 200", "severity": "INFO", "module": "h11_impl", "funcName": "send", "lineno": 481, "ts": "2026-09-10T14:46:58.083941+00:00"}
{"message": "Created new device API key for user after successful authorization", "severity": "INFO", "module": "oauth_device", "funcName": "device_verification_authenticated", "lineno": 295, "user_id": "82396d1b-8198-4275-972a-ae0a386b92de", "user_code": "NTU5YFY7", "ts": "2026-09-10T14:46:58.114084+00:00"}
{"message": "Device code authorized with API key successfully", "severity": "INFO", "module": "oauth_device", "funcName": "device_verification_authenticated", "lineno": 326, "user_code": "NTU5YFY7", "user_id": "82396d1b-8198-4275-972a-ae0a386b92de", "ts": "2026-09-10T14:46:58.114399+00:00"}
{"message": "127.0.0.1:65485 - \"POST /oauth/device/verify-authenticated HTTP/1.1\" 200", "severity": "INFO", "module": "h11_impl", "funcName": "send", "lineno": 481, "ts": "2026-09-10T14:46:58.118981+00:00"}
{"message": "127.0.0.1:65487 - \"POST /oauth/device/token HTTP/1.1\" 200", "severity": "INFO", "module": "h11_impl", "funcName": "send", "lineno": 481, "ts": "2026-09-10T14:46:58.127613+00:00"}
{"message": "127.0.0.1:65483 - \"GET /api/v1/app-conversations?ids=5daaf17b-44b9-47d5-9527-74f5a1842d34 HTTP/1.1\" 200", "severity": "INFO", "module": "h11_impl", "funcName": "send", "lineno": 481, "ts": "2026-09-10T14:46:58.182899+00:00"}
{"message": "127.0.0.1:65487 - \"GET /api/v1/users/me?expose_secrets=true HTTP/1.1\" 200", "severity": "INFO", "module": "h11_impl", "funcName": "send", "lineno": 481, "ts": "2026-09-10T14:46:58.225486+00:00"}
{"message": "Session key user mismatch: sandbox owner=0dfec177-08aa-4cac-8292-e33dc9fd377e, caller=82396d1b-8198-4275-972a-ae0a386b92de", "severity": "WARNING", "module": "session_auth", "funcName": "validate_session_key_ownership", "lineno": 131, "ts": "2026-09-10T14:46:58.242237+00:00"}
{"message": "127.0.0.1:65487 - \"GET /api/v1/users/me?expose_secrets=true HTTP/1.1\" 403", "severity": "INFO", "module": "h11_impl", "funcName": "send", "lineno": 481, "ts": "2026-09-10T14:46:58.243163+00:00"}
{"message": "127.0.0.1:65502 - \"GET /api/v1/sandboxes/17rgXwQQycctDgETVPnwOK/settings/secrets HTTP/1.1\" 401", "severity": "INFO", "module": "h11_impl", "funcName": "send", "lineno": 481, "ts": "2026-09-10T14:46:58.247923+00:00"}
{"message": "127.0.0.1:65502 - \"GET /api/v1/sandboxes/17rgXwQQycctDgETVPnwOK/settings/secrets HTTP/1.1\" 401", "severity": "INFO", "module": "h11_impl", "funcName": "send", "lineno": 481, "ts": "2026-09-10T14:46:58.249893+00:00"}
{"message": "127.0.0.1:65502 - \"GET /api/v1/sandboxes/17rgXwQQycctDgETVPnwOK/settings/secrets HTTP/1.1\" 200", "severity": "INFO", "module": "h11_impl", "funcName": "send", "lineno": 481, "ts": "2026-09-10T14:46:58.276218+00:00"}
{"message": "127.0.0.1:65502 - \"GET /api/v1/sandboxes/17rgXwQQycctDgETVPnwOK/settings/secrets/github_token HTTP/1.1\" 200", "severity": "INFO", "module": "h11_impl", "funcName": "send", "lineno": 481, "ts": "2026-09-10T14:46:58.296185+00:00"}
{"message": "127.0.0.1:65502 - \"GET /api/v1/sandboxes/not-owned/settings/secrets/github_token HTTP/1.1\" 403", "severity": "INFO", "module": "h11_impl", "funcName": "send", "lineno": 481, "ts": "2026-09-10T14:46:59.303622+00:00"}
{"message": "127.0.0.1:65483 - \"GET /api/auth/csrf HTTP/1.1\" 200", "severity": "INFO", "module": "h11_impl", "funcName": "send", "lineno": 481, "ts": "2026-09-10T14:46:59.305708+00:00"}
{"message": "127.0.0.1:65483 - \"POST /api/admin/users/82396d1b-8198-4275-972a-ae0a386b92de/disable HTTP/1.1\" 200", "severity": "INFO", "module": "h11_impl", "funcName": "send", "lineno": 481, "ts": "2026-09-10T14:46:59.343942+00:00"}
{"message": "127.0.0.1:65523 - \"GET /login HTTP/1.1\" 200", "severity": "INFO", "module": "h11_impl", "funcName": "send", "lineno": 481, "ts": "2026-09-10T14:47:29.386001+00:00"}
{"message": "127.0.0.1:65523 - \"GET /assets/manifest-d7f631c4.js HTTP/1.1\" 200", "severity": "INFO", "module": "h11_impl", "funcName": "send", "lineno": 481, "ts": "2026-09-10T14:47:29.413651+00:00"}
{"message": "127.0.0.1:49177 - \"GET /assets/root-D-LbRKNh.css HTTP/1.1\" 200", "severity": "INFO", "module": "h11_impl", "funcName": "send", "lineno": 481, "ts": "2026-09-10T14:47:29.421742+00:00"}
{"message": "127.0.0.1:49181 - \"GET /assets/index-Dt4MV93j.js HTTP/1.1\" 200", "severity": "INFO", "module": "h11_impl", "funcName": "send", "lineno": 481, "ts": "2026-09-10T14:47:29.422081+00:00"}
{"message": "127.0.0.1:49179 - \"GET /assets/entry.client-Dw7KE7hM.js HTTP/1.1\" 200", "severity": "INFO", "module": "h11_impl", "funcName": "send", "lineno": 481, "ts": "2026-09-10T14:47:29.422473+00:00"}
{"message": "127.0.0.1:49183 - \"GET /assets/chunk-6CSD65Y2-UpbgoP9j.js HTTP/1.1\" 200", "severity": "INFO", "module": "h11_impl", "funcName": "send", "lineno": 481, "ts": "2026-09-10T14:47:29.423087+00:00"}
{"message": "127.0.0.1:49185 - \"GET /assets/query-keys-BSjaytiJ.js HTTP/1.1\" 200", "severity": "INFO", "module": "h11_impl", "funcName": "send", "lineno": 481, "ts": "2026-09-10T14:47:29.423562+00:00"}
{"message": "127.0.0.1:65523 - \"GET /assets/index-tLtD-Cu0.js HTTP/1.1\" 200", "severity": "INFO", "module": "h11_impl", "funcName": "send", "lineno": 481, "ts": "2026-09-10T14:47:29.424594+00:00"}
{"message": "127.0.0.1:49185 - \"GET /assets/index-CXoKay-T.js HTTP/1.1\" 200", "severity": "INFO", "module": "h11_impl", "funcName": "send", "lineno": 481, "ts": "2026-09-10T14:47:29.435084+00:00"}
{"message": "127.0.0.1:49183 - \"GET /assets/preload-helper-Bc3Pu81E.js HTTP/1.1\" 200", "severity": "INFO", "module": "h11_impl", "funcName": "send", "lineno": 481, "ts": "2026-09-10T14:47:29.436209+00:00"}
{"message": "127.0.0.1:49181 - \"GET /assets/retrieve-axios-error-message-Dwxjb5f3.js HTTP/1.1\" 200", "severity": "INFO", "module": "h11_impl", "funcName": "send", "lineno": 481, "ts": "2026-09-10T14:47:29.436856+00:00"}
{"message": "127.0.0.1:65523 - \"GET /assets/declaration-Bwok30Lo.js HTTP/1.1\" 200", "severity": "INFO", "module": "h11_impl", "funcName": "send", "lineno": 481, "ts": "2026-09-10T14:47:29.436975+00:00"}
{"message": "127.0.0.1:49179 - \"GET /assets/custom-toast-handlers-CAVHstGd.js HTTP/1.1\" 200", "severity": "INFO", "module": "h11_impl", "funcName": "send", "lineno": 481, "ts": "2026-09-10T14:47:29.438079+00:00"}
{"message": "127.0.0.1:49177 - \"GET /assets/rate-limit-retry-DdZplSiD.js HTTP/1.1\" 200", "severity": "INFO", "module": "h11_impl", "funcName": "send", "lineno": 481, "ts": "2026-09-10T14:47:29.439851+00:00"}
{"message": "127.0.0.1:49185 - \"GET /assets/mutation-DSZmfvqD.js HTTP/1.1\" 200", "severity": "INFO", "module": "h11_impl", "funcName": "send", "lineno": 481, "ts": "2026-09-10T14:47:29.444688+00:00"}
{"message": "127.0.0.1:49183 - \"GET /assets/open-hands-axios-LzNSarGn.js HTTP/1.1\" 200", "severity": "INFO", "module": "h11_impl", "funcName": "send", "lineno": 481, "ts": "2026-09-10T14:47:29.445373+00:00"}
{"message": "127.0.0.1:49181 - \"GET /assets/infiniteQueryBehavior-DZN75Mj9.js HTTP/1.1\" 200", "severity": "INFO", "module": "h11_impl", "funcName": "send", "lineno": 481, "ts": "2026-09-10T14:47:29.446543+00:00"}
{"message": "127.0.0.1:65523 - \"GET /assets/use-invitation-M5_iS4Ov.js HTTP/1.1\" 200", "severity": "INFO", "module": "h11_impl", "funcName": "send", "lineno": 481, "ts": "2026-09-10T14:47:29.447087+00:00"}
{"message": "127.0.0.1:49179 - \"GET /assets/root-Cyf3bcFs.js HTTP/1.1\" 200", "severity": "INFO", "module": "h11_impl", "funcName": "send", "lineno": 481, "ts": "2026-09-10T14:47:29.447299+00:00"}
{"message": "127.0.0.1:49177 - \"GET /assets/query-client-config-C2aiFcZM.js HTTP/1.1\" 200", "severity": "INFO", "module": "h11_impl", "funcName": "send", "lineno": 481, "ts": "2026-09-10T14:47:29.447877+00:00"}
{"message": "127.0.0.1:49177 - \"GET /locales/en/translation.json HTTP/1.1\" 200", "severity": "INFO", "module": "h11_impl", "funcName": "send", "lineno": 481, "ts": "2026-09-10T14:47:29.463401+00:00"}
{"message": "127.0.0.1:49179 - \"GET /assets/login-CMNc1VtQ.js HTTP/1.1\" 200", "severity": "INFO", "module": "h11_impl", "funcName": "send", "lineno": 481, "ts": "2026-09-10T14:47:29.463581+00:00"}
{"message": "127.0.0.1:65523 - \"GET /api/v1/web-client/config HTTP/1.1\" 200", "severity": "INFO", "module": "h11_impl", "funcName": "send", "lineno": 481, "ts": "2026-09-10T14:47:29.488180+00:00"}
{"message": "127.0.0.1:65523 - \"GET /assets/use-is-authed-D8E0h2Jo.js HTTP/1.1\" 200", "severity": "INFO", "module": "h11_impl", "funcName": "send", "lineno": 481, "ts": "2026-09-10T14:47:29.499442+00:00"}
{"message": "127.0.0.1:49177 - \"GET /assets/use-config-Dh7W-dyl.js HTTP/1.1\" 200", "severity": "INFO", "module": "h11_impl", "funcName": "send", "lineno": 481, "ts": "2026-09-10T14:47:29.500817+00:00"}
{"message": "127.0.0.1:49179 - \"GET /assets/use-auth-url-M2suDX2e.js HTTP/1.1\" 200", "severity": "INFO", "module": "h11_impl", "funcName": "send", "lineno": 481, "ts": "2026-09-10T14:47:29.502035+00:00"}
{"message": "127.0.0.1:49183 - \"GET /assets/index-CcBMHdO5.js HTTP/1.1\" 200", "severity": "INFO", "module": "h11_impl", "funcName": "send", "lineno": 481, "ts": "2026-09-10T14:47:29.502304+00:00"}
{"message": "127.0.0.1:49181 - \"GET /assets/use-email-verification-S6_uU7s7.js HTTP/1.1\" 200", "severity": "INFO", "module": "h11_impl", "funcName": "send", "lineno": 481, "ts": "2026-09-10T14:47:29.502409+00:00"}
{"message": "127.0.0.1:49185 - \"GET /assets/openhands-logo-white-cxeMkDJA.js HTTP/1.1\" 200", "severity": "INFO", "module": "h11_impl", "funcName": "send", "lineno": 481, "ts": "2026-09-10T14:47:29.503272+00:00"}
{"message": "127.0.0.1:65523 - \"GET /assets/azure-devops-logo-DXPdTsmh.js HTTP/1.1\" 200", "severity": "INFO", "module": "h11_impl", "funcName": "send", "lineno": 481, "ts": "2026-09-10T14:47:29.508050+00:00"}
{"message": "127.0.0.1:49177 - \"GET /assets/utils-BYzDx4ip.js HTTP/1.1\" 200", "severity": "INFO", "module": "h11_impl", "funcName": "send", "lineno": 481, "ts": "2026-09-10T14:47:29.508459+00:00"}
{"message": "127.0.0.1:49179 - \"GET /assets/useTranslation-i1xdxadn.js HTTP/1.1\" 200", "severity": "INFO", "module": "h11_impl", "funcName": "send", "lineno": 481, "ts": "2026-09-10T14:47:29.509217+00:00"}
{"message": "127.0.0.1:49183 - \"GET /assets/login-cta-B8n-JrN9.js HTTP/1.1\" 200", "severity": "INFO", "module": "h11_impl", "funcName": "send", "lineno": 481, "ts": "2026-09-10T14:47:29.510215+00:00"}
{"message": "127.0.0.1:49185 - \"GET /assets/use-app-mode-B54Qx7LS.js HTTP/1.1\" 200", "severity": "INFO", "module": "h11_impl", "funcName": "send", "lineno": 481, "ts": "2026-09-10T14:47:29.510708+00:00"}
{"message": "127.0.0.1:49181 - \"GET /assets/openhands-logo-DilX03Hr.js HTTP/1.1\" 200", "severity": "INFO", "module": "h11_impl", "funcName": "send", "lineno": 481, "ts": "2026-09-10T14:47:29.511487+00:00"}
{"message": "127.0.0.1:65523 - \"GET /assets/modal-backdrop-B5BF9mZF.js HTTP/1.1\" 200", "severity": "INFO", "module": "h11_impl", "funcName": "send", "lineno": 481, "ts": "2026-09-10T14:47:29.515768+00:00"}
{"message": "127.0.0.1:49177 - \"GET /assets/modal-body-C_1-4ovn.js HTTP/1.1\" 200", "severity": "INFO", "module": "h11_impl", "funcName": "send", "lineno": 481, "ts": "2026-09-10T14:47:29.516616+00:00"}
{"message": "127.0.0.1:49185 - \"GET /assets/cross-app-redirect-CA1RAd_9.js HTTP/1.1\" 200", "severity": "INFO", "module": "h11_impl", "funcName": "send", "lineno": 481, "ts": "2026-09-10T14:47:29.517269+00:00"}
{"message": "127.0.0.1:49183 - \"GET /assets/typography-CEll3mgr.js HTTP/1.1\" 200", "severity": "INFO", "module": "h11_impl", "funcName": "send", "lineno": 481, "ts": "2026-09-10T14:47:29.517358+00:00"}
{"message": "127.0.0.1:49179 - \"GET /assets/brand-button-CB2ZqR1E.js HTTP/1.1\" 200", "severity": "INFO", "module": "h11_impl", "funcName": "send", "lineno": 481, "ts": "2026-09-10T14:47:29.517514+00:00"}
{"message": "127.0.0.1:49181 - \"GET /assets/use-auth-capabilities-EIdFh3Uu.js HTTP/1.1\" 200", "severity": "INFO", "module": "h11_impl", "funcName": "send", "lineno": 481, "ts": "2026-09-10T14:47:29.517701+00:00"}
{"message": "127.0.0.1:65523 - \"GET /assets/account-form-D3u4oKV4.js HTTP/1.1\" 200", "severity": "INFO", "module": "h11_impl", "funcName": "send", "lineno": 481, "ts": "2026-09-10T14:47:29.522503+00:00"}
{"message": "127.0.0.1:49177 - \"GET /assets/auth-service.api-DG-mQZWV.js HTTP/1.1\" 200", "severity": "INFO", "module": "h11_impl", "funcName": "send", "lineno": 481, "ts": "2026-09-10T14:47:29.522993+00:00"}
{"message": "127.0.0.1:49185 - \"GET /assets/useMutation-8-YK4bsn.js HTTP/1.1\" 200", "severity": "INFO", "module": "h11_impl", "funcName": "send", "lineno": 481, "ts": "2026-09-10T14:47:29.523697+00:00"}
{"message": "127.0.0.1:49183 - \"GET /assets/iconBase-Dv4KA39o.js HTTP/1.1\" 200", "severity": "INFO", "module": "h11_impl", "funcName": "send", "lineno": 481, "ts": "2026-09-10T14:47:29.523977+00:00"}
{"message": "127.0.0.1:49181 - \"GET /assets/card-BiCf3WY_.js HTTP/1.1\" 200", "severity": "INFO", "module": "h11_impl", "funcName": "send", "lineno": 481, "ts": "2026-09-10T14:47:29.524273+00:00"}
{"message": "127.0.0.1:49179 - \"GET /assets/card-title-DNMudsxn.js HTTP/1.1\" 200", "severity": "INFO", "module": "h11_impl", "funcName": "send", "lineno": 481, "ts": "2026-09-10T14:47:29.524695+00:00"}
{"message": "127.0.0.1:65523 - \"GET /assets/stacked-5ookcZbZ.js HTTP/1.1\" 200", "severity": "INFO", "module": "h11_impl", "funcName": "send", "lineno": 481, "ts": "2026-09-10T14:47:29.527228+00:00"}
{"message": "127.0.0.1:65523 - \"GET /api/auth/capabilities HTTP/1.1\" 200", "severity": "INFO", "module": "h11_impl", "funcName": "send", "lineno": 481, "ts": "2026-09-10T14:47:29.532756+00:00"}
{"message": "127.0.0.1:49181 - \"GET /api/auth/csrf HTTP/1.1\" 200", "severity": "INFO", "module": "h11_impl", "funcName": "send", "lineno": 481, "ts": "2026-09-10T14:47:29.532963+00:00"}
{"message": "127.0.0.1:49181 - \"POST /api/authenticate HTTP/1.1\" 401", "severity": "INFO", "module": "h11_impl", "funcName": "send", "lineno": 481, "ts": "2026-09-10T14:47:29.535719+00:00"}
{"message": "Shutting down", "severity": "INFO", "module": "server", "funcName": "shutdown", "lineno": 272, "ts": "2026-09-10T14:53:33.589334+00:00"}
{"message": "Waiting for application shutdown.", "severity": "INFO", "module": "on", "funcName": "shutdown", "lineno": 67, "ts": "2026-09-10T14:53:33.690967+00:00"}
{"message": "Pool disposed. Pool size: 25  Connections in pool: 0 Current Overflow: -25 Current Checked out connections: 0", "severity": "INFO", "module": "impl", "funcName": "dispose", "lineno": 228, "ts": "2026-09-10T14:53:33.812461+00:00"}
{"message": "Pool recreating", "severity": "INFO", "module": "impl", "funcName": "recreate", "lineno": 203, "ts": "2026-09-10T14:53:33.812564+00:00"}
{"message": "StreamableHTTP session manager shutting down", "severity": "INFO", "module": "streamable_http_manager", "funcName": "run", "lineno": 132, "ts": "2026-09-10T14:53:33.814135+00:00"}
{"message": "Application shutdown complete.", "severity": "INFO", "module": "on", "funcName": "shutdown", "lineno": 76, "ts": "2026-09-10T14:53:33.817000+00:00"}
{"message": "Finished server process [41535]", "severity": "INFO", "module": "server", "funcName": "_serve", "lineno": 102, "color_message": "Finished server process [\u001b[36m%d\u001b[0m]", "ts": "2026-09-10T14:53:33.818075+00:00"}
